Datetime,Open,High,Low,Close,Volume
2022-12-01 09:30:00,67.48999786376953,67.48999786376953,66.87000274658203,67.44999694824219,63255.0
2022-12-01 09:31:00,67.4800033569336,67.9000015258789,67.4800033569336,67.9000015258789,23277.0
2022-12-01 09:32:00,67.87000274658203,67.91999816894531,67.69000244140625,67.80000305175781,14070.0
2022-12-01 09:33:00,67.80999755859375,67.8499984741211,67.5999984741211,67.62000274658203,13038.0
2022-12-01 09:34:00,67.68000030517578,67.68000030517578,67.37000274658203,67.41999816894531,6116.0
2022-12-01 09:35:00,67.44000244140625,67.52999877929688,67.4000015258789,67.4000015258789,18347.0
2022-12-01 09:36:00,67.37000274658203,67.4000015258789,67.20999908447266,67.20999908447266,2258.0
2022-12-01 09:37:00,67.20999908447266,67.20999908447266,67.0,67.08000183105469,21915.0
2022-12-01 09:38:00,67.11000061035156,67.11000061035156,66.81500244140625,66.8499984741211,11366.0
2022-12-01 09:39:00,66.81999969482422,66.81999969482422,66.62999725341797,66.68000030517578,11139.0
2022-12-01 09:40:00,66.7300033569336,66.9800033569336,66.72000122070312,66.91999816894531,12077.0
2022-12-01 09:41:00,66.88500213623047,67.0,66.84500122070312,67.0,4937.0
2022-12-01 09:42:00,66.97000122070312,67.0199966430664,66.88999938964844,66.9000015258789,9705.0
2022-12-01 09:43:00,66.87999725341797,66.87999725341797,66.79000091552734,66.8499984741211,1556.0
2022-12-01 09:44:00,66.8499984741211,66.88999938964844,66.77999877929688,66.81999969482422,7021.0
2022-12-01 09:45:00,66.82250213623047,66.87000274658203,66.80999755859375,66.81999969482422,12458.0
2022-12-01 09:46:00,66.75,66.87000274658203,66.7300033569336,66.87000274658203,4867.0
2022-12-01 09:47:00,66.91000366210938,66.93000030517578,66.83000183105469,66.91000366210938,6626.0
2022-12-01 09:48:00,66.94000244140625,66.95999908447266,66.88999938964844,66.91999816894531,7106.0
2022-12-01 09:49:00,66.94000244140625,67.0,66.94000244140625,66.98999786376953,3479.0
2022-12-01 09:50:00,67.0,67.0,66.875,66.91000366210938,55558.0
2022-12-01 09:51:00,66.88999938964844,66.93000030517578,66.80999755859375,66.87999725341797,113443.0
2022-12-01 09:52:00,66.9000015258789,66.9800033569336,66.87999725341797,66.9800033569336,9839.0
2022-12-01 09:53:00,67.0199966430664,67.08000183105469,67.01000213623047,67.04000091552734,3055.0
2022-12-01 09:54:00,67.01000213623047,67.02999877929688,66.88999938964844,66.91000366210938,4880.0
2022-12-01 09:55:00,66.93000030517578,67.12000274658203,66.93000030517578,67.0999984741211,11509.0
2022-12-01 09:56:00,67.11000061035156,67.11000061035156,67.06999969482422,67.11000061035156,2604.0
2022-12-01 09:57:00,67.11000061035156,67.12999725341797,67.08000183105469,67.12999725341797,4436.0
2022-12-01 09:58:00,67.13839721679688,67.20999908447266,67.13839721679688,67.19640350341797,17450.0
2022-12-01 09:59:00,67.16000366210938,67.18000030517578,67.11000061035156,67.11000061035156,3405.0
2022-12-01 10:00:00,67.18000030517578,67.3499984741211,67.11000061035156,67.11000061035156,17128.0
2022-12-01 10:01:00,67.0999984741211,67.13999938964844,67.0199966430664,67.0199966430664,5851.0
2022-12-01 10:02:00,67.0199966430664,67.06999969482422,66.93000030517578,66.93000030517578,7458.0
2022-12-01 10:03:00,66.95999908447266,67.0199966430664,66.91999816894531,66.94999694824219,5145.0
2022-12-01 10:04:00,66.93000030517578,66.9800033569336,66.93000030517578,66.95999908447266,1974.0
2022-12-01 10:05:00,66.96410369873047,66.96410369873047,66.92500305175781,66.92500305175781,690.0
2022-12-01 10:06:00,66.91999816894531,67.0199966430664,66.87999725341797,66.87999725341797,6272.0
2022-12-01 10:07:00,66.875,66.91000366210938,66.86000061035156,66.91000366210938,3949.0
2022-12-01 10:08:00,66.91000366210938,66.9749984741211,66.91000366210938,66.94000244140625,4376.0
2022-12-01 10:09:00,66.94999694824219,66.97000122070312,66.9000015258789,66.9000015258789,3224.0
2022-12-01 10:10:00,66.88999938964844,66.9000015258789,66.83999633789062,66.86000061035156,10649.0
2022-12-01 10:11:00,66.8499984741211,66.87000274658203,66.77999877929688,66.79000091552734,7372.0
2022-12-01 10:12:00,66.77999877929688,66.79000091552734,66.7300033569336,66.7300033569336,5015.0
2022-12-01 10:13:00,66.76000213623047,66.77999877929688,66.73999786376953,66.75399780273438,2531.0
2022-12-01 10:14:00,66.7300033569336,66.73500061035156,66.68000030517578,66.7300033569336,6787.0
2022-12-01 10:15:00,66.7699966430664,66.77999877929688,66.70999908447266,66.74500274658203,3390.0
2022-12-01 10:16:00,66.74500274658203,66.74500274658203,66.62000274658203,66.62000274658203,5659.0
2022-12-01 10:17:00,66.62000274658203,66.62000274658203,66.53410339355469,66.56999969482422,2980.0
2022-12-01 10:18:00,66.58000183105469,66.58000183105469,66.5199966430664,66.55000305175781,2745.0
2022-12-01 10:19:00,66.55000305175781,66.55999755859375,66.5,66.5,4961.0
2022-12-01 10:20:00,66.4800033569336,66.48999786376953,66.44000244140625,66.44999694824219,11433.0
2022-12-01 10:21:00,66.46499633789062,66.46499633789062,66.37000274658203,66.37000274658203,4845.0
2022-12-01 10:22:00,66.38999938964844,66.48999786376953,66.38999938964844,66.43000030517578,6612.0
2022-12-01 10:23:00,66.41999816894531,66.43000030517578,66.36000061035156,66.43000030517578,4779.0
2022-12-01 10:24:00,66.41000366210938,66.41999816894531,66.36000061035156,66.3729019165039,7814.0
2022-12-01 10:25:00,66.36000061035156,66.37000274658203,66.33999633789062,66.37000274658203,2622.0
2022-12-01 10:26:00,66.37999725341797,66.44999694824219,66.37999725341797,66.44999694824219,5937.0
2022-12-01 10:27:00,66.44499969482422,66.47000122070312,66.44499969482422,66.47000122070312,2078.0
2022-12-01 10:28:00,66.4749984741211,66.54000091552734,66.4749984741211,66.52999877929688,5506.0
2022-12-01 10:29:00,66.5250015258789,66.52999877929688,66.51000213623047,66.51000213623047,5098.0
2022-12-01 10:30:00,66.5281982421875,66.55000305175781,66.44999694824219,66.51000213623047,15950.0
2022-12-01 10:31:00,66.52999877929688,66.55000305175781,66.51000213623047,66.52999877929688,4909.0
2022-12-01 10:32:00,66.5250015258789,66.52999877929688,66.45999908447266,66.45999908447266,11517.0
2022-12-01 10:33:00,66.48999786376953,66.58000183105469,66.4800033569336,66.58000183105469,12199.0
2022-12-01 10:34:00,66.57499694824219,66.63500213623047,66.57499694824219,66.58999633789062,3741.0
2022-12-01 10:35:00,66.58999633789062,66.61000061035156,66.5199966430664,66.54000091552734,13229.0
2022-12-01 10:36:00,66.54000091552734,66.5999984741211,66.54000091552734,66.58499908447266,4020.0
2022-12-01 10:37:00,66.5999984741211,66.66000366210938,66.5999984741211,66.6500015258789,2103.0
2022-12-01 10:38:00,66.65499877929688,66.68499755859375,66.625,66.63999938964844,14416.0
2022-12-01 10:39:00,66.66000366210938,66.70999908447266,66.62999725341797,66.69000244140625,7630.0
2022-12-01 10:40:00,66.69999694824219,66.69999694824219,66.625,66.69499969482422,10707.0
2022-12-01 10:41:00,66.69000244140625,66.76000213623047,66.69000244140625,66.76000213623047,10100.0
2022-12-01 10:42:00,66.7699966430664,66.80000305175781,66.75,66.75,7640.0
2022-12-01 10:43:00,66.76000213623047,66.87000274658203,66.75,66.86000061035156,6441.0
2022-12-01 10:44:00,66.87000274658203,66.87999725341797,66.8499984741211,66.87000274658203,7721.0
2022-12-01 10:45:00,66.86000061035156,66.86499786376953,66.81999969482422,66.86499786376953,8597.0
2022-12-01 10:46:00,66.83999633789062,66.94499969482422,66.82499694824219,66.94499969482422,15606.0
2022-12-01 10:47:00,66.94999694824219,67.01499938964844,66.94999694824219,67.0,12614.0
2022-12-01 10:48:00,67.0,67.02999877929688,66.98999786376953,67.0,38985.0
2022-12-01 10:49:00,67.0,67.05000305175781,66.98999786376953,67.04000091552734,4952.0
2022-12-01 10:50:00,67.05000305175781,67.12999725341797,67.03500366210938,67.12999725341797,5120.0
2022-12-01 10:51:00,67.12999725341797,67.19499969482422,67.0999984741211,67.1500015258789,34997.0
2022-12-01 10:52:00,67.13500213623047,67.13999938964844,67.05999755859375,67.12999725341797,10384.0
2022-12-01 10:53:00,67.11499786376953,67.19000244140625,67.0999984741211,67.19000244140625,21934.0
2022-12-01 10:54:00,67.19000244140625,67.19999694824219,67.08999633789062,67.12000274658203,15298.0
2022-12-01 10:55:00,67.12999725341797,67.12999725341797,67.08999633789062,67.08999633789062,3264.0
2022-12-01 10:56:00,67.11000061035156,67.19999694824219,67.08000183105469,67.19000244140625,6181.0
2022-12-01 10:57:00,67.19000244140625,67.19499969482422,67.13999938964844,67.16500091552734,6004.0
2022-12-01 10:58:00,67.17500305175781,67.22000122070312,67.16000366210938,67.19000244140625,10619.0
2022-12-01 10:59:00,67.19000244140625,67.30000305175781,67.16999816894531,67.2699966430664,13460.0
2022-12-01 11:00:00,67.2699966430664,67.27999877929688,67.20999908447266,67.25499725341797,6689.0
2022-12-01 11:01:00,67.25499725341797,67.2750015258789,67.2300033569336,67.2750015258789,3156.0
2022-12-01 11:02:00,67.2750015258789,67.30000305175781,67.26000213623047,67.29000091552734,5049.0
2022-12-01 11:03:00,67.30000305175781,67.33999633789062,67.2699966430664,67.2699966430664,13309.0
2022-12-01 11:04:00,67.27999877929688,67.33499908447266,67.25,67.26000213623047,8660.0
2022-12-01 11:05:00,67.27999877929688,67.30999755859375,67.26000213623047,67.30000305175781,13918.0
2022-12-01 11:06:00,67.30999755859375,67.30999755859375,67.22000122070312,67.22000122070312,4323.0
2022-12-01 11:07:00,67.2300033569336,67.27999877929688,67.22000122070312,67.27999877929688,2468.0
2022-12-01 11:08:00,67.29000091552734,67.30999755859375,67.2699966430664,67.29000091552734,7246.0
2022-12-01 11:09:00,67.29000091552734,67.31999969482422,67.27999877929688,67.30999755859375,2093.0
2022-12-01 11:10:00,67.30999755859375,67.31999969482422,67.25,67.26000213623047,8295.0
2022-12-01 11:11:00,67.26000213623047,67.29000091552734,67.2300033569336,67.25,7385.0
2022-12-01 11:12:00,67.25,67.25,67.19999694824219,67.22000122070312,3122.0
2022-12-01 11:13:00,67.20500183105469,67.26000213623047,67.19000244140625,67.2300033569336,3896.0
2022-12-01 11:14:00,67.23999786376953,67.27999877929688,67.2300033569336,67.2300033569336,2586.0
2022-12-01 11:15:00,67.22000122070312,67.22000122070312,67.0199966430664,67.0199966430664,45611.0
2022-12-01 11:16:00,67.05000305175781,67.05500030517578,66.94000244140625,67.0,12107.0
2022-12-01 11:17:00,66.98999786376953,67.0199966430664,66.94999694824219,66.95500183105469,8789.0
2022-12-01 11:18:00,66.94000244140625,66.98999786376953,66.88999938964844,66.91000366210938,20323.0
2022-12-01 11:19:00,66.91999816894531,66.99500274658203,66.87000274658203,66.96499633789062,39680.0
2022-12-01 11:20:00,66.94999694824219,66.9800033569336,66.94999694824219,66.9800033569336,2149.0
2022-12-01 11:21:00,66.98999786376953,67.0199966430664,66.98999786376953,67.0,2098.0
2022-12-01 11:22:00,66.98999786376953,66.98999786376953,66.86000061035156,66.87999725341797,29920.0
2022-12-01 11:23:00,66.86000061035156,66.87000274658203,66.86000061035156,66.87000274658203,1312.0
2022-12-01 11:24:00,66.87999725341797,66.87999725341797,66.83769989013672,66.8499984741211,3469.0
2022-12-01 11:25:00,66.83999633789062,66.8499984741211,66.79000091552734,66.8499984741211,2813.0
2022-12-01 11:26:00,66.86000061035156,66.88999938964844,66.83999633789062,66.8499984741211,2790.0
2022-12-01 11:27:00,66.87999725341797,66.88999938964844,66.86000061035156,66.86000061035156,2010.0
2022-12-01 11:28:00,66.8499984741211,66.86000061035156,66.83000183105469,66.8499984741211,3954.0
2022-12-01 11:29:00,66.86000061035156,66.88999938964844,66.86000061035156,66.87999725341797,2388.0
2022-12-01 11:30:00,66.8949966430664,66.9800033569336,66.8949966430664,66.95500183105469,2138.0
2022-12-01 11:31:00,66.95500183105469,66.95500183105469,66.91000366210938,66.93000030517578,3492.0
2022-12-01 11:32:00,66.91999816894531,66.93000030517578,66.91000366210938,66.93000030517578,2408.0
2022-12-01 11:33:00,66.93000030517578,66.93000030517578,66.87999725341797,66.8949966430664,1948.0
2022-12-01 11:34:00,66.91000366210938,66.9800033569336,66.91000366210938,66.9800033569336,2743.0
2022-12-01 11:35:00,66.9800033569336,67.08000183105469,66.97000122070312,67.08000183105469,18034.0
2022-12-01 11:36:00,67.0999984741211,67.1050033569336,67.05000305175781,67.1050033569336,3633.0
2022-12-01 11:37:00,67.08999633789062,67.08999633789062,67.04000091552734,67.04000091552734,3645.0
2022-12-01 11:38:00,67.01000213623047,67.0199966430664,66.97000122070312,66.98999786376953,4086.0
2022-12-01 11:39:00,66.98999786376953,67.04000091552734,66.97000122070312,67.02999877929688,1821.0
2022-12-01 11:40:00,67.03500366210938,67.03500366210938,66.97000122070312,66.97000122070312,2233.0
2022-12-01 11:41:00,66.94499969482422,67.02999877929688,66.94000244140625,67.02999877929688,2087.0
2022-12-01 11:42:00,67.05500030517578,67.05500030517578,67.02999877929688,67.02999877929688,1612.0
2022-12-01 11:43:00,67.0199966430664,67.05000305175781,66.0,67.04989624023438,65614.0
2022-12-01 11:44:00,67.04000091552734,67.04000091552734,66.97000122070312,66.98999786376953,0.0
2022-12-01 11:45:00,67.0,67.0,66.94000244140625,66.94000244140625,3882.0
2022-12-01 11:46:00,66.95999908447266,66.97000122070312,66.94999694824219,66.96499633789062,2161.0
2022-12-01 11:47:00,66.94000244140625,66.94999694824219,66.87000274658203,66.88999938964844,7405.0
2022-12-01 11:48:00,66.87999725341797,66.91999816894531,66.87999725341797,66.88999938964844,4414.0
2022-12-01 11:49:00,66.88999938964844,66.88999938964844,66.87000274658203,66.87000274658203,1656.0
2022-12-01 11:50:00,66.86000061035156,66.91999816894531,66.80000305175781,66.8499984741211,14283.0
2022-12-01 11:51:00,66.86499786376953,66.88999938964844,66.8499984741211,66.8499984741211,5741.0
2022-12-01 11:52:00,66.8499984741211,66.8550033569336,66.81999969482422,66.81999969482422,2292.0
2022-12-01 11:53:00,66.83999633789062,66.9000015258789,66.83000183105469,66.9000015258789,5337.0
2022-12-01 11:54:00,66.88999938964844,66.9000015258789,66.86000061035156,66.86000061035156,3405.0
2022-12-01 11:55:00,66.87000274658203,66.91000366210938,66.87000274658203,66.88999938964844,4835.0
2022-12-01 11:56:00,66.90499877929688,66.97000122070312,66.90499877929688,66.95999908447266,4780.0
2022-12-01 11:57:00,66.94999694824219,66.9800033569336,66.93000030517578,66.95999908447266,2748.0
2022-12-01 11:58:00,66.94999694824219,67.0,66.94999694824219,66.98999786376953,1440.0
2022-12-01 11:59:00,66.9800033569336,66.9800033569336,66.94999694824219,66.94999694824219,1888.0
2022-12-01 12:00:00,66.94000244140625,66.95999908447266,66.92500305175781,66.92500305175781,4161.0
2022-12-01 12:01:00,66.91999816894531,66.91999816894531,66.87000274658203,66.87000274658203,2232.0
2022-12-01 12:02:00,66.87000274658203,66.88999938964844,66.76000213623047,66.76000213623047,35573.0
2022-12-01 12:03:00,66.76000213623047,66.7750015258789,66.7249984741211,66.76000213623047,5820.0
2022-12-01 12:04:00,66.76000213623047,66.76000213623047,66.69999694824219,66.72000122070312,5338.0
2022-12-01 12:05:00,66.71499633789062,66.72000122070312,66.68000030517578,66.69000244140625,6412.0
2022-12-01 12:06:00,66.68000030517578,66.73999786376953,66.66999816894531,66.7300033569336,7322.0
2022-12-01 12:07:00,66.73999786376953,66.75499725341797,66.69999694824219,66.72000122070312,5530.0
2022-12-01 12:08:00,66.72000122070312,66.75,66.72000122070312,66.72000122070312,3947.0
2022-12-01 12:09:00,66.7300033569336,66.73999786376953,66.72000122070312,66.72000122070312,3383.0
2022-12-01 12:10:00,66.72000122070312,66.75,66.69000244140625,66.75,3873.0
2022-12-01 12:11:00,66.76000213623047,66.86000061035156,66.76000213623047,66.8499984741211,12757.0
2022-12-01 12:12:00,66.87000274658203,66.875,66.83000183105469,66.83999633789062,3958.0
2022-12-01 12:13:00,66.83999633789062,66.86000061035156,66.83000183105469,66.86000061035156,5057.0
2022-12-01 12:14:00,66.87000274658203,66.88999938964844,66.87000274658203,66.87000274658203,3372.0
2022-12-01 12:15:00,66.875,66.9000015258789,66.87000274658203,66.9000015258789,2226.0
2022-12-01 12:16:00,66.9000015258789,66.91999816894531,66.9000015258789,66.91000366210938,2150.0
2022-12-01 12:17:00,66.92500305175781,66.92500305175781,66.88999938964844,66.88999938964844,2072.0
2022-12-01 12:18:00,66.9000015258789,66.91999816894531,66.8949966430664,66.90730285644531,4020.0
2022-12-01 12:19:00,66.88999938964844,66.88999938964844,66.84500122070312,66.84500122070312,4025.0
2022-12-01 12:20:00,66.83999633789062,66.86000061035156,66.83999633789062,66.86000061035156,3288.0
2022-12-01 12:21:00,66.87000274658203,66.95999908447266,66.87000274658203,66.95999908447266,3987.0
2022-12-01 12:22:00,66.97000122070312,66.9800033569336,66.94999694824219,66.94999694824219,4201.0
2022-12-01 12:23:00,66.95999908447266,67.0199966430664,66.95999908447266,67.0199966430664,2527.0
2022-12-01 12:24:00,67.02999877929688,67.04000091552734,67.0,67.04000091552734,4300.0
2022-12-01 12:25:00,67.05000305175781,67.0999984741211,67.05000305175781,67.08999633789062,2607.0
2022-12-01 12:26:00,67.0999984741211,67.12999725341797,67.0999984741211,67.12000274658203,2968.0
2022-12-01 12:27:00,67.13999938964844,67.13999938964844,67.12000274658203,67.12999725341797,2454.0
2022-12-01 12:28:00,67.12999725341797,67.13999938964844,67.11000061035156,67.11499786376953,8638.0
2022-12-01 12:29:00,67.11000061035156,67.12000274658203,67.11000061035156,67.11000061035156,6065.0
2022-12-01 12:30:00,67.11000061035156,67.12000274658203,67.08000183105469,67.12000274658203,7825.0
2022-12-01 12:31:00,67.12999725341797,67.20999908447266,67.12000274658203,67.20999908447266,5814.0
2022-12-01 12:32:00,67.19000244140625,67.19999694824219,67.16999816894531,67.19999694824219,19582.0
2022-12-01 12:33:00,67.19999694824219,67.19999694824219,67.13999938964844,67.15499877929688,6147.0
2022-12-01 12:34:00,67.1500015258789,67.16500091552734,67.1500015258789,67.16000366210938,1560.0
2022-12-01 12:35:00,67.16999816894531,67.19000244140625,67.13999938964844,67.13999938964844,7123.0
2022-12-01 12:36:00,67.1500015258789,67.16000366210938,67.12999725341797,67.12999725341797,6514.0
2022-12-01 12:37:00,67.12000274658203,67.12000274658203,67.06999969482422,67.0999984741211,3796.0
2022-12-01 12:38:00,67.08999633789062,67.10099792480469,67.07499694824219,67.09500122070312,5229.0
2022-12-01 12:39:00,67.08999633789062,67.0999984741211,67.08000183105469,67.0999984741211,4200.0
2022-12-01 12:40:00,67.08999633789062,67.11499786376953,67.08000183105469,67.08499908447266,4774.0
2022-12-01 12:41:00,67.08000183105469,67.08000183105469,67.02999877929688,67.02999877929688,3659.0
2022-12-01 12:42:00,67.0199966430664,67.0199966430664,66.97000122070312,66.97869873046875,4144.0
2022-12-01 12:43:00,66.98999786376953,67.01000213623047,66.98999786376953,67.0,4039.0
2022-12-01 12:44:00,67.0,67.01499938964844,67.0,67.01499938964844,2184.0
2022-12-01 12:45:00,67.0199966430664,67.04000091552734,67.0199966430664,67.04000091552734,9762.0
2022-12-01 12:46:00,67.05000305175781,67.05000305175781,67.0199966430664,67.02999877929688,4082.0
2022-12-01 12:47:00,67.02999877929688,67.06500244140625,67.02999877929688,67.05000305175781,3628.0
2022-12-01 12:48:00,67.05000305175781,67.08000183105469,67.04000091552734,67.06999969482422,4364.0
2022-12-01 12:49:00,67.08000183105469,67.08000183105469,67.03500366210938,67.03500366210938,6769.0
2022-12-01 12:50:00,67.04000091552734,67.06999969482422,67.03500366210938,67.06999969482422,5761.0
2022-12-01 12:51:00,67.06999969482422,67.08999633789062,67.05000305175781,67.08000183105469,10169.0
2022-12-01 12:52:00,67.06999969482422,67.0999984741211,67.06999969482422,67.0999984741211,4378.0
2022-12-01 12:53:00,67.11000061035156,67.11000061035156,67.06999969482422,67.07499694824219,8415.0
2022-12-01 12:54:00,67.06999969482422,67.08499908447266,67.06099700927734,67.06099700927734,3953.0
2022-12-01 12:55:00,67.06999969482422,67.1050033569336,67.03500366210938,67.03500366210938,9627.0
2022-12-01 12:56:00,67.01000213623047,67.0250015258789,67.00499725341797,67.00499725341797,2753.0
2022-12-01 12:57:00,66.98999786376953,67.01000213623047,66.96099853515625,66.97000122070312,4944.0
2022-12-01 12:58:00,66.97000122070312,67.0,66.97000122070312,66.98500061035156,4615.0
2022-12-01 12:59:00,66.9800033569336,67.0,66.96099853515625,67.0,4322.0
2022-12-01 13:00:00,67.0,67.04000091552734,67.0,67.03500366210938,7675.0
2022-12-01 13:01:00,67.02999877929688,67.02999877929688,66.94999694824219,66.95999908447266,4376.0
2022-12-01 13:02:00,66.97000122070312,66.98500061035156,66.96499633789062,66.97000122070312,4613.0
2022-12-01 13:03:00,66.95999908447266,66.9749984741211,66.88999938964844,66.88999938964844,5263.0
2022-12-01 13:04:00,66.88999938964844,66.91000366210938,66.87999725341797,66.88999938964844,7334.0
2022-12-01 13:05:00,66.9000015258789,66.94000244140625,66.86000061035156,66.92500305175781,10975.0
2022-12-01 13:06:00,66.93000030517578,66.94000244140625,66.9000015258789,66.91500091552734,4235.0
2022-12-01 13:07:00,66.88999938964844,66.88999938964844,66.86000061035156,66.88569641113281,4127.0
2022-12-01 13:08:00,66.87999725341797,66.88500213623047,66.87000274658203,66.875,1773.0
2022-12-01 13:09:00,66.875,66.87999725341797,66.86000061035156,66.86499786376953,4843.0
2022-12-01 13:10:00,66.87000274658203,66.92500305175781,66.87000274658203,66.91999816894531,6469.0
2022-12-01 13:11:00,66.91500091552734,66.92400360107422,66.88999938964844,66.88999938964844,4632.0
2022-12-01 13:12:00,66.9000015258789,66.90499877929688,66.88999938964844,66.89099884033203,2227.0
2022-12-01 13:13:00,66.88999938964844,66.88999938964844,66.86499786376953,66.86499786376953,3289.0
2022-12-01 13:14:00,66.86000061035156,66.88999938964844,66.83499908447266,66.83999633789062,5928.0
2022-12-01 13:15:00,66.8499984741211,66.8499984741211,66.81099700927734,66.83000183105469,4026.0
2022-12-01 13:16:00,66.82499694824219,66.83999633789062,66.80000305175781,66.80000305175781,5309.0
2022-12-01 13:17:00,66.79000091552734,66.83000183105469,66.79000091552734,66.80999755859375,4833.0
2022-12-01 13:18:00,66.80999755859375,66.80999755859375,66.73999786376953,66.75,10301.0
2022-12-01 13:19:00,66.73999786376953,66.77999877929688,66.73999786376953,66.75,4994.0
2022-12-01 13:20:00,66.7699966430664,66.7699966430664,66.73999786376953,66.73999786376953,2420.0
2022-12-01 13:21:00,66.73999786376953,66.77249908447266,66.73999786376953,66.7699966430664,4324.0
2022-12-01 13:22:00,66.77999877929688,66.80000305175781,66.77999877929688,66.77999877929688,3685.0
2022-12-01 13:23:00,66.79000091552734,66.80000305175781,66.77999877929688,66.80000305175781,4246.0
2022-12-01 13:24:00,66.81999969482422,66.83000183105469,66.80000305175781,66.81999969482422,2882.0
2022-12-01 13:25:00,66.80999755859375,66.8208999633789,66.80000305175781,66.80999755859375,3179.0
2022-12-01 13:26:00,66.81099700927734,66.81999969482422,66.79499816894531,66.79499816894531,2436.0
2022-12-01 13:27:00,66.81999969482422,66.81999969482422,66.80000305175781,66.80000305175781,2986.0
2022-12-01 13:28:00,66.79000091552734,66.79000091552734,66.7699966430664,66.7699966430664,4728.0
2022-12-01 13:29:00,66.76000213623047,66.76000213623047,66.7300033569336,66.73999786376953,5260.0
2022-12-01 13:30:00,66.7300033569336,66.75,66.7300033569336,66.75,2515.0
2022-12-01 13:31:00,66.76000213623047,66.77999877929688,66.76000213623047,66.76000213623047,3845.0
2022-12-01 13:32:00,66.7699966430664,66.79000091552734,66.7699966430664,66.77999877929688,3180.0
2022-12-01 13:33:00,66.76000213623047,66.76000213623047,66.68000030517578,66.69000244140625,5247.0
2022-12-01 13:34:00,66.69999694824219,66.70999908447266,66.69999694824219,66.69999694824219,3440.0
2022-12-01 13:35:00,66.70999908447266,66.72000122070312,66.69999694824219,66.7040023803711,4261.0
2022-12-01 13:36:00,66.70999908447266,66.72000122070312,66.69999694824219,66.70999908447266,2101.0
2022-12-01 13:37:00,66.69999694824219,66.69999694824219,66.68000030517578,66.69999694824219,5189.0
2022-12-01 13:38:00,66.69999694824219,66.7300033569336,66.69999694824219,66.70999908447266,5497.0
2022-12-01 13:39:00,66.70999908447266,66.71089935302734,66.66000366210938,66.66000366210938,4691.0
2022-12-01 13:40:00,66.66999816894531,66.69000244140625,66.66999816894531,66.69000244140625,3090.0
2022-12-01 13:41:00,66.69000244140625,66.70800018310547,66.68000030517578,66.69999694824219,5667.0
2022-12-01 13:42:00,66.70999908447266,66.75,66.70999908447266,66.75,4263.0
2022-12-01 13:43:00,66.75,66.7699966430664,66.75,66.76499938964844,2420.0
2022-12-01 13:44:00,66.76000213623047,66.77999877929688,66.76000213623047,66.76589965820312,1245.0
2022-12-01 13:45:00,66.76000213623047,66.76000213623047,66.7249984741211,66.7249984741211,3441.0
2022-12-01 13:46:00,66.77100372314453,66.77100372314453,66.76000213623047,66.76000213623047,7709.0
2022-12-01 13:47:00,66.7699966430664,66.7699966430664,66.73999786376953,66.73999786376953,4353.0
2022-12-01 13:48:00,66.73999786376953,66.75499725341797,66.73999786376953,66.75499725341797,3055.0
2022-12-01 13:49:00,66.74099731445312,66.74099731445312,66.72000122070312,66.72000122070312,1396.0
2022-12-01 13:50:00,66.72000122070312,66.73999786376953,66.69000244140625,66.73999786376953,5384.0
2022-12-01 13:51:00,66.74500274658203,66.76000213623047,66.70999908447266,66.7300033569336,4459.0
2022-12-01 13:52:00,66.74500274658203,66.7699966430664,66.73500061035156,66.7699966430664,5926.0
2022-12-01 13:53:00,66.77999877929688,66.77999877929688,66.75,66.76129913330078,8993.0
2022-12-01 13:54:00,66.73999786376953,66.74099731445312,66.69000244140625,66.69000244140625,3258.0
2022-12-01 13:55:00,66.66999816894531,66.70999908447266,66.6500015258789,66.70999908447266,5913.0
2022-12-01 13:56:00,66.69999694824219,66.70500183105469,66.69000244140625,66.69999694824219,3196.0
2022-12-01 13:57:00,66.70999908447266,66.72000122070312,66.69999694824219,66.69999694824219,1970.0
2022-12-01 13:58:00,66.69000244140625,66.71859741210938,66.68000030517578,66.70999908447266,9401.0
2022-12-01 13:59:00,66.72000122070312,66.7300033569336,66.70999908447266,66.70999908447266,4619.0
2022-12-01 14:00:00,66.72000122070312,66.7300033569336,66.68000030517578,66.69000244140625,4087.0
2022-12-01 14:01:00,66.68830108642578,66.69000244140625,66.6500015258789,66.6500015258789,4353.0
2022-12-01 14:02:00,66.6500015258789,66.6500015258789,66.5999984741211,66.63999938964844,4230.0
2022-12-01 14:03:00,66.63999938964844,66.6500015258789,66.61000061035156,66.62100219726562,3533.0
2022-12-01 14:04:00,66.61000061035156,66.61000061035156,66.55500030517578,66.55500030517578,2873.0
2022-12-01 14:05:00,66.54000091552734,66.55999755859375,66.5199966430664,66.55999755859375,5079.0
2022-12-01 14:06:00,66.56500244140625,66.56999969482422,66.54000091552734,66.54499816894531,2825.0
2022-12-01 14:07:00,66.54000091552734,66.55000305175781,66.52999877929688,66.54630279541016,3755.0
2022-12-01 14:08:00,66.54000091552734,66.55000305175781,66.51499938964844,66.5199966430664,4163.0
2022-12-01 14:09:00,66.54000091552734,66.54000091552734,66.52999877929688,66.53500366210938,3370.0
2022-12-01 14:10:00,66.54000091552734,66.56500244140625,66.54000091552734,66.55000305175781,4923.0
2022-12-01 14:11:00,66.54000091552734,66.54000091552734,66.5199966430664,66.52999877929688,4941.0
2022-12-01 14:12:00,66.5199966430664,66.55000305175781,66.5,66.54499816894531,8047.0
2022-12-01 14:13:00,66.54000091552734,66.55000305175781,66.52999877929688,66.55000305175781,3078.0
2022-12-01 14:14:00,66.54499816894531,66.56999969482422,66.54000091552734,66.56500244140625,6187.0
2022-12-01 14:15:00,66.56999969482422,66.56999969482422,66.55000305175781,66.55999755859375,4489.0
2022-12-01 14:16:00,66.56999969482422,66.5999984741211,66.56999969482422,66.58999633789062,5668.0
2022-12-01 14:17:00,66.58999633789062,66.5999984741211,66.58000183105469,66.59100341796875,3592.0
2022-12-01 14:18:00,66.58999633789062,66.61000061035156,66.58999633789062,66.61000061035156,3755.0
2022-12-01 14:19:00,66.5999984741211,66.62000274658203,66.59500122070312,66.62000274658203,8725.0
2022-12-01 14:20:00,66.61000061035156,66.61499786376953,66.58999633789062,66.5999984741211,7137.0
2022-12-01 14:21:00,66.59500122070312,66.5999984741211,66.57499694824219,66.57499694824219,7753.0
2022-12-01 14:22:00,66.56999969482422,66.57499694824219,66.5,66.51000213623047,6781.0
2022-12-01 14:23:00,66.5199966430664,66.52999877929688,66.5000991821289,66.51000213623047,4649.0
2022-12-01 14:24:00,66.5,66.52999877929688,66.5,66.52999877929688,4765.0
2022-12-01 14:25:00,66.54000091552734,66.56690216064453,66.54000091552734,66.56690216064453,4637.0
2022-12-01 14:26:00,66.56999969482422,66.5999984741211,66.55999755859375,66.58999633789062,5302.0
2022-12-01 14:27:00,66.58000183105469,66.58000183105469,66.55999755859375,66.56999969482422,5302.0
2022-12-01 14:28:00,66.58000183105469,66.63999938964844,66.57499694824219,66.63999938964844,6328.0
2022-12-01 14:29:00,66.62999725341797,66.63999938964844,66.62999725341797,66.63500213623047,2680.0
2022-12-01 14:30:00,66.63500213623047,66.68000030517578,66.62000274658203,66.66000366210938,13454.0
2022-12-01 14:31:00,66.6500015258789,66.70999908447266,66.6500015258789,66.69000244140625,5462.0
2022-12-01 14:32:00,66.68000030517578,66.69999694824219,66.6709976196289,66.69999694824219,4037.0
2022-12-01 14:33:00,66.69999694824219,66.72000122070312,66.66999816894531,66.6709976196289,5478.0
2022-12-01 14:34:00,66.68000030517578,66.68000030517578,66.66999816894531,66.6709976196289,2858.0
2022-12-01 14:35:00,66.66999816894531,66.66999816894531,66.63500213623047,66.6500015258789,6002.0
2022-12-01 14:36:00,66.63999938964844,66.63999938964844,66.62000274658203,66.62000274658203,4442.0
2022-12-01 14:37:00,66.61000061035156,66.62000274658203,66.5999984741211,66.61000061035156,5578.0
2022-12-01 14:38:00,66.61499786376953,66.61499786376953,66.5999984741211,66.61000061035156,2676.0
2022-12-01 14:39:00,66.62000274658203,66.62999725341797,66.62000274658203,66.62000274658203,3202.0
2022-12-01 14:40:00,66.62000274658203,66.63999938964844,66.61000061035156,66.62000274658203,4445.0
2022-12-01 14:41:00,66.62000274658203,66.63999938964844,66.62000274658203,66.63999938964844,4025.0
2022-12-01 14:42:00,66.6500015258789,66.6500015258789,66.62999725341797,66.63500213623047,5733.0
2022-12-01 14:43:00,66.63999938964844,66.63999938964844,66.62999725341797,66.63500213623047,2986.0
2022-12-01 14:44:00,66.63999938964844,66.63999938964844,66.61000061035156,66.61000061035156,4840.0
2022-12-01 14:45:00,66.6050033569336,66.61000061035156,66.58499908447266,66.61000061035156,9361.0
2022-12-01 14:46:00,66.66999816894531,66.67500305175781,66.66000366210938,66.66000366210938,1749.0
2022-12-01 14:47:00,66.66500091552734,66.69000244140625,66.65499877929688,66.66000366210938,7207.0
2022-12-01 14:48:00,66.66000366210938,66.68000030517578,66.6500015258789,66.6500015258789,3903.0
2022-12-01 14:49:00,66.63999938964844,66.66500091552734,66.625,66.66500091552734,5642.0
2022-12-01 14:50:00,66.66500091552734,66.66999816894531,66.66000366210938,66.66999816894531,2730.0
2022-12-01 14:51:00,66.68000030517578,66.72000122070312,66.68000030517578,66.69999694824219,6624.0
2022-12-01 14:52:00,66.70099639892578,66.70999908447266,66.68499755859375,66.68499755859375,3654.0
2022-12-01 14:53:00,66.69000244140625,66.7300033569336,66.69000244140625,66.7249984741211,4337.0
2022-12-01 14:54:00,66.72000122070312,66.72000122070312,66.69000244140625,66.69000244140625,6525.0
2022-12-01 14:55:00,66.69100189208984,66.71499633789062,66.67500305175781,66.68000030517578,7771.0
2022-12-01 14:56:00,66.66999816894531,66.66999816894531,66.63999938964844,66.66000366210938,4880.0
2022-12-01 14:57:00,66.66000366210938,66.66999816894531,66.61000061035156,66.6449966430664,7322.0
2022-12-01 14:58:00,66.6500015258789,66.66000366210938,66.62999725341797,66.66000366210938,4469.0
2022-12-01 14:59:00,66.66100311279297,66.66999816894531,66.6500015258789,66.66999816894531,3196.0
2022-12-01 15:00:00,66.68000030517578,66.70999908447266,66.66999816894531,66.70999908447266,3760.0
2022-12-01 15:01:00,66.70099639892578,66.7300033569336,66.69999694824219,66.72000122070312,7476.0
2022-12-01 15:02:00,66.72000122070312,66.7300033569336,66.69999694824219,66.70500183105469,5075.0
2022-12-01 15:03:00,66.69999694824219,66.72000122070312,66.69999694824219,66.72000122070312,4214.0
2022-12-01 15:04:00,66.72000122070312,66.75,66.71099853515625,66.75,4053.0
2022-12-01 15:05:00,66.73999786376953,66.76000213623047,66.7300033569336,66.7300033569336,6180.0
2022-12-01 15:06:00,66.72000122070312,66.7699966430664,66.72000122070312,66.76000213623047,4327.0
2022-12-01 15:07:00,66.75,66.77999877929688,66.75,66.77999877929688,5126.0
2022-12-01 15:08:00,66.7750015258789,66.80999755859375,66.7750015258789,66.80000305175781,4580.0
2022-12-01 15:09:00,66.79499816894531,66.79499816894531,66.76000213623047,66.76000213623047,7030.0
2022-12-01 15:10:00,66.7300033569336,66.73999786376953,66.72000122070312,66.7300033569336,2588.0
2022-12-01 15:11:00,66.73999786376953,66.73999786376953,66.72000122070312,66.73500061035156,6840.0
2022-12-01 15:12:00,66.73999786376953,66.82499694824219,66.73999786376953,66.80999755859375,21659.0
2022-12-01 15:13:00,66.80999755859375,66.80999755859375,66.79000091552734,66.79499816894531,9329.0
2022-12-01 15:14:00,66.79000091552734,66.80000305175781,66.71499633789062,66.7249984741211,9217.0
2022-12-01 15:15:00,66.7249984741211,66.77999877929688,66.7249984741211,66.7699966430664,7483.0
2022-12-01 15:16:00,66.76249694824219,66.7750015258789,66.76000213623047,66.76000213623047,5974.0
2022-12-01 15:17:00,66.76499938964844,66.82499694824219,66.76499938964844,66.82499694824219,12004.0
2022-12-01 15:18:00,66.82499694824219,66.83000183105469,66.76249694824219,66.76499938964844,27214.0
2022-12-01 15:19:00,66.76000213623047,66.80000305175781,66.76000213623047,66.80000305175781,12598.0
2022-12-01 15:20:00,66.80000305175781,66.86000061035156,66.79499816894531,66.8499984741211,9954.0
2022-12-01 15:21:00,66.8499984741211,66.86000061035156,66.83000183105469,66.83999633789062,10045.0
2022-12-01 15:22:00,66.8499984741211,66.88500213623047,66.83999633789062,66.86000061035156,5827.0
2022-12-01 15:23:00,66.8499984741211,66.87000274658203,66.83999633789062,66.86000061035156,5720.0
2022-12-01 15:24:00,66.86000061035156,66.86499786376953,66.8499984741211,66.86000061035156,4857.0
2022-12-01 15:25:00,66.86000061035156,66.875,66.83000183105469,66.8313980102539,16195.0
2022-12-01 15:26:00,66.83999633789062,66.87000274658203,66.83999633789062,66.86000061035156,5670.0
2022-12-01 15:27:00,66.86000061035156,66.87000274658203,66.80000305175781,66.80000305175781,7030.0
2022-12-01 15:28:00,66.80999755859375,66.80999755859375,66.80000305175781,66.80999755859375,3140.0
2022-12-01 15:29:00,66.80500030517578,66.80500030517578,66.79000091552734,66.79100036621094,3829.0
2022-12-01 15:30:00,66.79000091552734,66.80000305175781,66.77999877929688,66.80000305175781,6131.0
2022-12-01 15:31:00,66.80000305175781,66.81999969482422,66.79499816894531,66.81500244140625,6877.0
2022-12-01 15:32:00,66.81999969482422,66.84500122070312,66.81999969482422,66.83000183105469,8529.0
2022-12-01 15:33:00,66.81999969482422,66.81999969482422,66.80500030517578,66.81500244140625,4345.0
2022-12-01 15:34:00,66.81500244140625,66.8499984741211,66.81500244140625,66.84500122070312,7927.0
2022-12-01 15:35:00,66.8499984741211,66.875,66.83999633789062,66.83999633789062,14159.0
2022-12-01 15:36:00,66.84500122070312,66.87000274658203,66.84500122070312,66.86499786376953,3834.0
2022-12-01 15:37:00,66.87999725341797,66.91000366210938,66.875,66.91000366210938,7131.0
2022-12-01 15:38:00,66.90499877929688,66.90499877929688,66.87999725341797,66.88500213623047,10760.0
2022-12-01 15:39:00,66.87999725341797,66.8949966430664,66.875,66.8949966430664,6176.0
2022-12-01 15:40:00,66.8949966430664,66.90499877929688,66.8499984741211,66.86000061035156,6065.0
2022-12-01 15:41:00,66.8550033569336,66.86000061035156,66.84400177001953,66.8550033569336,8749.0
2022-12-01 15:42:00,66.86000061035156,66.87999725341797,66.8550033569336,66.875,9456.0
2022-12-01 15:43:00,66.875,66.91999816894531,66.86000061035156,66.91500091552734,20593.0
2022-12-01 15:44:00,66.91000366210938,66.94000244140625,66.90499877929688,66.93499755859375,10184.0
2022-12-01 15:45:00,66.93499755859375,66.94999694824219,66.9000015258789,66.90499877929688,14667.0
2022-12-01 15:46:00,66.88500213623047,66.88500213623047,66.86000061035156,66.87000274658203,20004.0
2022-12-01 15:47:00,66.87000274658203,66.875,66.8550033569336,66.875,9542.0
2022-12-01 15:48:00,66.87000274658203,66.875,66.83999633789062,66.8550033569336,12362.0
2022-12-01 15:49:00,66.8499984741211,66.875,66.84500122070312,66.87000274658203,13499.0
2022-12-01 15:50:00,66.87999725341797,66.98999786376953,66.87999725341797,66.9800033569336,25611.0
2022-12-01 15:51:00,66.98999786376953,67.01000213623047,66.95500183105469,66.95500183105469,18302.0
2022-12-01 15:52:00,66.95500183105469,66.96499633789062,66.91999816894531,66.91999816894531,19527.0
2022-12-01 15:53:00,66.92500305175781,66.93000030517578,66.91000366210938,66.91500091552734,17844.0
2022-12-01 15:54:00,66.91999816894531,66.91999816894531,66.87000274658203,66.87000274658203,26369.0
2022-12-01 15:55:00,66.87000274658203,66.87000274658203,66.82499694824219,66.83499908447266,41044.0
2022-12-01 15:56:00,66.83499908447266,66.87000274658203,66.83000183105469,66.83999633789062,31076.0
2022-12-01 15:57:00,66.83999633789062,66.90499877929688,66.83000183105469,66.8949966430664,34047.0
2022-12-01 15:58:00,66.88999938964844,66.9000015258789,66.87000274658203,66.87999725341797,58056.0
2022-12-01 15:59:00,66.87999725341797,66.93000030517578,66.87000274658203,66.9000015258789,68588.0
2022-12-02 09:30:00,66.41999816894531,66.70999908447266,66.19499969482422,66.70999908447266,56016.0
2022-12-02 09:31:00,66.71499633789062,66.91000366210938,66.66000366210938,66.80999755859375,25271.0
2022-12-02 09:32:00,66.80999755859375,66.87999725341797,66.69999694824219,66.86000061035156,22970.0
2022-12-02 09:33:00,66.83499908447266,66.9000015258789,66.52999877929688,66.57499694824219,43330.0
2022-12-02 09:34:00,66.61000061035156,66.80999755859375,66.51000213623047,66.80500030517578,24797.0
2022-12-02 09:35:00,66.80000305175781,66.87999725341797,66.7699966430664,66.83499908447266,25050.0
2022-12-02 09:36:00,66.83999633789062,67.01000213623047,66.81999969482422,66.88999938964844,30101.0
2022-12-02 09:37:00,66.87999725341797,67.15499877929688,66.87999725341797,67.11000061035156,32668.0
2022-12-02 09:38:00,67.12999725341797,67.27999877929688,67.06999969482422,67.27999877929688,11463.0
2022-12-02 09:39:00,67.27999877929688,67.27999877929688,67.12000274658203,67.16999816894531,16498.0
2022-12-02 09:40:00,67.14949798583984,67.26000213623047,67.12999725341797,67.20999908447266,22362.0
2022-12-02 09:41:00,67.19999694824219,67.33000183105469,67.16999816894531,67.2249984741211,12748.0
2022-12-02 09:42:00,67.18000030517578,67.18000030517578,67.01000213623047,67.1500015258789,16355.0
2022-12-02 09:43:00,67.15499877929688,67.28500366210938,67.125,67.26000213623047,10507.0
2022-12-02 09:44:00,67.2750015258789,67.31999969482422,67.25499725341797,67.29000091552734,15531.0
2022-12-02 09:45:00,67.2699966430664,67.2699966430664,67.05500030517578,67.0999984741211,16421.0
2022-12-02 09:46:00,67.01000213623047,67.0250015258789,66.91000366210938,66.93000030517578,29163.0
2022-12-02 09:47:00,66.87999725341797,67.01000213623047,66.87999725341797,66.98999786376953,8180.0
2022-12-02 09:48:00,67.0199966430664,67.0199966430664,66.9000015258789,66.9000015258789,8194.0
2022-12-02 09:49:00,66.90499877929688,66.9800033569336,66.81999969482422,66.97000122070312,6083.0
2022-12-02 09:50:00,66.95999908447266,67.08999633789062,66.91999816894531,67.08999633789062,11956.0
2022-12-02 09:51:00,67.05000305175781,67.05000305175781,66.91999816894531,66.91999816894531,7101.0
2022-12-02 09:52:00,66.91500091552734,66.94999694824219,66.87999725341797,66.91999816894531,19513.0
2022-12-02 09:53:00,66.8499984741211,66.93000030517578,66.8499984741211,66.87000274658203,6730.0
2022-12-02 09:54:00,66.87999725341797,66.88999938964844,66.81999969482422,66.81999969482422,11265.0
2022-12-02 09:55:00,66.8499984741211,67.0199966430664,66.8499984741211,67.0199966430664,8078.0
2022-12-02 09:56:00,67.05999755859375,67.06999969482422,66.94999694824219,66.98500061035156,4218.0
2022-12-02 09:57:00,66.97000122070312,67.05999755859375,66.95999908447266,66.96839904785156,31979.0
2022-12-02 09:58:00,66.94999694824219,67.19000244140625,66.94999694824219,67.18000030517578,14622.0
2022-12-02 09:59:00,67.19999694824219,67.29000091552734,67.19999694824219,67.23999786376953,7935.0
2022-12-02 10:00:00,67.23999786376953,67.45999908447266,67.23999786376953,67.44000244140625,17738.0
2022-12-02 10:01:00,67.45999908447266,67.62000274658203,67.44999694824219,67.58999633789062,18377.0
2022-12-02 10:02:00,67.61000061035156,67.625,67.47000122070312,67.48500061035156,20657.0
2022-12-02 10:03:00,67.5,67.61000061035156,67.3499984741211,67.4000015258789,19140.0
2022-12-02 10:04:00,67.38999938964844,67.43000030517578,67.3499984741211,67.36499786376953,5642.0
2022-12-02 10:05:00,67.38999938964844,67.5824966430664,67.38999938964844,67.5250015258789,18706.0
2022-12-02 10:06:00,67.52999877929688,67.54000091552734,67.48999786376953,67.5199966430664,11650.0
2022-12-02 10:07:00,67.54000091552734,67.67500305175781,67.51000213623047,67.58999633789062,23915.0
2022-12-02 10:08:00,67.59500122070312,67.5999984741211,67.5,67.5,6491.0
2022-12-02 10:09:00,67.51499938964844,67.63999938964844,67.4800033569336,67.62999725341797,10443.0
2022-12-02 10:10:00,67.62000274658203,67.69999694824219,67.58999633789062,67.6500015258789,17005.0
2022-12-02 10:11:00,67.66000366210938,67.7249984741211,67.5999984741211,67.5999984741211,13906.0
2022-12-02 10:12:00,67.58000183105469,67.63999938964844,67.54740142822266,67.62999725341797,6270.0
2022-12-02 10:13:00,67.62000274658203,67.71499633789062,67.5999984741211,67.71499633789062,9703.0
2022-12-02 10:14:00,67.71499633789062,67.75,67.69999694824219,67.7249984741211,5152.0
2022-12-02 10:15:00,67.7249984741211,67.74500274658203,67.63999938964844,67.6500015258789,5453.0
2022-12-02 10:16:00,67.63500213623047,67.69999694824219,67.55000305175781,67.55000305175781,10652.0
2022-12-02 10:17:00,67.54000091552734,67.55000305175781,67.44000244140625,67.44000244140625,6031.0
2022-12-02 10:18:00,67.43000030517578,67.4749984741211,67.4000015258789,67.44999694824219,9005.0
2022-12-02 10:19:00,67.44000244140625,67.45500183105469,67.41000366210938,67.45500183105469,14465.0
2022-12-02 10:20:00,67.44999694824219,67.5,67.41999816894531,67.45500183105469,9557.0
2022-12-02 10:21:00,67.45500183105469,67.4800033569336,67.37000274658203,67.37000274658203,7013.0
2022-12-02 10:22:00,67.37000274658203,67.45999908447266,67.33000183105469,67.44999694824219,26993.0
2022-12-02 10:23:00,67.45999908447266,67.58000183105469,67.44000244140625,67.55500030517578,19251.0
2022-12-02 10:24:00,67.55500030517578,67.63999938964844,67.5199966430664,67.63500213623047,33103.0
2022-12-02 10:25:00,67.62999725341797,67.70500183105469,67.58000183105469,67.69999694824219,10441.0
2022-12-02 10:26:00,67.69000244140625,67.69000244140625,67.63999938964844,67.6500015258789,7658.0
2022-12-02 10:27:00,67.66000366210938,67.66000366210938,67.61000061035156,67.62999725341797,4698.0
2022-12-02 10:28:00,67.63999938964844,67.63999938964844,67.52999877929688,67.55999755859375,17737.0
2022-12-02 10:29:00,67.55999755859375,67.62000274658203,67.5,67.62000274658203,9487.0
2022-12-02 10:30:00,67.62999725341797,67.62999725341797,67.56999969482422,67.61000061035156,11888.0
2022-12-02 10:31:00,67.62999725341797,67.66000366210938,67.61000061035156,67.6500015258789,5864.0
2022-12-02 10:32:00,67.66000366210938,67.72000122070312,67.66000366210938,67.69499969482422,11860.0
2022-12-02 10:33:00,67.70999908447266,67.7300033569336,67.69999694824219,67.72000122070312,6418.0
2022-12-02 10:34:00,67.69999694824219,67.87000274658203,67.68000030517578,67.86499786376953,12098.0
2022-12-02 10:35:00,67.875,67.875,67.69000244140625,67.69999694824219,8681.0
2022-12-02 10:36:00,67.7300033569336,67.80999755859375,67.5999984741211,67.62999725341797,8613.0
2022-12-02 10:37:00,67.63999938964844,67.73500061035156,67.63999938964844,67.73500061035156,10003.0
2022-12-02 10:38:00,67.72000122070312,67.7300033569336,67.63999938964844,67.72000122070312,5767.0
2022-12-02 10:39:00,67.73999786376953,67.74500274658203,67.69000244140625,67.7300033569336,3546.0
2022-12-02 10:40:00,67.69999694824219,67.75,67.68000030517578,67.75,5562.0
2022-12-02 10:41:00,67.74019622802734,67.76000213623047,67.7300033569336,67.76000213623047,4108.0
2022-12-02 10:42:00,67.7699966430664,67.79000091552734,67.71749877929688,67.71749877929688,4749.0
2022-12-02 10:43:00,67.7300033569336,67.77999877929688,67.7300033569336,67.7699966430664,6795.0
2022-12-02 10:44:00,67.77999877929688,67.88999938964844,67.76000213623047,67.87000274658203,35250.0
2022-12-02 10:45:00,67.87000274658203,67.87000274658203,67.79000091552734,67.80500030517578,20006.0
2022-12-02 10:46:00,67.80999755859375,67.80999755859375,67.77999877929688,67.80999755859375,2847.0
2022-12-02 10:47:00,67.81999969482422,67.9000015258789,67.81999969482422,67.88999938964844,4184.0
2022-12-02 10:48:00,67.88500213623047,67.88500213623047,67.73999786376953,67.75,9587.0
2022-12-02 10:49:00,67.76499938964844,67.83499908447266,67.75,67.83499908447266,5800.0
2022-12-02 10:50:00,67.82499694824219,67.83999633789062,67.80999755859375,67.81999969482422,7877.0
2022-12-02 10:51:00,67.80999755859375,67.8499984741211,67.77999877929688,67.8499984741211,7102.0
2022-12-02 10:52:00,67.83999633789062,68.05000305175781,67.83999633789062,68.0199966430664,22375.0
2022-12-02 10:53:00,68.05000305175781,68.06999969482422,67.98999786376953,68.02999877929688,22942.0
2022-12-02 10:54:00,68.02999877929688,68.05000305175781,67.9800033569336,68.0250015258789,11385.0
2022-12-02 10:55:00,68.0250015258789,68.02999877929688,67.95500183105469,67.95500183105469,15290.0
2022-12-02 10:56:00,67.95500183105469,67.95500183105469,67.77999877929688,67.77999877929688,5640.0
2022-12-02 10:57:00,67.77999877929688,67.83000183105469,67.77999877929688,67.77999877929688,6635.0
2022-12-02 10:58:00,67.77330017089844,67.86000061035156,67.7699966430664,67.84500122070312,8564.0
2022-12-02 10:59:00,67.84750366210938,67.87999725341797,67.84500122070312,67.8499984741211,5809.0
2022-12-02 11:00:00,67.8499984741211,67.87000274658203,67.83000183105469,67.83999633789062,13188.0
2022-12-02 11:01:00,67.80999755859375,67.87000274658203,67.80000305175781,67.86000061035156,9103.0
2022-12-02 11:02:00,67.87000274658203,67.91000366210938,67.8499984741211,67.8949966430664,7386.0
2022-12-02 11:03:00,67.8949966430664,67.8949966430664,67.81999969482422,67.8561019897461,4177.0
2022-12-02 11:04:00,67.84500122070312,67.84500122070312,67.80500030517578,67.83000183105469,3993.0
2022-12-02 11:05:00,67.8499984741211,67.88999938964844,67.8499984741211,67.87000274658203,4763.0
2022-12-02 11:06:00,67.86000061035156,67.88500213623047,67.86000061035156,67.88500213623047,2674.0
2022-12-02 11:07:00,67.88999938964844,67.9000015258789,67.84500122070312,67.8550033569336,7943.0
2022-12-02 11:08:00,67.8499984741211,67.86000061035156,67.82499694824219,67.86000061035156,3735.0
2022-12-02 11:09:00,67.87000274658203,67.91000366210938,67.86000061035156,67.91000366210938,4104.0
2022-12-02 11:10:00,67.91999816894531,67.91999816894531,67.87000274658203,67.87000274658203,5617.0
2022-12-02 11:11:00,67.86499786376953,67.87999725341797,67.83999633789062,67.87999725341797,3380.0
2022-12-02 11:12:00,67.875,67.90499877929688,67.8550033569336,67.9000015258789,4708.0
2022-12-02 11:13:00,67.88999938964844,67.8949966430664,67.86000061035156,67.88500213623047,2164.0
2022-12-02 11:14:00,67.88240051269531,67.94999694824219,67.87000274658203,67.94999694824219,3641.0
2022-12-02 11:15:00,67.94999694824219,67.94999694824219,67.91000366210938,67.92500305175781,3812.0
2022-12-02 11:16:00,67.91999816894531,67.98989868164062,67.91999816894531,67.98989868164062,6753.0
2022-12-02 11:17:00,67.9800033569336,68.05999755859375,67.9800033569336,68.05000305175781,19397.0
2022-12-02 11:18:00,68.08000183105469,68.08000183105469,67.99500274658203,68.0199966430664,7950.0
2022-12-02 11:19:00,68.01000213623047,68.04000091552734,67.99500274658203,67.99500274658203,3833.0
2022-12-02 11:20:00,67.99500274658203,68.0250015258789,67.9749984741211,68.0250015258789,6563.0
2022-12-02 11:21:00,68.0199966430664,68.05999755859375,68.0199966430664,68.05000305175781,4881.0
2022-12-02 11:22:00,68.05500030517578,68.0999984741211,68.05500030517578,68.0999984741211,4095.0
2022-12-02 11:23:00,68.12000274658203,68.16000366210938,68.11000061035156,68.12000274658203,8952.0
2022-12-02 11:24:00,68.12000274658203,68.13500213623047,68.1050033569336,68.11000061035156,3609.0
2022-12-02 11:25:00,68.11000061035156,68.13999938964844,68.11000061035156,68.13999938964844,6407.0
2022-12-02 11:26:00,68.1449966430664,68.1449966430664,68.08000183105469,68.0999984741211,12518.0
2022-12-02 11:27:00,68.0999984741211,68.0999984741211,68.0,68.0,12488.0
2022-12-02 11:28:00,68.01000213623047,68.01000213623047,67.93000030517578,67.96499633789062,8004.0
2022-12-02 11:29:00,67.9800033569336,68.05999755859375,67.97000122070312,68.05999755859375,4486.0
2022-12-02 11:30:00,68.05999755859375,68.06999969482422,68.03500366210938,68.03500366210938,4431.0
2022-12-02 11:31:00,68.02999877929688,68.05999755859375,68.0250015258789,68.0250015258789,13779.0
2022-12-02 11:32:00,68.01000213623047,68.02999877929688,68.0,68.02999877929688,4661.0
2022-12-02 11:33:00,68.02999877929688,68.05500030517578,68.0199966430664,68.04000091552734,5799.0
2022-12-02 11:34:00,68.0,68.06999969482422,68.0,68.05999755859375,6014.0
2022-12-02 11:35:00,68.03289794921875,68.08000183105469,68.01000213623047,68.01000213623047,6109.0
2022-12-02 11:36:00,68.01499938964844,68.06999969482422,67.95999908447266,68.05000305175781,20397.0
2022-12-02 11:37:00,68.06999969482422,68.06999969482422,67.98999786376953,68.0,5618.0
2022-12-02 11:38:00,67.98999786376953,68.05999755859375,67.98999786376953,68.0,4302.0
2022-12-02 11:39:00,67.98999786376953,68.06999969482422,67.98999786376953,68.0,6249.0
2022-12-02 11:40:00,68.0,68.05000305175781,67.97000122070312,68.05000305175781,4684.0
2022-12-02 11:41:00,68.04000091552734,68.05500030517578,68.03500366210938,68.05000305175781,1926.0
2022-12-02 11:42:00,68.06999969482422,68.08000183105469,67.97000122070312,68.01000213623047,5276.0
2022-12-02 11:43:00,68.01000213623047,68.02999877929688,68.0,68.0199966430664,2808.0
2022-12-02 11:44:00,68.0,68.04000091552734,68.0,68.04000091552734,2535.0
2022-12-02 11:45:00,68.04499816894531,68.0999984741211,68.04000091552734,68.04000091552734,7189.0
2022-12-02 11:46:00,68.04000091552734,68.06999969482422,68.04000091552734,68.06999969482422,4387.0
2022-12-02 11:47:00,68.0999984741211,68.12000274658203,68.08000183105469,68.12000274658203,2120.0
2022-12-02 11:48:00,68.11000061035156,68.11000061035156,68.02999877929688,68.02999877929688,7235.0
2022-12-02 11:49:00,68.04000091552734,68.06999969482422,68.02999877929688,68.06999969482422,3437.0
2022-12-02 11:50:00,68.07499694824219,68.08999633789062,68.06999969482422,68.07499694824219,3255.0
2022-12-02 11:51:00,68.08000183105469,68.08000183105469,68.02999877929688,68.04000091552734,3672.0
2022-12-02 11:52:00,68.05999755859375,68.06999969482422,68.02999877929688,68.05000305175781,2541.0
2022-12-02 11:53:00,68.05000305175781,68.05500030517578,68.02999877929688,68.05500030517578,2874.0
2022-12-02 11:54:00,68.06500244140625,68.07160186767578,68.05999755859375,68.06999969482422,2735.0
2022-12-02 11:55:00,68.08000183105469,68.09500122070312,68.05999755859375,68.08999633789062,3576.0
2022-12-02 11:56:00,68.08999633789062,68.0999984741211,68.08000183105469,68.08999633789062,2077.0
2022-12-02 11:57:00,68.08999633789062,68.11000061035156,68.08999633789062,68.0999984741211,4770.0
2022-12-02 11:58:00,68.11000061035156,68.12000274658203,68.05999755859375,68.06659698486328,5330.0
2022-12-02 11:59:00,68.02999877929688,68.06999969482422,68.0199966430664,68.05999755859375,6660.0
2022-12-02 12:00:00,68.05999755859375,68.08989715576172,68.05000305175781,68.08000183105469,6091.0
2022-12-02 12:01:00,68.06999969482422,68.08000183105469,68.04000091552734,68.04000091552734,2685.0
2022-12-02 12:02:00,68.05999755859375,68.06999969482422,68.0199966430664,68.05999755859375,3625.0
2022-12-02 12:03:00,68.06999969482422,68.06999969482422,68.05000305175781,68.06999969482422,1933.0
2022-12-02 12:04:00,68.06999969482422,68.0999984741211,68.06999969482422,68.0999984741211,2790.0
2022-12-02 12:05:00,68.06999969482422,68.12000274658203,68.06999969482422,68.11000061035156,4757.0
2022-12-02 12:06:00,68.0999984741211,68.12000274658203,68.0813980102539,68.12000274658203,4858.0
2022-12-02 12:07:00,68.11000061035156,68.12000274658203,68.08000183105469,68.11499786376953,4157.0
2022-12-02 12:08:00,68.12000274658203,68.19499969482422,68.12000274658203,68.18499755859375,4137.0
2022-12-02 12:09:00,68.18499755859375,68.20999908447266,68.12999725341797,68.13999938964844,8121.0
2022-12-02 12:10:00,68.13500213623047,68.1500015258789,68.11000061035156,68.1500015258789,24660.0
2022-12-02 12:11:00,68.1500015258789,68.16000366210938,68.12239837646484,68.1500015258789,6230.0
2022-12-02 12:12:00,68.1500015258789,68.16999816894531,68.13999938964844,68.1500015258789,5425.0
2022-12-02 12:13:00,68.13999938964844,68.1500015258789,68.11000061035156,68.12000274658203,3054.0
2022-12-02 12:14:00,68.12000274658203,68.12999725341797,68.06999969482422,68.12000274658203,10088.0
2022-12-02 12:15:00,68.12000274658203,68.12999725341797,68.05999755859375,68.08000183105469,8989.0
2022-12-02 12:16:00,68.08000183105469,68.11000061035156,68.06999969482422,68.11000061035156,5166.0
2022-12-02 12:17:00,68.11000061035156,68.1449966430664,68.11000061035156,68.13999938964844,6702.0
2022-12-02 12:18:00,68.1240005493164,68.1500015258789,68.11000061035156,68.11000061035156,4454.0
2022-12-02 12:19:00,68.11000061035156,68.11000061035156,68.05999755859375,68.05999755859375,3629.0
2022-12-02 12:20:00,68.05000305175781,68.05000305175781,68.01000213623047,68.01000213623047,4755.0
2022-12-02 12:21:00,68.0199966430664,68.02999877929688,68.01000213623047,68.01499938964844,4098.0
2022-12-02 12:22:00,68.00499725341797,68.0199966430664,67.99500274658203,68.00499725341797,5497.0
2022-12-02 12:23:00,68.0,68.01000213623047,67.9800033569336,67.9800033569336,4865.0
2022-12-02 12:24:00,67.97000122070312,68.01000213623047,67.95999908447266,68.0,3183.0
2022-12-02 12:25:00,68.0,68.01000213623047,67.98500061035156,67.98500061035156,2953.0
2022-12-02 12:26:00,67.9800033569336,67.98999786376953,67.94999694824219,67.98500061035156,4080.0
2022-12-02 12:27:00,67.98870086669922,68.0,67.95999908447266,68.0,3051.0
2022-12-02 12:28:00,67.99500274658203,68.0199966430664,67.98999786376953,68.0199966430664,3802.0
2022-12-02 12:29:00,68.0199966430664,68.0199966430664,67.97000122070312,67.9800033569336,4898.0
2022-12-02 12:30:00,67.98999786376953,68.01499938964844,67.98500061035156,68.01499938964844,3701.0
2022-12-02 12:31:00,68.01000213623047,68.04000091552734,68.01000213623047,68.04000091552734,2495.0
2022-12-02 12:32:00,68.0199966430664,68.02999877929688,68.0,68.0,4233.0
2022-12-02 12:33:00,68.0,68.0199966430664,68.0,68.01000213623047,3234.0
2022-12-02 12:34:00,68.01000213623047,68.05999755859375,68.01000213623047,68.05999755859375,4247.0
2022-12-02 12:35:00,68.05000305175781,68.05999755859375,68.0,68.0,3049.0
2022-12-02 12:36:00,68.0,68.0,67.97000122070312,67.97000122070312,2832.0
2022-12-02 12:37:00,67.9800033569336,67.98999786376953,67.94999694824219,67.95999908447266,14830.0
2022-12-02 12:38:00,67.96700286865234,68.0,67.95999908447266,67.98999786376953,4247.0
2022-12-02 12:39:00,67.97000122070312,68.0,67.94999694824219,67.98999786376953,31076.0
2022-12-02 12:40:00,67.98999786376953,68.0199966430664,67.94999694824219,68.0,34912.0
2022-12-02 12:41:00,67.99500274658203,68.02999877929688,67.98999786376953,68.02999877929688,4794.0
2022-12-02 12:42:00,68.04000091552734,68.0999984741211,68.03500366210938,68.0999984741211,4031.0
2022-12-02 12:43:00,68.0999984741211,68.19000244140625,68.0999984741211,68.19000244140625,3366.0
2022-12-02 12:44:00,68.16999816894531,68.18450164794922,68.1500015258789,68.16500091552734,7787.0
2022-12-02 12:45:00,68.1500015258789,68.19999694824219,68.1500015258789,68.16999816894531,9830.0
2022-12-02 12:46:00,68.1500015258789,68.19000244140625,68.13999938964844,68.19000244140625,3003.0
2022-12-02 12:47:00,68.18499755859375,68.2249984741211,68.18499755859375,68.22000122070312,3210.0
2022-12-02 12:48:00,68.2249984741211,68.2249984741211,68.12999725341797,68.16000366210938,4856.0
2022-12-02 12:49:00,68.1500015258789,68.16999816894531,68.13999938964844,68.13999938964844,2711.0
2022-12-02 12:50:00,68.12999725341797,68.16000366210938,68.12999725341797,68.16000366210938,4870.0
2022-12-02 12:51:00,68.16999816894531,68.16999816894531,68.16000366210938,68.16000366210938,1040.0
2022-12-02 12:52:00,68.16999816894531,68.16999816894531,68.12999725341797,68.16999816894531,7089.0
2022-12-02 12:53:00,68.18000030517578,68.19000244140625,68.1500015258789,68.17430114746094,3741.0
2022-12-02 12:54:00,68.16999816894531,68.19000244140625,68.16999816894531,68.19000244140625,1025.0
2022-12-02 12:55:00,68.19000244140625,68.19000244140625,68.16500091552734,68.18000030517578,2676.0
2022-12-02 12:56:00,68.18499755859375,68.20500183105469,68.18000030517578,68.19999694824219,7000.0
2022-12-02 12:57:00,68.20999908447266,68.20999908447266,68.19000244140625,68.19000244140625,4363.0
2022-12-02 12:58:00,68.18000030517578,68.18000030517578,68.12999725341797,68.16999816894531,12505.0
2022-12-02 12:59:00,68.16000366210938,68.16500091552734,68.1500015258789,68.15499877929688,2406.0
2022-12-02 13:00:00,68.1500015258789,68.20500183105469,68.13500213623047,68.20500183105469,6093.0
2022-12-02 13:01:00,68.20999908447266,68.20999908447266,68.16999816894531,68.19339752197266,3441.0
2022-12-02 13:02:00,68.19000244140625,68.20999908447266,68.18000030517578,68.20999908447266,6333.0
2022-12-02 13:03:00,68.18499755859375,68.19000244140625,68.18499755859375,68.19000244140625,517.0
2022-12-02 13:04:00,68.19499969482422,68.19499969482422,68.12999725341797,68.13999938964844,4788.0
2022-12-02 13:05:00,68.12999725341797,68.13999938964844,68.11499786376953,68.13999938964844,5535.0
2022-12-02 13:06:00,68.13999938964844,68.19000244140625,68.13999938964844,68.1500015258789,6528.0
2022-12-02 13:07:00,68.16999816894531,68.16999816894531,68.13999938964844,68.1449966430664,5090.0
2022-12-02 13:08:00,68.1500015258789,68.16999816894531,68.1500015258789,68.16999816894531,1277.0
2022-12-02 13:09:00,68.1500015258789,68.19999694824219,68.1500015258789,68.19999694824219,3630.0
2022-12-02 13:10:00,68.19000244140625,68.22000122070312,68.1500015258789,68.1500015258789,7065.0
2022-12-02 13:11:00,68.16000366210938,68.16500091552734,68.13999938964844,68.13999938964844,3308.0
2022-12-02 13:12:00,68.1449966430664,68.1500015258789,68.12000274658203,68.12999725341797,9126.0
2022-12-02 13:13:00,68.12999725341797,68.16000366210938,68.12000274658203,68.13999938964844,8815.0
2022-12-02 13:14:00,68.1500015258789,68.15499877929688,68.12000274658203,68.1500015258789,4596.0
2022-12-02 13:15:00,68.1500015258789,68.15499877929688,68.12999725341797,68.13500213623047,10174.0
2022-12-02 13:16:00,68.13500213623047,68.2249984741211,68.13500213623047,68.19000244140625,12819.0
2022-12-02 13:17:00,68.19000244140625,68.19999694824219,68.16999816894531,68.16999816894531,2484.0
2022-12-02 13:18:00,68.16000366210938,68.18000030517578,68.13999938964844,68.13999938964844,3471.0
2022-12-02 13:19:00,68.13999938964844,68.1500015258789,68.0999984741211,68.0999984741211,6094.0
2022-12-02 13:20:00,68.08499908447266,68.11000061035156,68.08000183105469,68.08000183105469,2926.0
2022-12-02 13:21:00,68.08999633789062,68.11000061035156,68.05000305175781,68.0999984741211,6153.0
2022-12-02 13:22:00,68.0999984741211,68.12000274658203,68.08999633789062,68.0999984741211,6392.0
2022-12-02 13:23:00,68.0999984741211,68.11000061035156,68.0999984741211,68.11000061035156,1249.0
2022-12-02 13:24:00,68.0999984741211,68.0999984741211,68.06999969482422,68.08499908447266,7934.0
2022-12-02 13:25:00,68.08999633789062,68.0999984741211,68.06999969482422,68.06999969482422,3983.0
2022-12-02 13:26:00,68.06999969482422,68.11000061035156,68.05999755859375,68.11000061035156,6223.0
2022-12-02 13:27:00,68.12000274658203,68.12000274658203,68.06500244140625,68.06500244140625,5305.0
2022-12-02 13:28:00,68.08000183105469,68.16000366210938,68.08000183105469,68.1449966430664,11651.0
2022-12-02 13:29:00,68.1500015258789,68.18000030517578,68.1449966430664,68.18000030517578,2464.0
2022-12-02 13:30:00,68.16999816894531,68.19000244140625,68.16000366210938,68.16999816894531,5306.0
2022-12-02 13:31:00,68.16000366210938,68.18000030517578,68.13999938964844,68.16000366210938,10251.0
2022-12-02 13:32:00,68.16999816894531,68.22000122070312,68.16999816894531,68.22000122070312,11431.0
2022-12-02 13:33:00,68.22000122070312,68.2300033569336,68.18000030517578,68.18000030517578,3718.0
2022-12-02 13:34:00,68.18499755859375,68.20999908447266,68.18000030517578,68.20999908447266,5099.0
2022-12-02 13:35:00,68.19999694824219,68.20999908447266,68.13999938964844,68.13999938964844,4385.0
2022-12-02 13:36:00,68.1500015258789,68.19000244140625,68.13999938964844,68.16999816894531,7878.0
2022-12-02 13:37:00,68.16000366210938,68.16999816894531,68.12999725341797,68.16000366210938,8409.0
2022-12-02 13:38:00,68.16999816894531,68.16999816894531,68.13999938964844,68.13999938964844,4311.0
2022-12-02 13:39:00,68.1449966430664,68.16000366210938,68.12999725341797,68.16000366210938,3364.0
2022-12-02 13:40:00,68.16000366210938,68.21499633789062,68.16000366210938,68.19999694824219,7755.0
2022-12-02 13:41:00,68.20999908447266,68.25,68.20999908447266,68.22000122070312,7113.0
2022-12-02 13:42:00,68.2300033569336,68.2300033569336,68.18000030517578,68.19999694824219,4119.0
2022-12-02 13:43:00,68.16999816894531,68.16999816894531,68.16000366210938,68.16000366210938,1439.0
2022-12-02 13:44:00,68.16000366210938,68.19000244140625,68.1500015258789,68.18000030517578,3130.0
2022-12-02 13:45:00,68.16000366210938,68.16999816894531,68.13999938964844,68.13999938964844,5248.0
2022-12-02 13:46:00,68.1500015258789,68.16999816894531,68.1500015258789,68.16999816894531,2805.0
2022-12-02 13:47:00,68.16000366210938,68.18000030517578,68.16000366210938,68.16000366210938,2383.0
2022-12-02 13:48:00,68.16999816894531,68.16999816894531,68.12999725341797,68.12999725341797,4452.0
2022-12-02 13:49:00,68.12999725341797,68.12999725341797,68.08999633789062,68.08999633789062,2491.0
2022-12-02 13:50:00,68.11000061035156,68.19999694824219,68.0999984741211,68.16000366210938,61141.0
2022-12-02 13:51:00,68.16000366210938,68.16000366210938,68.12000274658203,68.16000366210938,3398.0
2022-12-02 13:52:00,68.1500015258789,68.18000030517578,68.13999938964844,68.18000030517578,5841.0
2022-12-02 13:53:00,68.17500305175781,68.18000030517578,68.1500015258789,68.16000366210938,4967.0
2022-12-02 13:54:00,68.16500091552734,68.16500091552734,68.1500015258789,68.1500015258789,2290.0
2022-12-02 13:55:00,68.16000366210938,68.16999816894531,68.12999725341797,68.13999938964844,11337.0
2022-12-02 13:56:00,68.13999938964844,68.13999938964844,68.08999633789062,68.08999633789062,3475.0
2022-12-02 13:57:00,68.0999984741211,68.1500015258789,68.0999984741211,68.1500015258789,9301.0
2022-12-02 13:58:00,68.1500015258789,68.18499755859375,68.1500015258789,68.16000366210938,3267.0
2022-12-02 13:59:00,68.18000030517578,68.18000030517578,68.15010070800781,68.15010070800781,5676.0
2022-12-02 14:00:00,68.16000366210938,68.18000030517578,68.16000366210938,68.18000030517578,4186.0
2022-12-02 14:01:00,68.19000244140625,68.19999694824219,68.19000244140625,68.19999694824219,2385.0
2022-12-02 14:02:00,68.19000244140625,68.20999908447266,68.19000244140625,68.20999908447266,2318.0
2022-12-02 14:03:00,68.21499633789062,68.2699966430664,68.21499633789062,68.26000213623047,13869.0
2022-12-02 14:04:00,68.26000213623047,68.33999633789062,68.26000213623047,68.33999633789062,8978.0
2022-12-02 14:05:00,68.33000183105469,68.33999633789062,68.30000305175781,68.30999755859375,10130.0
2022-12-02 14:06:00,68.30000305175781,68.30000305175781,68.2500991821289,68.26000213623047,3833.0
2022-12-02 14:07:00,68.25,68.25,68.19000244140625,68.19499969482422,4660.0
2022-12-02 14:08:00,68.19000244140625,68.19999694824219,68.16999816894531,68.18000030517578,3453.0
2022-12-02 14:09:00,68.18000030517578,68.19000244140625,68.16000366210938,68.17500305175781,4613.0
2022-12-02 14:10:00,68.16999816894531,68.16999816894531,68.1500015258789,68.16000366210938,5688.0
2022-12-02 14:11:00,68.16000366210938,68.18000030517578,68.16000366210938,68.18000030517578,3176.0
2022-12-02 14:12:00,68.16999816894531,68.18000030517578,68.13500213623047,68.13500213623047,4673.0
2022-12-02 14:13:00,68.1500015258789,68.16999816894531,68.13500213623047,68.16999816894531,3406.0
2022-12-02 14:14:00,68.19000244140625,68.2300033569336,68.18000030517578,68.2300033569336,2980.0
2022-12-02 14:15:00,68.2300033569336,68.25,68.22709655761719,68.23999786376953,1171.0
2022-12-02 14:16:00,68.25,68.30000305175781,68.25,68.29000091552734,2952.0
2022-12-02 14:17:00,68.29000091552734,68.30000305175781,68.2699966430664,68.27999877929688,5102.0
2022-12-02 14:18:00,68.29000091552734,68.30000305175781,68.25,68.26000213623047,6915.0
2022-12-02 14:19:00,68.27999877929688,68.30999755859375,68.27999877929688,68.30999755859375,3084.0
2022-12-02 14:20:00,68.31999969482422,68.33499908447266,68.31999969482422,68.33499908447266,5820.0
2022-12-02 14:21:00,68.33000183105469,68.33000183105469,68.26000213623047,68.2699966430664,5454.0
2022-12-02 14:22:00,68.27999877929688,68.30000305175781,68.27999877929688,68.27999877929688,2311.0
2022-12-02 14:23:00,68.29000091552734,68.30719757080078,68.27999877929688,68.29000091552734,2613.0
2022-12-02 14:24:00,68.27999877929688,68.29000091552734,68.26000213623047,68.27999877929688,5928.0
2022-12-02 14:25:00,68.30000305175781,68.30999755859375,68.26000213623047,68.28500366210938,5739.0
2022-12-02 14:26:00,68.30000305175781,68.30899810791016,68.30000305175781,68.30000305175781,1773.0
2022-12-02 14:27:00,68.29000091552734,68.31999969482422,68.27999877929688,68.31999969482422,5955.0
2022-12-02 14:28:00,68.31999969482422,68.33999633789062,68.30000305175781,68.31999969482422,4191.0
2022-12-02 14:29:00,68.33000183105469,68.33000183105469,68.29000091552734,68.30000305175781,3885.0
2022-12-02 14:30:00,68.29000091552734,68.30000305175781,68.26000213623047,68.27999877929688,8807.0
2022-12-02 14:31:00,68.29000091552734,68.33000183105469,68.29000091552734,68.33000183105469,5327.0
2022-12-02 14:32:00,68.33999633789062,68.37999725341797,68.33000183105469,68.37000274658203,8089.0
2022-12-02 14:33:00,68.38999938964844,68.38999938964844,68.37000274658203,68.37999725341797,2746.0
2022-12-02 14:34:00,68.37000274658203,68.3949966430664,68.37000274658203,68.3949966430664,1895.0
2022-12-02 14:35:00,68.4000015258789,68.41999816894531,68.38999938964844,68.4000015258789,5176.0
2022-12-02 14:36:00,68.4000015258789,68.4000015258789,68.37000274658203,68.37999725341797,4641.0
2022-12-02 14:37:00,68.37999725341797,68.4000015258789,68.36000061035156,68.38500213623047,11745.0
2022-12-02 14:38:00,68.37000274658203,68.37000274658203,68.3499984741211,68.36000061035156,1564.0
2022-12-02 14:39:00,68.36000061035156,68.38999938964844,68.36000061035156,68.37999725341797,3670.0
2022-12-02 14:40:00,68.375,68.375,68.33000183105469,68.33000183105469,3350.0
2022-12-02 14:41:00,68.33000183105469,68.3550033569336,68.31999969482422,68.33999633789062,6295.0
2022-12-02 14:42:00,68.33000183105469,68.3499984741211,68.31999969482422,68.3499984741211,4373.0
2022-12-02 14:43:00,68.33999633789062,68.36000061035156,68.33999633789062,68.3499984741211,2659.0
2022-12-02 14:44:00,68.3550033569336,68.37000274658203,68.33499908447266,68.36499786376953,5564.0
2022-12-02 14:45:00,68.36499786376953,68.37999725341797,68.36499786376953,68.37999725341797,2472.0
2022-12-02 14:46:00,68.41000366210938,68.41999816894531,68.41000366210938,68.41999816894531,6765.0
2022-12-02 14:47:00,68.41500091552734,68.42500305175781,68.4000015258789,68.4000015258789,5139.0
2022-12-02 14:48:00,68.40119934082031,68.41500091552734,68.3949966430664,68.40499877929688,3439.0
2022-12-02 14:49:00,68.41000366210938,68.42500305175781,68.41000366210938,68.41000366210938,2137.0
2022-12-02 14:50:00,68.41999816894531,68.43000030517578,68.40499877929688,68.41500091552734,3882.0
2022-12-02 14:51:00,68.41000366210938,68.44999694824219,68.40499877929688,68.44999694824219,4426.0
2022-12-02 14:52:00,68.44000244140625,68.46990203857422,68.44000244140625,68.46990203857422,2821.0
2022-12-02 14:53:00,68.47000122070312,68.54000091552734,68.47000122070312,68.51000213623047,10578.0
2022-12-02 14:54:00,68.51499938964844,68.5199966430664,68.4800033569336,68.5,5273.0
2022-12-02 14:55:00,68.5199966430664,68.54499816894531,68.5199966430664,68.5250015258789,4170.0
2022-12-02 14:56:00,68.52999877929688,68.55999755859375,68.5199966430664,68.5199966430664,5534.0
2022-12-02 14:57:00,68.52999877929688,68.56999969482422,68.5199966430664,68.55000305175781,5781.0
2022-12-02 14:58:00,68.55500030517578,68.55500030517578,68.52999877929688,68.54000091552734,2907.0
2022-12-02 14:59:00,68.52999877929688,68.53500366210938,68.518798828125,68.5199966430664,2869.0
2022-12-02 15:00:00,68.54000091552734,68.54499816894531,68.51000213623047,68.51000213623047,4517.0
2022-12-02 15:01:00,68.51000213623047,68.52999877929688,68.4800033569336,68.48999786376953,4980.0
2022-12-02 15:02:00,68.48500061035156,68.54000091552734,68.4800033569336,68.54000091552734,5906.0
2022-12-02 15:03:00,68.54000091552734,68.55000305175781,68.52999877929688,68.55000305175781,7869.0
2022-12-02 15:04:00,68.54000091552734,68.58999633789062,68.54000091552734,68.58999633789062,4023.0
2022-12-02 15:05:00,68.58999633789062,68.5999984741211,68.53500366210938,68.55000305175781,24553.0
2022-12-02 15:06:00,68.55999755859375,68.58999633789062,68.55999755859375,68.55999755859375,3250.0
2022-12-02 15:07:00,68.55000305175781,68.55999755859375,68.5199966430664,68.55999755859375,8280.0
2022-12-02 15:08:00,68.55999755859375,68.5999984741211,68.55259704589844,68.5999984741211,4509.0
2022-12-02 15:09:00,68.58999633789062,68.63999938964844,68.58999633789062,68.62999725341797,10000.0
2022-12-02 15:10:00,68.62999725341797,68.62999725341797,68.5999984741211,68.61000061035156,12618.0
2022-12-02 15:11:00,68.61000061035156,68.6500015258789,68.61000061035156,68.63999938964844,5679.0
2022-12-02 15:12:00,68.6500015258789,68.6500015258789,68.5250015258789,68.5250015258789,20713.0
2022-12-02 15:13:00,68.51000213623047,68.58000183105469,68.51000213623047,68.55999755859375,10897.0
2022-12-02 15:14:00,68.56999969482422,68.58000183105469,68.4800033569336,68.51000213623047,10179.0
2022-12-02 15:15:00,68.5,68.5,68.47000122070312,68.48999786376953,8114.0
2022-12-02 15:16:00,68.5,68.55000305175781,68.5,68.54000091552734,5523.0
2022-12-02 15:17:00,68.52999877929688,68.55000305175781,68.51000213623047,68.51000213623047,4703.0
2022-12-02 15:18:00,68.51000213623047,68.55000305175781,68.51000213623047,68.51000213623047,4599.0
2022-12-02 15:19:00,68.5199966430664,68.5250015258789,68.48999786376953,68.5,7021.0
2022-12-02 15:20:00,68.5,68.5,68.44000244140625,68.44000244140625,5132.0
2022-12-02 15:21:00,68.44000244140625,68.4800033569336,68.43499755859375,68.47000122070312,5618.0
2022-12-02 15:22:00,68.4800033569336,68.48999786376953,68.47000122070312,68.47000122070312,3237.0
2022-12-02 15:23:00,68.46499633789062,68.47000122070312,68.38999938964844,68.38999938964844,6339.0
2022-12-02 15:24:00,68.38999938964844,68.41000366210938,68.37000274658203,68.4000015258789,8340.0
2022-12-02 15:25:00,68.41000366210938,68.41999816894531,68.37000274658203,68.37000274658203,5165.0
2022-12-02 15:26:00,68.37999725341797,68.37999725341797,68.33000183105469,68.3499984741211,9495.0
2022-12-02 15:27:00,68.36000061035156,68.36000061035156,68.30999755859375,68.32499694824219,6265.0
2022-12-02 15:28:00,68.33000183105469,68.33000183105469,68.29499816894531,68.31500244140625,2781.0
2022-12-02 15:29:00,68.31999969482422,68.31999969482422,68.29000091552734,68.30000305175781,4222.0
2022-12-02 15:30:00,68.30999755859375,68.31999969482422,68.29000091552734,68.29199981689453,7509.0
2022-12-02 15:31:00,68.30000305175781,68.33000183105469,68.29000091552734,68.31500244140625,11087.0
2022-12-02 15:32:00,68.30999755859375,68.31999969482422,68.26000213623047,68.2699966430664,11179.0
2022-12-02 15:33:00,68.24500274658203,68.24500274658203,68.22000122070312,68.2300033569336,5021.0
2022-12-02 15:34:00,68.23500061035156,68.23500061035156,68.20999908447266,68.2300033569336,8311.0
2022-12-02 15:35:00,68.22000122070312,68.22000122070312,68.19499969482422,68.19499969482422,4110.0
2022-12-02 15:36:00,68.19499969482422,68.22000122070312,68.19000244140625,68.19499969482422,11000.0
2022-12-02 15:37:00,68.19000244140625,68.19000244140625,68.12000274658203,68.12999725341797,10524.0
2022-12-02 15:38:00,68.12999725341797,68.16999816894531,68.0999984741211,68.16999816894531,9781.0
2022-12-02 15:39:00,68.16000366210938,68.19000244140625,68.1500015258789,68.16000366210938,8749.0
2022-12-02 15:40:00,68.16999816894531,68.18499755859375,68.16000366210938,68.16000366210938,7547.0
2022-12-02 15:41:00,68.16500091552734,68.18499755859375,68.16300201416016,68.17500305175781,6474.0
2022-12-02 15:42:00,68.16000366210938,68.21499633789062,68.16000366210938,68.19999694824219,5419.0
2022-12-02 15:43:00,68.20999908447266,68.20999908447266,68.16999816894531,68.17500305175781,8474.0
2022-12-02 15:44:00,68.16999816894531,68.16999816894531,68.13999938964844,68.16000366210938,6121.0
2022-12-02 15:45:00,68.1500015258789,68.16500091552734,68.13999938964844,68.1500015258789,6207.0
2022-12-02 15:46:00,68.12000274658203,68.12000274658203,68.1050033569336,68.1050033569336,16596.0
2022-12-02 15:47:00,68.1050033569336,68.11499786376953,68.05999755859375,68.06500244140625,9487.0
2022-12-02 15:48:00,68.06500244140625,68.08000183105469,68.04000091552734,68.04499816894531,11289.0
2022-12-02 15:49:00,68.04399871826172,68.06999969482422,68.03500366210938,68.05999755859375,10440.0
2022-12-02 15:50:00,68.05000305175781,68.08000183105469,67.98999786376953,67.98999786376953,20074.0
2022-12-02 15:51:00,67.98999786376953,68.04499816894531,67.97000122070312,68.04499816894531,24971.0
2022-12-02 15:52:00,68.04499816894531,68.05000305175781,68.01000213623047,68.02999877929688,22074.0
2022-12-02 15:53:00,68.02999877929688,68.06500244140625,68.0199966430664,68.04000091552734,20281.0
2022-12-02 15:54:00,68.04000091552734,68.04499816894531,67.99500274658203,67.99500274658203,24869.0
2022-12-02 15:55:00,67.98999786376953,68.06999969482422,67.98999786376953,68.06500244140625,41943.0
2022-12-02 15:56:00,68.06999969482422,68.125,68.05000305175781,68.1050033569336,37648.0
2022-12-02 15:57:00,68.11000061035156,68.13999938964844,68.0999984741211,68.12999725341797,43834.0
2022-12-02 15:58:00,68.125,68.13999938964844,68.11000061035156,68.125,61609.0
2022-12-02 15:59:00,68.12999725341797,68.12999725341797,68.06999969482422,68.11000061035156,68499.0
2022-12-05 09:30:00,67.27999877929688,67.5199966430664,67.19000244140625,67.29000091552734,33674.0
2022-12-05 09:31:00,67.23999786376953,67.23999786376953,67.06500244140625,67.06500244140625,1104.0
2022-12-05 09:32:00,67.0,67.04000091552734,66.91999816894531,66.9800033569336,6756.0
2022-12-05 09:33:00,67.02999877929688,67.1500015258789,67.02999877929688,67.12999725341797,6797.0
2022-12-05 09:34:00,67.0906982421875,67.18000030517578,67.0906982421875,67.16999816894531,4411.0
2022-12-05 09:35:00,67.12999725341797,67.1980972290039,67.12999725341797,67.12999725341797,7816.0
2022-12-05 09:36:00,67.18000030517578,67.23500061035156,67.16999816894531,67.2249984741211,4802.0
2022-12-05 09:37:00,67.23500061035156,67.25,67.13999938964844,67.16000366210938,6449.0
2022-12-05 09:38:00,67.20500183105469,67.26000213623047,67.16999816894531,67.26000213623047,6058.0
2022-12-05 09:39:00,67.25,67.25,67.12000274658203,67.13909912109375,1989.0
2022-12-05 09:40:00,67.06999969482422,67.0999984741211,67.04000091552734,67.04000091552734,2831.0
2022-12-05 09:41:00,67.03500366210938,67.19000244140625,67.03500366210938,67.11499786376953,2426.0
2022-12-05 09:42:00,67.12000274658203,67.12000274658203,67.08999633789062,67.11000061035156,3852.0
2022-12-05 09:43:00,67.16000366210938,67.22000122070312,67.08499908447266,67.0999984741211,4278.0
2022-12-05 09:44:00,67.06999969482422,67.12000274658203,67.06999969482422,67.08999633789062,3050.0
2022-12-05 09:45:00,67.08999633789062,67.08999633789062,67.06999969482422,67.07499694824219,6669.0
2022-12-05 09:46:00,66.94999694824219,66.97000122070312,66.94000244140625,66.95999908447266,1143.0
2022-12-05 09:47:00,66.96499633789062,66.9800033569336,66.91999816894531,66.91999816894531,2266.0
2022-12-05 09:48:00,66.93000030517578,67.01000213623047,66.92500305175781,66.95890045166016,7874.0
2022-12-05 09:49:00,66.96499633789062,67.0199966430664,66.96499633789062,67.01439666748047,2997.0
2022-12-05 09:50:00,67.00070190429688,67.00070190429688,66.94000244140625,66.98999786376953,7038.0
2022-12-05 09:51:00,66.99500274658203,67.04000091552734,66.98500061035156,67.04000091552734,4861.0
2022-12-05 09:52:00,67.04499816894531,67.05999755859375,67.01000213623047,67.01499938964844,5471.0
2022-12-05 09:53:00,67.05000305175781,67.05999755859375,66.97000122070312,66.97000122070312,2289.0
2022-12-05 09:54:00,66.94999694824219,66.98999786376953,66.94499969482422,66.9800033569336,4588.0
2022-12-05 09:55:00,66.9800033569336,66.98999786376953,66.83999633789062,66.87999725341797,4555.0
2022-12-05 09:56:00,66.86000061035156,66.9000015258789,66.8499984741211,66.9000015258789,2798.0
2022-12-05 09:57:00,66.87000274658203,66.87000274658203,66.80999755859375,66.80999755859375,1933.0
2022-12-05 09:58:00,66.83000183105469,66.83999633789062,66.73560333251953,66.73999786376953,5706.0
2022-12-05 09:59:00,66.72000122070312,66.72000122070312,66.67500305175781,66.67500305175781,1769.0
2022-12-05 10:00:00,66.70999908447266,66.70999908447266,66.38999938964844,66.38999938964844,13347.0
2022-12-05 10:01:00,66.41000366210938,66.5199966430664,66.37999725341797,66.5,7389.0
2022-12-05 10:02:00,66.47000122070312,66.5999984741211,66.47000122070312,66.55000305175781,11038.0
2022-12-05 10:03:00,66.55999755859375,66.69999694824219,66.55999755859375,66.67500305175781,7406.0
2022-12-05 10:04:00,66.64009857177734,66.77999877929688,66.64009857177734,66.7300033569336,7728.0
2022-12-05 10:05:00,66.69999694824219,66.76000213623047,66.69999694824219,66.73999786376953,7073.0
2022-12-05 10:06:00,66.73999786376953,66.83999633789062,66.73999786376953,66.80999755859375,5071.0
2022-12-05 10:07:00,66.79000091552734,66.87000274658203,66.76000213623047,66.83499908447266,5792.0
2022-12-05 10:08:00,66.80999755859375,66.81500244140625,66.76000213623047,66.76000213623047,5005.0
2022-12-05 10:09:00,66.77999877929688,66.83999633789062,66.76000213623047,66.83999633789062,4280.0
2022-12-05 10:10:00,66.8499984741211,66.94999694824219,66.83000183105469,66.93000030517578,15516.0
2022-12-05 10:11:00,66.93000030517578,67.01000213623047,66.91999816894531,66.98999786376953,8660.0
2022-12-05 10:12:00,67.0199966430664,67.05000305175781,67.00499725341797,67.05000305175781,7921.0
2022-12-05 10:13:00,67.05000305175781,67.05000305175781,67.01000213623047,67.02999877929688,6795.0
2022-12-05 10:14:00,67.01000213623047,67.0199966430664,66.97000122070312,67.0199966430664,7693.0
2022-12-05 10:15:00,67.01000213623047,67.05999755859375,67.01000213623047,67.01000213623047,6022.0
2022-12-05 10:16:00,67.0199966430664,67.03500366210938,66.94999694824219,66.94999694824219,2563.0
2022-12-05 10:17:00,66.94000244140625,66.97000122070312,66.93000030517578,66.97000122070312,2025.0
2022-12-05 10:18:00,66.94999694824219,66.94999694824219,66.88999938964844,66.9000015258789,3312.0
2022-12-05 10:19:00,66.87999725341797,66.87999725341797,66.8499984741211,66.87999725341797,5262.0
2022-12-05 10:20:00,66.87999725341797,66.88999938964844,66.83000183105469,66.83000183105469,2784.0
2022-12-05 10:21:00,66.83000183105469,66.88999938964844,66.80000305175781,66.87999725341797,4762.0
2022-12-05 10:22:00,66.87999725341797,66.87999725341797,66.79499816894531,66.79499816894531,2874.0
2022-12-05 10:23:00,66.80999755859375,66.88500213623047,66.80999755859375,66.875,3363.0
2022-12-05 10:24:00,66.8550033569336,66.8550033569336,66.81999969482422,66.81999969482422,806.0
2022-12-05 10:25:00,66.80000305175781,66.87999725341797,66.78500366210938,66.87999725341797,3239.0
2022-12-05 10:26:00,66.87000274658203,66.8949966430664,66.86000061035156,66.86499786376953,3274.0
2022-12-05 10:27:00,66.8499984741211,66.8949966430664,66.83999633789062,66.87999725341797,4258.0
2022-12-05 10:28:00,66.87000274658203,66.87000274658203,66.80999755859375,66.80999755859375,4043.0
2022-12-05 10:29:00,66.80000305175781,66.83999633789062,66.80000305175781,66.83000183105469,12983.0
2022-12-05 10:30:00,66.81999969482422,66.86000061035156,66.81500244140625,66.8499984741211,10929.0
2022-12-05 10:31:00,66.8499984741211,66.87999725341797,66.8499984741211,66.87000274658203,4871.0
2022-12-05 10:32:00,66.87000274658203,66.88999938964844,66.83000183105469,66.83999633789062,10336.0
2022-12-05 10:33:00,66.83999633789062,66.91000366210938,66.83999633789062,66.9000015258789,7220.0
2022-12-05 10:34:00,66.9000015258789,66.91999816894531,66.9000015258789,66.90499877929688,3469.0
2022-12-05 10:35:00,66.9000015258789,66.94000244140625,66.9000015258789,66.91999816894531,7938.0
2022-12-05 10:36:00,66.94000244140625,66.9800033569336,66.94000244140625,66.94999694824219,5030.0
2022-12-05 10:37:00,66.94999694824219,66.9800033569336,66.94499969482422,66.9800033569336,3149.0
2022-12-05 10:38:00,66.98999786376953,66.98999786376953,66.94499969482422,66.94999694824219,5026.0
2022-12-05 10:39:00,66.94249725341797,66.97000122070312,66.94000244140625,66.97000122070312,4200.0
2022-12-05 10:40:00,66.9800033569336,67.0,66.94000244140625,66.94000244140625,6251.0
2022-12-05 10:41:00,66.95999908447266,67.0,66.95999908447266,66.95999908447266,7538.0
2022-12-05 10:42:00,66.97000122070312,66.9800033569336,66.94999694824219,66.97000122070312,3231.0
2022-12-05 10:43:00,66.9800033569336,67.02999877929688,66.9800033569336,67.01000213623047,4242.0
2022-12-05 10:44:00,67.01000213623047,67.0199966430664,66.98999786376953,67.0,4217.0
2022-12-05 10:45:00,67.0199966430664,67.05000305175781,67.0199966430664,67.05000305175781,6857.0
2022-12-05 10:46:00,67.0199966430664,67.0199966430664,66.98999786376953,67.01000213623047,1160.0
2022-12-05 10:47:00,67.01000213623047,67.01000213623047,66.95999908447266,66.95999908447266,1493.0
2022-12-05 10:48:00,66.98999786376953,67.0199966430664,66.98999786376953,66.98999786376953,1039.0
2022-12-05 10:49:00,66.9800033569336,67.0199966430664,66.9800033569336,67.0,2960.0
2022-12-05 10:50:00,67.00599670410156,67.00599670410156,66.95929718017578,66.95999908447266,2874.0
2022-12-05 10:51:00,66.95999908447266,66.97000122070312,66.94000244140625,66.97000122070312,2695.0
2022-12-05 10:52:00,66.95999908447266,66.98999786376953,66.95999908447266,66.9800033569336,3339.0
2022-12-05 10:53:00,66.98999786376953,67.03459930419922,66.9800033569336,67.03459930419922,2911.0
2022-12-05 10:54:00,67.04000091552734,67.13999938964844,67.04000091552734,67.12999725341797,9688.0
2022-12-05 10:55:00,67.13999938964844,67.16999816894531,67.12999725341797,67.13999938964844,11917.0
2022-12-05 10:56:00,67.13999938964844,67.16000366210938,67.12999725341797,67.1449966430664,4625.0
2022-12-05 10:57:00,67.12999725341797,67.12999725341797,67.05999755859375,67.0875015258789,4671.0
2022-12-05 10:58:00,67.08000183105469,67.11000061035156,67.07599639892578,67.0999984741211,3884.0
2022-12-05 10:59:00,67.11000061035156,67.15499877929688,67.0999984741211,67.15499877929688,3500.0
2022-12-05 11:00:00,67.18000030517578,67.19000244140625,67.16000366210938,67.19000244140625,4921.0
2022-12-05 11:01:00,67.20999908447266,67.23999786376953,67.18499755859375,67.18499755859375,5438.0
2022-12-05 11:02:00,67.18499755859375,67.18499755859375,67.125,67.15899658203125,4898.0
2022-12-05 11:03:00,67.1500015258789,67.27999877929688,67.1500015258789,67.27999877929688,27318.0
2022-12-05 11:04:00,67.30000305175781,67.30000305175781,67.22000122070312,67.25,6679.0
2022-12-05 11:05:00,67.26000213623047,67.30999755859375,67.26000213623047,67.29000091552734,3658.0
2022-12-05 11:06:00,67.29000091552734,67.33499908447266,67.26000213623047,67.32499694824219,6700.0
2022-12-05 11:07:00,67.33000183105469,67.3594970703125,67.30999755859375,67.31999969482422,6672.0
2022-12-05 11:08:00,67.31999969482422,67.3499984741211,67.31999969482422,67.33999633789062,3087.0
2022-12-05 11:09:00,67.3550033569336,67.4000015258789,67.3550033569336,67.4000015258789,2642.0
2022-12-05 11:10:00,67.4000015258789,67.44000244140625,67.4000015258789,67.44000244140625,3245.0
2022-12-05 11:11:00,67.44000244140625,67.45999908447266,67.43499755859375,67.44999694824219,6993.0
2022-12-05 11:12:00,67.46829986572266,67.48999786376953,67.46829986572266,67.4800033569336,2964.0
2022-12-05 11:13:00,67.4800033569336,67.4800033569336,67.4000015258789,67.4000015258789,9003.0
2022-12-05 11:14:00,67.38999938964844,67.41999816894531,67.38999938964844,67.4000015258789,4750.0
2022-12-05 11:15:00,67.41500091552734,67.42500305175781,67.3499984741211,67.3499984741211,8841.0
2022-12-05 11:16:00,67.3499984741211,67.36000061035156,67.30000305175781,67.30999755859375,6446.0
2022-12-05 11:17:00,67.31999969482422,67.33000183105469,67.31999969482422,67.31999969482422,1856.0
2022-12-05 11:18:00,67.31999969482422,67.31999969482422,67.25499725341797,67.27999877929688,6945.0
2022-12-05 11:19:00,67.2699966430664,67.30000305175781,67.2699966430664,67.27999877929688,2242.0
2022-12-05 11:20:00,67.2699966430664,67.27999877929688,67.25,67.25,947.0
2022-12-05 11:21:00,67.25,67.2699966430664,67.19000244140625,67.22000122070312,4347.0
2022-12-05 11:22:00,67.2300033569336,67.27999877929688,67.2300033569336,67.2300033569336,18394.0
2022-12-05 11:23:00,67.20999908447266,67.20999908447266,67.1500015258789,67.18000030517578,8606.0
2022-12-05 11:24:00,67.16999816894531,67.18499755859375,67.16000366210938,67.18499755859375,1869.0
2022-12-05 11:25:00,67.15499877929688,67.15499877929688,67.12999725341797,67.1500015258789,2852.0
2022-12-05 11:26:00,67.16999816894531,67.20999908447266,67.16999816894531,67.19999694824219,2042.0
2022-12-05 11:27:00,67.19499969482422,67.19999694824219,67.19000244140625,67.19000244140625,2140.0
2022-12-05 11:28:00,67.19999694824219,67.20999908447266,67.16000366210938,67.16000366210938,3831.0
2022-12-05 11:29:00,67.18000030517578,67.22000122070312,67.18000030517578,67.22000122070312,1526.0
2022-12-05 11:30:00,67.2300033569336,67.2300033569336,67.19000244140625,67.20999908447266,2097.0
2022-12-05 11:31:00,67.20999908447266,67.20999908447266,67.1500015258789,67.19000244140625,3137.0
2022-12-05 11:32:00,67.19000244140625,67.20999908447266,67.17500305175781,67.19499969482422,5627.0
2022-12-05 11:33:00,67.19999694824219,67.25499725341797,67.18000030517578,67.25,23411.0
2022-12-05 11:34:00,67.23999786376953,67.27999877929688,67.22000122070312,67.22000122070312,6640.0
2022-12-05 11:35:00,67.22000122070312,67.26000213623047,67.20999908447266,67.20999908447266,4199.0
2022-12-05 11:36:00,67.22000122070312,67.23500061035156,67.18000030517578,67.20999908447266,1991.0
2022-12-05 11:37:00,67.22000122070312,67.23999786376953,67.19000244140625,67.20999908447266,3090.0
2022-12-05 11:38:00,67.22000122070312,67.23999786376953,67.20500183105469,67.23999786376953,3025.0
2022-12-05 11:39:00,67.2699966430664,67.2699966430664,67.24210357666016,67.24210357666016,2013.0
2022-12-05 11:40:00,67.25,67.27999877929688,67.23999786376953,67.2699966430664,3485.0
2022-12-05 11:41:00,67.2699966430664,67.2750015258789,67.26000213623047,67.2699966430664,2955.0
2022-12-05 11:42:00,67.2699966430664,67.2750015258789,67.23999786376953,67.23999786376953,3236.0
2022-12-05 11:43:00,67.25,67.25,67.2300033569336,67.2300033569336,1312.0
2022-12-05 11:44:00,67.23500061035156,67.23999786376953,67.22000122070312,67.2300033569336,2392.0
2022-12-05 11:45:00,67.22000122070312,67.2300033569336,67.22000122070312,67.22000122070312,5110.0
2022-12-05 11:46:00,67.18000030517578,67.18000030517578,67.16999816894531,67.16999816894531,447.0
2022-12-05 11:47:00,67.19000244140625,67.20999908447266,67.16999816894531,67.19000244140625,2837.0
2022-12-05 11:48:00,67.18000030517578,67.18000030517578,67.1500015258789,67.16000366210938,3359.0
2022-12-05 11:49:00,67.16500091552734,67.18000030517578,67.16000366210938,67.16000366210938,2971.0
2022-12-05 11:50:00,67.16999816894531,67.19000244140625,67.16999816894531,67.19000244140625,846.0
2022-12-05 11:51:00,67.18000030517578,67.20500183105469,67.18000030517578,67.19999694824219,2269.0
2022-12-05 11:52:00,67.19999694824219,67.19999694824219,67.13999938964844,67.16999816894531,4038.0
2022-12-05 11:53:00,67.17500305175781,67.17500305175781,67.16000366210938,67.16999816894531,1591.0
2022-12-05 11:54:00,67.16999816894531,67.20500183105469,67.16999816894531,67.18000030517578,3021.0
2022-12-05 11:55:00,67.18000030517578,67.18000030517578,67.08000183105469,67.12999725341797,7013.0
2022-12-05 11:56:00,67.12000274658203,67.12999725341797,67.05999755859375,67.12000274658203,3987.0
2022-12-05 11:57:00,67.11000061035156,67.12999725341797,67.09010314941406,67.0999984741211,1352.0
2022-12-05 11:58:00,67.0999984741211,67.12000274658203,67.08999633789062,67.09500122070312,2158.0
2022-12-05 11:59:00,67.08999633789062,67.08999633789062,67.05000305175781,67.05000305175781,5362.0
2022-12-05 12:00:00,67.04000091552734,67.05000305175781,67.0199966430664,67.02999877929688,1325.0
2022-12-05 12:01:00,67.0199966430664,67.0199966430664,66.98999786376953,67.00499725341797,1805.0
2022-12-05 12:02:00,67.01499938964844,67.05000305175781,67.01499938964844,67.0250015258789,2959.0
2022-12-05 12:03:00,67.01000213623047,67.04000091552734,67.01000213623047,67.0250015258789,2577.0
2022-12-05 12:04:00,67.0199966430664,67.0199966430664,67.01000213623047,67.01499938964844,1579.0
2022-12-05 12:05:00,67.03500366210938,67.05000305175781,67.0,67.02999877929688,6062.0
2022-12-05 12:06:00,67.0250015258789,67.05000305175781,67.01000213623047,67.04000091552734,3166.0
2022-12-05 12:07:00,67.06999969482422,67.08000183105469,67.04000091552734,67.04000091552734,311637.0
2022-12-05 12:08:00,67.0199966430664,67.0199966430664,66.94999694824219,66.9800033569336,7762.0
2022-12-05 12:09:00,66.97000122070312,66.9800033569336,66.91000366210938,66.91999816894531,7041.0
2022-12-05 12:10:00,66.91999816894531,66.93000030517578,66.86000061035156,66.87999725341797,8180.0
2022-12-05 12:11:00,66.87000274658203,66.88999938964844,66.83999633789062,66.87000274658203,4961.0
2022-12-05 12:12:00,66.86499786376953,66.87000274658203,66.75,66.79000091552734,6503.0
2022-12-05 12:13:00,66.81999969482422,66.86499786376953,66.81999969482422,66.86499786376953,1756.0
2022-12-05 12:14:00,66.8499984741211,66.8949966430664,66.83999633789062,66.8949966430664,1401.0
2022-12-05 12:15:00,66.88999938964844,66.95999908447266,66.87999725341797,66.94999694824219,3059.0
2022-12-05 12:16:00,66.95500183105469,66.9749984741211,66.95500183105469,66.9749984741211,277.0
2022-12-05 12:17:00,66.9800033569336,66.9800033569336,66.94000244140625,66.97000122070312,3032.0
2022-12-05 12:18:00,66.97000122070312,66.97000122070312,66.91000366210938,66.91000366210938,2868.0
2022-12-05 12:19:00,66.91000366210938,66.94999694824219,66.88999938964844,66.93499755859375,3727.0
2022-12-05 12:20:00,66.94120025634766,66.94120025634766,66.88999938964844,66.8949966430664,4593.0
2022-12-05 12:21:00,66.87999725341797,66.9000015258789,66.875,66.87999725341797,3877.0
2022-12-05 12:22:00,66.88500213623047,66.9000015258789,66.86000061035156,66.87999725341797,1162.0
2022-12-05 12:23:00,66.87000274658203,66.91500091552734,66.87000274658203,66.9000015258789,4853.0
2022-12-05 12:24:00,66.88999938964844,66.88999938964844,66.86000061035156,66.875,3909.0
2022-12-05 12:25:00,66.875,66.91999816894531,66.86000061035156,66.87000274658203,5437.0
2022-12-05 12:26:00,66.87000274658203,66.92500305175781,66.87000274658203,66.91000366210938,1557.0
2022-12-05 12:27:00,66.91329956054688,66.91329956054688,66.87999725341797,66.87999725341797,2527.0
2022-12-05 12:28:00,66.87000274658203,66.88999938964844,66.8499984741211,66.86000061035156,6224.0
2022-12-05 12:29:00,66.87999725341797,66.88500213623047,66.87999725341797,66.88500213623047,1160.0
2022-12-05 12:30:00,66.87000274658203,66.87000274658203,66.86000061035156,66.86000061035156,2227.0
2022-12-05 12:31:00,66.86499786376953,66.87000274658203,66.83999633789062,66.83999633789062,3424.0
2022-12-05 12:32:00,66.83999633789062,66.8499984741211,66.83689880371094,66.84500122070312,4774.0
2022-12-05 12:33:00,66.83000183105469,66.83999633789062,66.79000091552734,66.80000305175781,5175.0
2022-12-05 12:34:00,66.77999877929688,66.77999877929688,66.70999908447266,66.7300033569336,6233.0
2022-12-05 12:35:00,66.72000122070312,66.80999755859375,66.72000122070312,66.80999755859375,3918.0
2022-12-05 12:36:00,66.81999969482422,66.81999969482422,66.79000091552734,66.80000305175781,1194.0
2022-12-05 12:37:00,66.79000091552734,66.80999755859375,66.79000091552734,66.80999755859375,1348.0
2022-12-05 12:38:00,66.81999969482422,66.83000183105469,66.80999755859375,66.81999969482422,1967.0
2022-12-05 12:39:00,66.83000183105469,66.86000061035156,66.83000183105469,66.83999633789062,4714.0
2022-12-05 12:40:00,66.8499984741211,66.86000061035156,66.83999633789062,66.83999633789062,2050.0
2022-12-05 12:41:00,66.83999633789062,66.8499984741211,66.83000183105469,66.84500122070312,2808.0
2022-12-05 12:42:00,66.83999633789062,66.87000274658203,66.81999969482422,66.87000274658203,3171.0
2022-12-05 12:43:00,66.87000274658203,66.87999725341797,66.87000274658203,66.87999725341797,559.0
2022-12-05 12:44:00,66.87000274658203,66.91000366210938,66.87000274658203,66.91000366210938,1825.0
2022-12-05 12:45:00,66.92500305175781,66.93499755859375,66.92500305175781,66.93000030517578,3009.0
2022-12-05 12:46:00,66.95999908447266,66.95999908447266,66.94000244140625,66.94999694824219,2162.0
2022-12-05 12:47:00,66.94999694824219,66.97000122070312,66.94999694824219,66.95999908447266,1260.0
2022-12-05 12:48:00,66.94999694824219,66.95999908447266,66.94999694824219,66.95999908447266,619.0
2022-12-05 12:49:00,66.94999694824219,66.9800033569336,66.94999694824219,66.95999908447266,4845.0
2022-12-05 12:50:00,66.94999694824219,66.97000122070312,66.94999694824219,66.95999908447266,922.0
2022-12-05 12:51:00,66.96499633789062,66.9800033569336,66.95999908447266,66.9800033569336,1122.0
2022-12-05 12:52:00,66.9800033569336,66.9800033569336,66.91000366210938,66.91999816894531,7784.0
2022-12-05 12:53:00,66.94000244140625,66.95999908447266,66.93000030517578,66.94000244140625,2899.0
2022-12-05 12:54:00,66.93000030517578,66.93000030517578,66.91000366210938,66.91539764404297,836.0
2022-12-05 12:55:00,66.93000030517578,66.93000030517578,66.9000015258789,66.91999816894531,2263.0
2022-12-05 12:56:00,66.93499755859375,66.93499755859375,66.91000366210938,66.93000030517578,1495.0
2022-12-05 12:57:00,66.93000030517578,66.94000244140625,66.88999938964844,66.91500091552734,13571.0
2022-12-05 12:58:00,66.88999938964844,66.91000366210938,66.88999938964844,66.9000015258789,2315.0
2022-12-05 12:59:00,66.88999938964844,66.88999938964844,66.86000061035156,66.87000274658203,2540.0
2022-12-05 13:00:00,66.875,66.94000244140625,66.875,66.94000244140625,2415.0
2022-12-05 13:01:00,66.94999694824219,66.94999694824219,66.90499877929688,66.91000366210938,4299.0
2022-12-05 13:02:00,66.88999938964844,66.93000030517578,66.88999938964844,66.93000030517578,2868.0
2022-12-05 13:03:00,66.92500305175781,66.95999908447266,66.91999816894531,66.95999908447266,1503.0
2022-12-05 13:04:00,66.95999908447266,66.95999908447266,66.94000244140625,66.94999694824219,2111.0
2022-12-05 13:05:00,66.94999694824219,66.97000122070312,66.94000244140625,66.95999908447266,2245.0
2022-12-05 13:06:00,66.98999786376953,67.0,66.97000122070312,67.0,1598.0
2022-12-05 13:07:00,66.98999786376953,67.0199966430664,66.98999786376953,67.0,4359.0
2022-12-05 13:08:00,67.0199966430664,67.02999877929688,66.98999786376953,67.01499938964844,7917.0
2022-12-05 13:09:00,67.0199966430664,67.0199966430664,67.01000213623047,67.01000213623047,893.0
2022-12-05 13:10:00,67.0199966430664,67.0199966430664,66.95999908447266,67.01000213623047,3387.0
2022-12-05 13:11:00,66.98999786376953,67.0071029663086,66.9800033569336,66.9800033569336,2201.0
2022-12-05 13:12:00,67.0,67.0,66.98639678955078,66.99500274658203,1880.0
2022-12-05 13:13:00,66.99500274658203,67.02999877929688,66.98999786376953,67.0199966430664,1751.0
2022-12-05 13:14:00,67.0199966430664,67.05500030517578,67.01000213623047,67.04000091552734,2603.0
2022-12-05 13:15:00,67.05000305175781,67.05000305175781,67.04000091552734,67.05000305175781,1870.0
2022-12-05 13:16:00,67.05000305175781,67.08999633789062,67.04000091552734,67.08000183105469,2559.0
2022-12-05 13:17:00,67.08000183105469,67.08999633789062,67.07499694824219,67.08499908447266,1897.0
2022-12-05 13:18:00,67.08499908447266,67.11000061035156,67.08499908447266,67.0999984741211,6699.0
2022-12-05 13:19:00,67.08999633789062,67.0999984741211,67.06999969482422,67.06999969482422,3750.0
2022-12-05 13:20:00,67.05999755859375,67.08999633789062,67.0,67.0,3869.0
2022-12-05 13:21:00,67.01000213623047,67.02999877929688,66.98999786376953,67.01000213623047,3251.0
2022-12-05 13:22:00,67.02999877929688,67.02999877929688,66.95999908447266,66.97000122070312,2432.0
2022-12-05 13:23:00,66.97000122070312,66.9800033569336,66.97000122070312,66.9800033569336,699.0
2022-12-05 13:24:00,66.95999908447266,66.97000122070312,66.94999694824219,66.95999908447266,2123.0
2022-12-05 13:25:00,66.95999908447266,67.0,66.94999694824219,66.98999786376953,2313.0
2022-12-05 13:26:00,66.9800033569336,66.9800033569336,66.94999694824219,66.9800033569336,5282.0
2022-12-05 13:27:00,66.95999908447266,66.95999908447266,66.94000244140625,66.95999908447266,2899.0
2022-12-05 13:28:00,66.97000122070312,66.9800033569336,66.94999694824219,66.9800033569336,3535.0
2022-12-05 13:29:00,66.98500061035156,67.00499725341797,66.97000122070312,67.00499725341797,2376.0
2022-12-05 13:30:00,67.0,67.0199966430664,67.0,67.0199966430664,941.0
2022-12-05 13:31:00,67.0,67.0199966430664,67.0,67.0199966430664,1606.0
2022-12-05 13:32:00,67.02999877929688,67.04499816894531,67.02999877929688,67.04000091552734,1751.0
2022-12-05 13:33:00,67.05000305175781,67.08000183105469,67.05000305175781,67.08000183105469,2984.0
2022-12-05 13:34:00,67.06999969482422,67.0999984741211,67.06999969482422,67.0999984741211,4153.0
2022-12-05 13:35:00,67.1010971069336,67.1177978515625,67.08999633789062,67.0999984741211,1812.0
2022-12-05 13:36:00,67.08999633789062,67.0999984741211,67.08999633789062,67.0999984741211,503.0
2022-12-05 13:37:00,67.11000061035156,67.11000061035156,67.08000183105469,67.08000183105469,3868.0
2022-12-05 13:38:00,67.1050033569336,67.11000061035156,67.1050033569336,67.11000061035156,753.0
2022-12-05 13:39:00,67.12000274658203,67.18000030517578,67.12000274658203,67.18000030517578,4628.0
2022-12-05 13:40:00,67.19000244140625,67.21900177001953,67.19000244140625,67.19999694824219,3424.0
2022-12-05 13:41:00,67.20999908447266,67.20999908447266,67.18000030517578,67.20999908447266,4486.0
2022-12-05 13:42:00,67.19999694824219,67.23999786376953,67.19999694824219,67.23999786376953,4309.0
2022-12-05 13:43:00,67.23999786376953,67.2699966430664,67.1500015258789,67.1500015258789,9046.0
2022-12-05 13:44:00,67.16500091552734,67.19999694824219,67.16100311279297,67.19999694824219,3273.0
2022-12-05 13:45:00,67.19000244140625,67.19000244140625,67.1500015258789,67.1500015258789,146792.0
2022-12-05 13:46:00,67.13500213623047,67.13500213623047,67.12000274658203,67.12000274658203,3413.0
2022-12-05 13:47:00,67.12000274658203,67.12999725341797,67.05999755859375,67.0999984741211,5572.0
2022-12-05 13:48:00,67.1050033569336,67.11000061035156,67.08999633789062,67.08999633789062,1527.0
2022-12-05 13:49:00,67.11000061035156,67.11000061035156,67.0999984741211,67.11000061035156,1453.0
2022-12-05 13:50:00,67.1050033569336,67.11000061035156,67.05999755859375,67.11000061035156,3753.0
2022-12-05 13:51:00,67.11000061035156,67.11000061035156,67.08000183105469,67.08999633789062,990.0
2022-12-05 13:52:00,67.0999984741211,67.0999984741211,67.06999969482422,67.08999633789062,2698.0
2022-12-05 13:53:00,67.08000183105469,67.12000274658203,67.08000183105469,67.08000183105469,12507.0
2022-12-05 13:54:00,67.08999633789062,67.11000061035156,67.06999969482422,67.11000061035156,3062.0
2022-12-05 13:55:00,67.0999984741211,67.0999984741211,67.05999755859375,67.05999755859375,2236.0
2022-12-05 13:56:00,67.05970001220703,67.05970001220703,66.98999786376953,67.0,16311.0
2022-12-05 13:57:00,66.97000122070312,66.98999786376953,66.94000244140625,66.96499633789062,3504.0
2022-12-05 13:58:00,66.94999694824219,66.94999694824219,66.93499755859375,66.94000244140625,3250.0
2022-12-05 13:59:00,66.93000030517578,66.94000244140625,66.87999725341797,66.91000366210938,17104.0
2022-12-05 14:00:00,66.9000015258789,66.94999694824219,66.9000015258789,66.91999816894531,5243.0
2022-12-05 14:01:00,66.91999816894531,66.91999816894531,66.91000366210938,66.91000366210938,4694.0
2022-12-05 14:02:00,66.9000015258789,66.91999816894531,66.88999938964844,66.9000015258789,3658.0
2022-12-05 14:03:00,66.9000015258789,66.9000015258789,66.8499984741211,66.87999725341797,6467.0
2022-12-05 14:04:00,66.86000061035156,66.88999938964844,66.8499984741211,66.86000061035156,2605.0
2022-12-05 14:05:00,66.8499984741211,66.87999725341797,66.8499984741211,66.86000061035156,2863.0
2022-12-05 14:06:00,66.86000061035156,66.87000274658203,66.8499984741211,66.86000061035156,1990.0
2022-12-05 14:07:00,66.8550033569336,66.87999725341797,66.83000183105469,66.8550033569336,5440.0
2022-12-05 14:08:00,66.87000274658203,66.87999725341797,66.8499984741211,66.87000274658203,2040.0
2022-12-05 14:09:00,66.88999938964844,66.88999938964844,66.86000061035156,66.87000274658203,3289.0
2022-12-05 14:10:00,66.875,66.9000015258789,66.87000274658203,66.87999725341797,1655.0
2022-12-05 14:11:00,66.90499877929688,66.93000030517578,66.87999725341797,66.91999816894531,10852.0
2022-12-05 14:12:00,66.93000030517578,66.94999694824219,66.93000030517578,66.94999694824219,1832.0
2022-12-05 14:13:00,66.94000244140625,66.94999694824219,66.93000030517578,66.93000030517578,1688.0
2022-12-05 14:14:00,66.94000244140625,66.97000122070312,66.93000030517578,66.97000122070312,3184.0
2022-12-05 14:15:00,66.95999908447266,66.97000122070312,66.94999694824219,66.97000122070312,2476.0
2022-12-05 14:16:00,66.94999694824219,66.95999908447266,66.94000244140625,66.95999908447266,1593.0
2022-12-05 14:17:00,66.94000244140625,66.9800033569336,66.94000244140625,66.97000122070312,2810.0
2022-12-05 14:18:00,66.97000122070312,66.97000122070312,66.94499969482422,66.94999694824219,4182.0
2022-12-05 14:19:00,66.95999908447266,66.97000122070312,66.94000244140625,66.94000244140625,4609.0
2022-12-05 14:20:00,66.94000244140625,66.94000244140625,66.87999725341797,66.88999938964844,3884.0
2022-12-05 14:21:00,66.87999725341797,66.91999816894531,66.87999725341797,66.9000015258789,5912.0
2022-12-05 14:22:00,66.87999725341797,66.87999725341797,66.79000091552734,66.81999969482422,31536.0
2022-12-05 14:23:00,66.81999969482422,66.8499984741211,66.80999755859375,66.80999755859375,3344.0
2022-12-05 14:24:00,66.83999633789062,66.83999633789062,66.79000091552734,66.81999969482422,2726.0
2022-12-05 14:25:00,66.80999755859375,66.8499984741211,66.80999755859375,66.8499984741211,1630.0
2022-12-05 14:26:00,66.84500122070312,66.9000015258789,66.83000183105469,66.88999938964844,4346.0
2022-12-05 14:27:00,66.88500213623047,66.88500213623047,66.83999633789062,66.83999633789062,4070.0
2022-12-05 14:28:00,66.83999633789062,66.8499984741211,66.80000305175781,66.80000305175781,9245.0
2022-12-05 14:29:00,66.79499816894531,66.83999633789062,66.79000091552734,66.83999633789062,2808.0
2022-12-05 14:30:00,66.81999969482422,66.83999633789062,66.79000091552734,66.80999755859375,5393.0
2022-12-05 14:31:00,66.81999969482422,66.81999969482422,66.79000091552734,66.79000091552734,3138.0
2022-12-05 14:32:00,66.80000305175781,66.80999755859375,66.73999786376953,66.73999786376953,14159.0
2022-12-05 14:33:00,66.7300033569336,66.73999786376953,66.69000244140625,66.7249984741211,9480.0
2022-12-05 14:34:00,66.70999908447266,66.75,66.70999908447266,66.75,1552.0
2022-12-05 14:35:00,66.75,66.75,66.7300033569336,66.7300033569336,1391.0
2022-12-05 14:36:00,66.75,66.77999877929688,66.75,66.76000213623047,3608.0
2022-12-05 14:37:00,66.7699966430664,66.80999755859375,66.76499938964844,66.80999755859375,1710.0
2022-12-05 14:38:00,66.83000183105469,66.83000183105469,66.80000305175781,66.81999969482422,2184.0
2022-12-05 14:39:00,66.81999969482422,66.83999633789062,66.80999755859375,66.80999755859375,2952.0
2022-12-05 14:40:00,66.80500030517578,66.80999755859375,66.80000305175781,66.80000305175781,1921.0
2022-12-05 14:41:00,66.80500030517578,66.80500030517578,66.75,66.7699966430664,3995.0
2022-12-05 14:42:00,66.7300033569336,66.7699966430664,66.70999908447266,66.7699966430664,2706.0
2022-12-05 14:43:00,66.7699966430664,66.79000091552734,66.7699966430664,66.7699966430664,2413.0
2022-12-05 14:44:00,66.7699966430664,66.7699966430664,66.7699966430664,66.7699966430664,368.0
2022-12-05 14:45:00,66.79000091552734,66.79000091552734,66.76000213623047,66.77999877929688,8555.0
2022-12-05 14:46:00,66.7699966430664,66.77999877929688,66.7699966430664,66.7699966430664,2166.0
2022-12-05 14:47:00,66.7699966430664,66.77999877929688,66.75,66.76499938964844,1980.0
2022-12-05 14:48:00,66.76499938964844,66.79900360107422,66.73999786376953,66.79900360107422,3100.0
2022-12-05 14:49:00,66.80999755859375,66.83000183105469,66.80000305175781,66.83000183105469,1748.0
2022-12-05 14:50:00,66.83000183105469,66.86000061035156,66.83000183105469,66.86000061035156,1673.0
2022-12-05 14:51:00,66.87000274658203,66.87999725341797,66.83999633789062,66.8499984741211,4014.0
2022-12-05 14:52:00,66.8499984741211,66.8499984741211,66.83000183105469,66.8499984741211,3867.0
2022-12-05 14:53:00,66.86000061035156,66.8949966430664,66.86000061035156,66.88999938964844,1113.0
2022-12-05 14:54:00,66.9000015258789,66.91459655761719,66.87000274658203,66.87000274658203,3506.0
2022-12-05 14:55:00,66.87999725341797,66.88999938964844,66.83999633789062,66.8499984741211,4382.0
2022-12-05 14:56:00,66.88999938964844,66.91999816894531,66.87999725341797,66.91999816894531,2659.0
2022-12-05 14:57:00,66.91999816894531,66.93000030517578,66.91000366210938,66.91000366210938,2692.0
2022-12-05 14:58:00,66.91000366210938,66.91999816894531,66.88999938964844,66.91999816894531,3662.0
2022-12-05 14:59:00,66.91000366210938,66.91999816894531,66.8949966430664,66.9000015258789,2233.0
2022-12-05 15:00:00,66.9000015258789,66.93499755859375,66.9000015258789,66.91000366210938,2869.0
2022-12-05 15:01:00,66.88999938964844,66.92500305175781,66.88999938964844,66.92500305175781,3725.0
2022-12-05 15:02:00,66.91000366210938,66.91000366210938,66.88999938964844,66.91000366210938,1492.0
2022-12-05 15:03:00,66.91999816894531,66.94000244140625,66.91999816894531,66.94000244140625,835.0
2022-12-05 15:04:00,66.97000122070312,66.9749984741211,66.95999908447266,66.9749984741211,1495.0
2022-12-05 15:05:00,66.97000122070312,66.97000122070312,66.94499969482422,66.94499969482422,6065.0
2022-12-05 15:06:00,66.94000244140625,66.94000244140625,66.93000030517578,66.93000030517578,4994.0
2022-12-05 15:07:00,66.92500305175781,66.9800033569336,66.92500305175781,66.96499633789062,4465.0
2022-12-05 15:08:00,66.97000122070312,67.0,66.97000122070312,67.0,1299.0
2022-12-05 15:09:00,67.01000213623047,67.01000213623047,66.98999786376953,67.0,3884.0
2022-12-05 15:10:00,66.9800033569336,66.9800033569336,66.93000030517578,66.95999908447266,4986.0
2022-12-05 15:11:00,66.97000122070312,66.98999786376953,66.95999908447266,66.9656982421875,3313.0
2022-12-05 15:12:00,66.9800033569336,67.0,66.9800033569336,66.98999786376953,2099.0
2022-12-05 15:13:00,66.9800033569336,67.0199966430664,66.9800033569336,67.0,6104.0
2022-12-05 15:14:00,67.01499938964844,67.02999877929688,67.01000213623047,67.0199966430664,3201.0
2022-12-05 15:15:00,67.0199966430664,67.0250015258789,66.97000122070312,66.97000122070312,6181.0
2022-12-05 15:16:00,66.95999908447266,66.97000122070312,66.95999908447266,66.97000122070312,1613.0
2022-12-05 15:17:00,66.95999908447266,66.97000122070312,66.94999694824219,66.95999908447266,3700.0
2022-12-05 15:18:00,66.95999908447266,66.95999908447266,66.87999725341797,66.87999725341797,9802.0
2022-12-05 15:19:00,66.86100006103516,66.88999938964844,66.8499984741211,66.87000274658203,7857.0
2022-12-05 15:20:00,66.86000061035156,66.87999725341797,66.8499984741211,66.87999725341797,2744.0
2022-12-05 15:21:00,66.9000015258789,66.9000015258789,66.86000061035156,66.87999725341797,3933.0
2022-12-05 15:22:00,66.87999725341797,66.90499877929688,66.87000274658203,66.9000015258789,2694.0
2022-12-05 15:23:00,66.91000366210938,66.9375,66.90499877929688,66.9375,6293.0
2022-12-05 15:24:00,66.94000244140625,66.95999908447266,66.91999816894531,66.94999694824219,3486.0
2022-12-05 15:25:00,66.95999908447266,66.97000122070312,66.9000015258789,66.91000366210938,7541.0
2022-12-05 15:26:00,66.91000366210938,66.91000366210938,66.87999725341797,66.91000366210938,7281.0
2022-12-05 15:27:00,66.91000366210938,66.94000244140625,66.91000366210938,66.93000030517578,6886.0
2022-12-05 15:28:00,66.91999816894531,66.94000244140625,66.9000015258789,66.91000366210938,9822.0
2022-12-05 15:29:00,66.91000366210938,66.91999816894531,66.9000015258789,66.9000015258789,2489.0
2022-12-05 15:30:00,66.9000015258789,66.93000030517578,66.9000015258789,66.91000366210938,8334.0
2022-12-05 15:31:00,66.91000366210938,66.91999816894531,66.8949966430664,66.91000366210938,4350.0
2022-12-05 15:32:00,66.93000030517578,66.97000122070312,66.91000366210938,66.96499633789062,5582.0
2022-12-05 15:33:00,66.97000122070312,66.97000122070312,66.94000244140625,66.94000244140625,6545.0
2022-12-05 15:34:00,66.95999908447266,66.95999908447266,66.93000030517578,66.94000244140625,5859.0
2022-12-05 15:35:00,66.93000030517578,66.95999908447266,66.93000030517578,66.95999908447266,7207.0
2022-12-05 15:36:00,66.96499633789062,67.0,66.95999908447266,67.0,4873.0
2022-12-05 15:37:00,67.0,67.0250015258789,67.0,67.01499938964844,5291.0
2022-12-05 15:38:00,67.01000213623047,67.0199966430664,66.9791030883789,66.98999786376953,8991.0
2022-12-05 15:39:00,66.98999786376953,67.0,66.94000244140625,66.95999908447266,8054.0
2022-12-05 15:40:00,66.97000122070312,66.97000122070312,66.93000030517578,66.97000122070312,15986.0
2022-12-05 15:41:00,66.97000122070312,66.98999786376953,66.95999908447266,66.95999908447266,7910.0
2022-12-05 15:42:00,66.95999908447266,67.0,66.95999908447266,67.0,6472.0
2022-12-05 15:43:00,67.0,67.01000213623047,67.0,67.0,5254.0
2022-12-05 15:44:00,67.01000213623047,67.05000305175781,67.01000213623047,67.05000305175781,10986.0
2022-12-05 15:45:00,67.05000305175781,67.06500244140625,67.04000091552734,67.05000305175781,23759.0
2022-12-05 15:46:00,67.08000183105469,67.08999633789062,67.05000305175781,67.05999755859375,29463.0
2022-12-05 15:47:00,67.07499694824219,67.09989929199219,67.06999969482422,67.08000183105469,9398.0
2022-12-05 15:48:00,67.06999969482422,67.08499908447266,67.05000305175781,67.08499908447266,12362.0
2022-12-05 15:49:00,67.08999633789062,67.09500122070312,67.04499816894531,67.04499816894531,13526.0
2022-12-05 15:50:00,67.06999969482422,67.08000183105469,67.0199966430664,67.08000183105469,25365.0
2022-12-05 15:51:00,67.06999969482422,67.11499786376953,67.05500030517578,67.11000061035156,18574.0
2022-12-05 15:52:00,67.0999984741211,67.12999725341797,67.08000183105469,67.11000061035156,16993.0
2022-12-05 15:53:00,67.12000274658203,67.16500091552734,67.11000061035156,67.1500015258789,29975.0
2022-12-05 15:54:00,67.16000366210938,67.19000244140625,67.1500015258789,67.18000030517578,26547.0
2022-12-05 15:55:00,67.19000244140625,67.22000122070312,67.16999816894531,67.22000122070312,27549.0
2022-12-05 15:56:00,67.2249984741211,67.23500061035156,67.20500183105469,67.21499633789062,46059.0
2022-12-05 15:57:00,67.22000122070312,67.30999755859375,67.22000122070312,67.30999755859375,44939.0
2022-12-05 15:58:00,67.30999755859375,67.33000183105469,67.16000366210938,67.16000366210938,104381.0
2022-12-05 15:59:00,67.16000366210938,67.30000305175781,67.1500015258789,67.20999908447266,111862.0
2022-12-06 09:30:00,67.18000030517578,67.3499984741211,66.91999816894531,67.16999816894531,28321.0
2022-12-06 09:31:00,67.17500305175781,67.3499984741211,67.04000091552734,67.3499984741211,1805.0
2022-12-06 09:32:00,67.3499984741211,67.3499984741211,67.12999725341797,67.16000366210938,2602.0
2022-12-06 09:33:00,67.20999908447266,67.36000061035156,67.16999816894531,67.30000305175781,3074.0
2022-12-06 09:34:00,67.3550033569336,67.36000061035156,67.20999908447266,67.26499938964844,4216.0
2022-12-06 09:35:00,67.26499938964844,67.26499938964844,67.05000305175781,67.05000305175781,1903.0
2022-12-06 09:36:00,67.19000244140625,67.19999694824219,67.11000061035156,67.15499877929688,1827.0
2022-12-06 09:37:00,67.16059875488281,67.25,67.05000305175781,67.11000061035156,4103.0
2022-12-06 09:38:00,67.06999969482422,67.0999984741211,67.05000305175781,67.0999984741211,1467.0
2022-12-06 09:39:00,67.1050033569336,67.1050033569336,67.05000305175781,67.05000305175781,267.0
2022-12-06 09:40:00,67.02999877929688,67.0999984741211,67.0,67.05000305175781,3978.0
2022-12-06 09:41:00,67.04000091552734,67.11000061035156,67.01750183105469,67.04499816894531,4445.0
2022-12-06 09:42:00,67.02999877929688,67.02999877929688,66.9000015258789,66.9000015258789,1827.0
2022-12-06 09:43:00,66.8499984741211,66.88999938964844,66.8499984741211,66.88999938964844,1731.0
2022-12-06 09:44:00,66.8499984741211,66.91000366210938,66.79000091552734,66.80000305175781,2777.0
2022-12-06 09:45:00,66.75,66.75,66.68000030517578,66.68000030517578,7508.0
2022-12-06 09:46:00,,,,,
2022-12-06 09:47:00,66.7699966430664,66.79000091552734,66.7699966430664,66.79000091552734,596.0
2022-12-06 09:48:00,66.81999969482422,66.87999725341797,66.81999969482422,66.87999725341797,1428.0
2022-12-06 09:49:00,66.91000366210938,66.9800033569336,66.91000366210938,66.95999908447266,5124.0
2022-12-06 09:50:00,66.94000244140625,66.94000244140625,66.87000274658203,66.93000030517578,3037.0
2022-12-06 09:51:00,66.97000122070312,66.98999786376953,66.94000244140625,66.97000122070312,3436.0
2022-12-06 09:52:00,66.95999908447266,67.04000091552734,66.93000030517578,66.98999786376953,2095.0
2022-12-06 09:53:00,66.97000122070312,66.98999786376953,66.90769958496094,66.90769958496094,2136.0
2022-12-06 09:54:00,66.9000015258789,66.91000366210938,66.87999725341797,66.9000015258789,3423.0
2022-12-06 09:55:00,66.8949966430664,66.93000030517578,66.87000274658203,66.87999725341797,2550.0
2022-12-06 09:56:00,66.9000015258789,66.91500091552734,66.83999633789062,66.84500122070312,1728.0
2022-12-06 09:57:00,66.8499984741211,66.93000030517578,66.8499984741211,66.93000030517578,1927.0
2022-12-06 09:58:00,66.91000366210938,66.91000366210938,66.83499908447266,66.83499908447266,2048.0
2022-12-06 09:59:00,66.81999969482422,66.87000274658203,66.77999877929688,66.8499984741211,4061.0
2022-12-06 10:00:00,66.86000061035156,66.9000015258789,66.83999633789062,66.87999725341797,3907.0
2022-12-06 10:01:00,66.87000274658203,66.91999816894531,66.8499984741211,66.87999725341797,4933.0
2022-12-06 10:02:00,66.87999725341797,66.88999938964844,66.79000091552734,66.80000305175781,3232.0
2022-12-06 10:03:00,66.80999755859375,66.80999755859375,66.75,66.75,3718.0
2022-12-06 10:04:00,66.7300033569336,66.75,66.66999816894531,66.66999816894531,5614.0
2022-12-06 10:05:00,66.66100311279297,66.72000122070312,66.6449966430664,66.6500015258789,5442.0
2022-12-06 10:06:00,66.66999816894531,66.68000030517578,66.63999938964844,66.67500305175781,2089.0
2022-12-06 10:07:00,66.66000366210938,66.66000366210938,66.62000274658203,66.66000366210938,3205.0
2022-12-06 10:08:00,66.69999694824219,66.7405014038086,66.68000030517578,66.7300033569336,4593.0
2022-12-06 10:09:00,66.7300033569336,66.7699966430664,66.7300033569336,66.7699966430664,935.0
2022-12-06 10:10:00,66.80000305175781,66.80000305175781,66.7249984741211,66.7249984741211,1808.0
2022-12-06 10:11:00,66.7249984741211,66.77999877929688,66.72000122070312,66.73999786376953,3711.0
2022-12-06 10:12:00,66.77999877929688,66.77999877929688,66.75,66.75,1614.0
2022-12-06 10:13:00,66.79499816894531,66.81500244140625,66.7699966430664,66.81500244140625,872.0
2022-12-06 10:14:00,66.83000183105469,66.83999633789062,66.79000091552734,66.81420135498047,4839.0
2022-12-06 10:15:00,66.81500244140625,66.87000274658203,66.76000213623047,66.80999755859375,5450.0
2022-12-06 10:16:00,66.77999877929688,66.79499816894531,66.73500061035156,66.73500061035156,1496.0
2022-12-06 10:17:00,66.71160125732422,66.77999877929688,66.71160125732422,66.77999877929688,4777.0
2022-12-06 10:18:00,66.75,66.79000091552734,66.70999908447266,66.72000122070312,3264.0
2022-12-06 10:19:00,66.70999908447266,66.81999969482422,66.70999908447266,66.81999969482422,3628.0
2022-12-06 10:20:00,66.80000305175781,66.81500244140625,66.77999877929688,66.77999877929688,4717.0
2022-12-06 10:21:00,66.80500030517578,66.80500030517578,66.76000213623047,66.76499938964844,1674.0
2022-12-06 10:22:00,66.74500274658203,66.74500274658203,66.66999816894531,66.72000122070312,2656.0
2022-12-06 10:23:00,66.70999908447266,66.73999786376953,66.69999694824219,66.7300033569336,2248.0
2022-12-06 10:24:00,66.73999786376953,66.77999877929688,66.73999786376953,66.77999877929688,747.0
2022-12-06 10:25:00,66.7750015258789,66.80500030517578,66.7699966430664,66.7699966430664,2212.0
2022-12-06 10:26:00,66.79199981689453,66.86000061035156,66.7750015258789,66.86000061035156,9319.0
2022-12-06 10:27:00,66.8499984741211,66.86000061035156,66.80999755859375,66.80999755859375,2485.0
2022-12-06 10:28:00,66.77999877929688,66.79499816894531,66.76000213623047,66.76000213623047,3942.0
2022-12-06 10:29:00,66.75,66.76499938964844,66.70999908447266,66.70999908447266,1825.0
2022-12-06 10:30:00,66.70500183105469,66.72000122070312,66.69000244140625,66.69000244140625,2264.0
2022-12-06 10:31:00,66.69999694824219,66.7300033569336,66.69000244140625,66.69000244140625,2603.0
2022-12-06 10:32:00,66.66999816894531,66.66999816894531,66.6500015258789,66.6500015258789,1107.0
2022-12-06 10:33:00,66.6500015258789,66.69000244140625,66.6500015258789,66.68000030517578,2533.0
2022-12-06 10:34:00,66.6500015258789,66.6500015258789,66.54000091552734,66.55000305175781,2109.0
2022-12-06 10:35:00,66.55000305175781,66.57499694824219,66.51000213623047,66.55999755859375,3819.0
2022-12-06 10:36:00,66.56999969482422,66.58499908447266,66.55000305175781,66.56999969482422,2610.0
2022-12-06 10:37:00,66.5999984741211,66.62999725341797,66.56999969482422,66.56999969482422,3930.0
2022-12-06 10:38:00,66.58409881591797,66.58409881591797,66.52999877929688,66.55000305175781,4676.0
2022-12-06 10:39:00,66.54000091552734,66.5999984741211,66.54000091552734,66.5999984741211,2674.0
2022-12-06 10:40:00,66.58000183105469,66.5999984741211,66.5199966430664,66.5199966430664,4466.0
2022-12-06 10:41:00,66.54000091552734,66.58999633789062,66.52999877929688,66.58000183105469,7333.0
2022-12-06 10:42:00,66.5999984741211,66.62999725341797,66.58000183105469,66.62999725341797,2111.0
2022-12-06 10:43:00,66.62999725341797,66.63999938964844,66.62000274658203,66.63999938964844,1717.0
2022-12-06 10:44:00,66.6500015258789,66.69999694824219,66.63999938964844,66.69000244140625,2295.0
2022-12-06 10:45:00,66.70999908447266,66.7300033569336,66.68000030517578,66.7300033569336,4192.0
2022-12-06 10:46:00,,,,,
2022-12-06 10:47:00,66.74500274658203,66.80000305175781,66.74500274658203,66.79000091552734,5931.0
2022-12-06 10:48:00,66.79000091552734,66.79000091552734,66.69999694824219,66.69999694824219,2758.0
2022-12-06 10:49:00,66.69999694824219,66.76000213623047,66.69999694824219,66.72000122070312,2645.0
2022-12-06 10:50:00,66.70999908447266,66.7300033569336,66.67500305175781,66.70999908447266,3609.0
2022-12-06 10:51:00,66.69999694824219,66.69999694824219,66.68499755859375,66.69999694824219,2532.0
2022-12-06 10:52:00,66.69999694824219,66.69999694824219,66.66000366210938,66.68499755859375,3276.0
2022-12-06 10:53:00,66.68499755859375,66.69000244140625,66.66000366210938,66.68000030517578,3453.0
2022-12-06 10:54:00,66.69999694824219,66.69999694824219,66.65499877929688,66.66000366210938,4530.0
2022-12-06 10:55:00,66.65499877929688,66.70999908447266,66.6500015258789,66.69999694824219,6495.0
2022-12-06 10:56:00,66.70500183105469,66.72000122070312,66.65499877929688,66.69999694824219,8931.0
2022-12-06 10:57:00,66.70500183105469,66.71499633789062,66.68499755859375,66.71499633789062,2087.0
2022-12-06 10:58:00,66.69999694824219,66.69999694824219,66.61000061035156,66.62999725341797,4854.0
2022-12-06 10:59:00,66.62999725341797,66.62999725341797,66.61229705810547,66.62999725341797,3602.0
2022-12-06 11:00:00,66.61000061035156,66.66999816894531,66.5999984741211,66.62000274658203,5194.0
2022-12-06 11:01:00,66.65499877929688,66.66000366210938,66.58999633789062,66.62999725341797,3849.0
2022-12-06 11:02:00,66.62999725341797,66.62999725341797,66.5801010131836,66.62000274658203,3664.0
2022-12-06 11:03:00,66.61000061035156,66.62000274658203,66.55999755859375,66.56999969482422,4543.0
2022-12-06 11:04:00,66.56999969482422,66.58000183105469,66.54000091552734,66.54000091552734,2870.0
2022-12-06 11:05:00,66.52999877929688,66.61000061035156,66.5250015258789,66.61000061035156,4117.0
2022-12-06 11:06:00,66.58999633789062,66.58999633789062,66.56999969482422,66.58999633789062,2517.0
2022-12-06 11:07:00,66.58000183105469,66.58999633789062,66.55999755859375,66.58000183105469,3919.0
2022-12-06 11:08:00,66.56999969482422,66.58999633789062,66.55000305175781,66.58999633789062,4189.0
2022-12-06 11:09:00,66.5999984741211,66.61000061035156,66.5199966430664,66.52999877929688,4525.0
2022-12-06 11:10:00,66.58000183105469,66.58999633789062,66.56999969482422,66.58000183105469,1785.0
2022-12-06 11:11:00,66.5999984741211,66.5999984741211,66.54000091552734,66.58000183105469,2975.0
2022-12-06 11:12:00,66.58000183105469,66.58999633789062,66.54000091552734,66.55500030517578,4899.0
2022-12-06 11:13:00,66.55000305175781,66.55000305175781,66.47000122070312,66.47000122070312,4656.0
2022-12-06 11:14:00,66.47000122070312,66.47000122070312,66.44000244140625,66.44999694824219,2615.0
2022-12-06 11:15:00,66.44000244140625,66.44000244140625,66.34739685058594,66.36000061035156,5236.0
2022-12-06 11:16:00,66.3550033569336,66.3550033569336,66.2699966430664,66.28500366210938,4933.0
2022-12-06 11:17:00,66.2699966430664,66.3499984741211,66.25,66.31999969482422,6103.0
2022-12-06 11:18:00,66.33000183105469,66.33000183105469,66.22000122070312,66.2300033569336,8007.0
2022-12-06 11:19:00,66.2249984741211,66.27999877929688,66.2249984741211,66.26000213623047,5682.0
2022-12-06 11:20:00,66.26000213623047,66.26000213623047,66.20999908447266,66.20999908447266,5252.0
2022-12-06 11:21:00,66.22000122070312,66.22000122070312,66.16999816894531,66.22000122070312,6704.0
2022-12-06 11:22:00,66.22000122070312,66.30000305175781,66.22000122070312,66.27999877929688,6189.0
2022-12-06 11:23:00,66.2699966430664,66.29000091552734,66.2699966430664,66.2699966430664,2740.0
2022-12-06 11:24:00,66.2699966430664,66.36000061035156,66.2699966430664,66.30999755859375,11617.0
2022-12-06 11:25:00,66.31999969482422,66.31999969482422,66.2750015258789,66.29499816894531,4393.0
2022-12-06 11:26:00,66.30500030517578,66.30999755859375,66.23999786376953,66.23999786376953,3115.0
2022-12-06 11:27:00,66.23999786376953,66.30000305175781,66.22000122070312,66.29000091552734,3874.0
2022-12-06 11:28:00,66.30500030517578,66.30999755859375,66.26000213623047,66.26000213623047,5564.0
2022-12-06 11:29:00,66.26000213623047,66.30999755859375,66.25,66.29000091552734,4371.0
2022-12-06 11:30:00,66.29000091552734,66.33000183105469,66.23999786376953,66.31999969482422,3949.0
2022-12-06 11:31:00,66.31999969482422,66.3499984741211,66.29000091552734,66.30999755859375,7624.0
2022-12-06 11:32:00,66.31500244140625,66.33999633789062,66.30000305175781,66.33999633789062,6769.0
2022-12-06 11:33:00,66.36000061035156,66.36000061035156,66.33000183105469,66.33499908447266,1918.0
2022-12-06 11:34:00,66.33999633789062,66.3550033569336,66.29000091552734,66.31500244140625,3696.0
2022-12-06 11:35:00,66.30999755859375,66.36000061035156,66.30999755859375,66.3499984741211,2014.0
2022-12-06 11:36:00,66.33999633789062,66.36000061035156,66.30999755859375,66.30999755859375,5982.0
2022-12-06 11:37:00,66.31999969482422,66.31999969482422,66.26000213623047,66.27999877929688,2720.0
2022-12-06 11:38:00,66.30000305175781,66.30500030517578,66.26000213623047,66.26000213623047,5044.0
2022-12-06 11:39:00,66.2300033569336,66.2699966430664,66.20999908447266,66.2699966430664,2784.0
2022-12-06 11:40:00,66.27999877929688,66.27999877929688,66.2699966430664,66.2750015258789,2255.0
2022-12-06 11:41:00,66.26000213623047,66.26000213623047,66.19999694824219,66.2300033569336,5276.0
2022-12-06 11:42:00,66.23999786376953,66.27999877929688,66.23999786376953,66.2699966430664,2599.0
2022-12-06 11:43:00,66.2699966430664,66.2699966430664,66.22000122070312,66.25,4242.0
2022-12-06 11:44:00,66.2699966430664,66.29000091552734,66.2699966430664,66.27999877929688,3922.0
2022-12-06 11:45:00,66.25,66.26000213623047,66.25,66.26000213623047,737.0
2022-12-06 11:46:00,66.29000091552734,66.30000305175781,66.29000091552734,66.29000091552734,4294.0
2022-12-06 11:47:00,66.27999877929688,66.27999877929688,66.26000213623047,66.2699966430664,3357.0
2022-12-06 11:48:00,66.29000091552734,66.29000091552734,66.2300033569336,66.25,7484.0
2022-12-06 11:49:00,66.26000213623047,66.2699966430664,66.23500061035156,66.23999786376953,4205.0
2022-12-06 11:50:00,66.26499938964844,66.27999877929688,66.23999786376953,66.27999877929688,2193.0
2022-12-06 11:51:00,66.29000091552734,66.29000091552734,66.23999786376953,66.23999786376953,2369.0
2022-12-06 11:52:00,66.23999786376953,66.26000213623047,66.22000122070312,66.26000213623047,2031.0
2022-12-06 11:53:00,66.25,66.25,66.19999694824219,66.19999694824219,2405.0
2022-12-06 11:54:00,66.20500183105469,66.22000122070312,66.19000244140625,66.19999694824219,1320.0
2022-12-06 11:55:00,66.19000244140625,66.2300033569336,66.19000244140625,66.19999694824219,2669.0
2022-12-06 11:56:00,66.19000244140625,66.20999908447266,66.1500015258789,66.20999908447266,3783.0
2022-12-06 11:57:00,66.2300033569336,66.2699966430664,66.2300033569336,66.2699966430664,1829.0
2022-12-06 11:58:00,66.2750015258789,66.29000091552734,66.26000213623047,66.26000213623047,1306.0
2022-12-06 11:59:00,66.25,66.2699966430664,66.2300033569336,66.2300033569336,2630.0
2022-12-06 12:00:00,66.2300033569336,66.23999786376953,66.2300033569336,66.23999786376953,1005.0
2022-12-06 12:01:00,66.23999786376953,66.31999969482422,66.23999786376953,66.31999969482422,3367.0
2022-12-06 12:02:00,66.31999969482422,66.31999969482422,66.2699966430664,66.2699966430664,3281.0
2022-12-06 12:03:00,66.26679992675781,66.30999755859375,66.25,66.30999755859375,3256.0
2022-12-06 12:04:00,66.30500030517578,66.31500244140625,66.27999877929688,66.30000305175781,2010.0
2022-12-06 12:05:00,66.29000091552734,66.31999969482422,66.29000091552734,66.31999969482422,1493.0
2022-12-06 12:06:00,66.33000183105469,66.33000183105469,66.30999755859375,66.30999755859375,2628.0
2022-12-06 12:07:00,66.30000305175781,66.31999969482422,66.29000091552734,66.31999969482422,1560.0
2022-12-06 12:08:00,66.31999969482422,66.31999969482422,66.2750015258789,66.27999877929688,2636.0
2022-12-06 12:09:00,66.2699966430664,66.30999755859375,66.2699966430664,66.30000305175781,1904.0
2022-12-06 12:10:00,66.30000305175781,66.30000305175781,66.25,66.25,3527.0
2022-12-06 12:11:00,66.26000213623047,66.27999877929688,66.22000122070312,66.2300033569336,4368.0
2022-12-06 12:12:00,66.25,66.26000213623047,66.23999786376953,66.26000213623047,2570.0
2022-12-06 12:13:00,66.2699966430664,66.2750015258789,66.23999786376953,66.23999786376953,2129.0
2022-12-06 12:14:00,66.2699966430664,66.30999755859375,66.2699966430664,66.29499816894531,1280.0
2022-12-06 12:15:00,66.29000091552734,66.30999755859375,66.25,66.25,3097.0
2022-12-06 12:16:00,66.23999786376953,66.26000213623047,66.19999694824219,66.19999694824219,4846.0
2022-12-06 12:17:00,66.19000244140625,66.21499633789062,66.18000030517578,66.19999694824219,5480.0
2022-12-06 12:18:00,66.2074966430664,66.2074966430664,66.17500305175781,66.17500305175781,1867.0
2022-12-06 12:19:00,66.16999816894531,66.16999816894531,66.13999938964844,66.13999938964844,4618.0
2022-12-06 12:20:00,66.16000366210938,66.2300033569336,66.16000366210938,66.18000030517578,5474.0
2022-12-06 12:21:00,66.19000244140625,66.19000244140625,66.16000366210938,66.16000366210938,1808.0
2022-12-06 12:22:00,66.17500305175781,66.19999694824219,66.16999816894531,66.19999694824219,1994.0
2022-12-06 12:23:00,66.18499755859375,66.19499969482422,66.16999816894531,66.18000030517578,1514.0
2022-12-06 12:24:00,66.18000030517578,66.18000030517578,66.13999938964844,66.13999938964844,6088.0
2022-12-06 12:25:00,66.13999938964844,66.1500015258789,66.12000274658203,66.1500015258789,4001.0
2022-12-06 12:26:00,66.16999816894531,66.16999816894531,66.12000274658203,66.12999725341797,2806.0
2022-12-06 12:27:00,66.13999938964844,66.19000244140625,66.13999938964844,66.19000244140625,1575.0
2022-12-06 12:28:00,66.19000244140625,66.19999694824219,66.16000366210938,66.18000030517578,2876.0
2022-12-06 12:29:00,66.19000244140625,66.20500183105469,66.16999816894531,66.19999694824219,2351.0
2022-12-06 12:30:00,66.19000244140625,66.19499969482422,66.12999725341797,66.12999725341797,5783.0
2022-12-06 12:31:00,66.12999725341797,66.18000030517578,66.12999725341797,66.16999816894531,3981.0
2022-12-06 12:32:00,66.16000366210938,66.16999816894531,66.1500015258789,66.16000366210938,1601.0
2022-12-06 12:33:00,66.16000366210938,66.20999908447266,66.1500015258789,66.16999816894531,3780.0
2022-12-06 12:34:00,66.17500305175781,66.2300033569336,66.17500305175781,66.2300033569336,2839.0
2022-12-06 12:35:00,66.21499633789062,66.23999786376953,66.16000366210938,66.16999816894531,4488.0
2022-12-06 12:36:00,66.16999816894531,66.16999816894531,66.1500015258789,66.1500015258789,2447.0
2022-12-06 12:37:00,66.1417007446289,66.19000244140625,66.13999938964844,66.16999816894531,3585.0
2022-12-06 12:38:00,66.16999816894531,66.19000244140625,66.1541976928711,66.17500305175781,2390.0
2022-12-06 12:39:00,66.19000244140625,66.19000244140625,66.16000366210938,66.18000030517578,2431.0
2022-12-06 12:40:00,66.19000244140625,66.20999908447266,66.16999816894531,66.19499969482422,2839.0
2022-12-06 12:41:00,66.20999908447266,66.23500061035156,66.19999694824219,66.20999908447266,2758.0
2022-12-06 12:42:00,66.20999908447266,66.22000122070312,66.19999694824219,66.22000122070312,3208.0
2022-12-06 12:43:00,66.20999908447266,66.20999908447266,66.1500015258789,66.18000030517578,3889.0
2022-12-06 12:44:00,66.19000244140625,66.22000122070312,66.16999816894531,66.22000122070312,5767.0
2022-12-06 12:45:00,66.22000122070312,66.22000122070312,66.22000122070312,66.22000122070312,5218.0
2022-12-06 12:46:00,66.19999694824219,66.19999694824219,66.19999694824219,66.19999694824219,100.0
2022-12-06 12:47:00,66.18000030517578,66.20999908447266,66.18000030517578,66.18000030517578,3018.0
2022-12-06 12:48:00,66.16999816894531,66.16999816894531,66.12000274658203,66.13999938964844,3693.0
2022-12-06 12:49:00,66.13999938964844,66.19000244140625,66.12000274658203,66.19000244140625,7742.0
2022-12-06 12:50:00,66.19000244140625,66.19499969482422,66.1500015258789,66.16000366210938,4150.0
2022-12-06 12:51:00,66.17250061035156,66.18000030517578,66.12000274658203,66.1500015258789,4321.0
2022-12-06 12:52:00,66.13500213623047,66.16000366210938,66.08999633789062,66.0999984741211,4669.0
2022-12-06 12:53:00,66.0999984741211,66.12000274658203,66.05999755859375,66.11000061035156,6282.0
2022-12-06 12:54:00,66.11000061035156,66.12000274658203,66.04000091552734,66.04000091552734,9967.0
2022-12-06 12:55:00,66.04000091552734,66.05000305175781,66.01000213623047,66.02999877929688,3666.0
2022-12-06 12:56:00,66.04000091552734,66.05000305175781,66.0,66.0,4037.0
2022-12-06 12:57:00,66.02999877929688,66.06999969482422,66.0250015258789,66.0250015258789,54161.0
2022-12-06 12:58:00,66.05000305175781,66.06999969482422,66.04000091552734,66.06999969482422,1182.0
2022-12-06 12:59:00,66.04499816894531,66.06999969482422,66.04499816894531,66.06999969482422,2011.0
2022-12-06 13:00:00,66.06999969482422,66.0999984741211,66.04000091552734,66.08000183105469,3778.0
2022-12-06 13:01:00,66.06999969482422,66.08999633789062,66.04000091552734,66.08999633789062,6279.0
2022-12-06 13:02:00,66.11000061035156,66.11000061035156,66.05000305175781,66.05000305175781,1886.0
2022-12-06 13:03:00,66.06999969482422,66.06999969482422,66.0199966430664,66.05000305175781,1758.0
2022-12-06 13:04:00,66.05000305175781,66.06999969482422,66.04000091552734,66.05999755859375,2172.0
2022-12-06 13:05:00,66.05999755859375,66.05999755859375,66.01000213623047,66.0239028930664,4168.0
2022-12-06 13:06:00,66.03500366210938,66.04000091552734,66.01000213623047,66.0199966430664,2960.0
2022-12-06 13:07:00,66.04000091552734,66.04000091552734,65.98999786376953,65.9928970336914,2064.0
2022-12-06 13:08:00,65.99500274658203,66.01000213623047,65.9800033569336,65.98999786376953,1199.0
2022-12-06 13:09:00,66.0,66.00499725341797,65.94999694824219,65.94999694824219,4534.0
2022-12-06 13:10:00,65.9800033569336,65.98999786376953,65.95999908447266,65.97000122070312,1441.0
2022-12-06 13:11:00,66.0,66.0,65.95999908447266,65.9749984741211,2096.0
2022-12-06 13:12:00,65.95999908447266,65.97000122070312,65.94499969482422,65.94999694824219,3801.0
2022-12-06 13:13:00,65.94999694824219,66.0199966430664,65.94999694824219,65.98999786376953,4898.0
2022-12-06 13:14:00,65.98500061035156,66.04000091552734,65.98500061035156,66.04000091552734,1319.0
2022-12-06 13:15:00,66.04000091552734,66.04000091552734,66.0,66.0,2454.0
2022-12-06 13:16:00,66.01499938964844,66.05999755859375,66.01499938964844,66.05999755859375,1130.0
2022-12-06 13:17:00,66.05000305175781,66.07499694824219,66.0199966430664,66.06999969482422,1711.0
2022-12-06 13:18:00,66.06999969482422,66.06999969482422,66.01000213623047,66.0199966430664,4196.0
2022-12-06 13:19:00,66.01499938964844,66.01499938964844,65.9800033569336,65.9800033569336,2082.0
2022-12-06 13:20:00,65.97000122070312,65.9749984741211,65.93000030517578,65.93000030517578,3982.0
2022-12-06 13:21:00,65.91999816894531,65.94000244140625,65.91999816894531,65.93000030517578,954.0
2022-12-06 13:22:00,65.92500305175781,65.92500305175781,65.87000274658203,65.88999938964844,2263.0
2022-12-06 13:23:00,65.91000366210938,65.91000366210938,65.87000274658203,65.9000015258789,1840.0
2022-12-06 13:24:00,65.88500213623047,65.88500213623047,65.86000061035156,65.87950134277344,3199.0
2022-12-06 13:25:00,65.87999725341797,65.88999938964844,65.83000183105469,65.86000061035156,2533.0
2022-12-06 13:26:00,65.87000274658203,65.9000015258789,65.83999633789062,65.83999633789062,4812.0
2022-12-06 13:27:00,65.8499984741211,65.875,65.8499984741211,65.875,1636.0
2022-12-06 13:28:00,65.875,65.875,65.81999969482422,65.86000061035156,3175.0
2022-12-06 13:29:00,65.86499786376953,65.87999725341797,65.83999633789062,65.87000274658203,1699.0
2022-12-06 13:30:00,65.83999633789062,65.87999725341797,65.80999755859375,65.87999725341797,3096.0
2022-12-06 13:31:00,65.87000274658203,65.87000274658203,65.80000305175781,65.80999755859375,3797.0
2022-12-06 13:32:00,65.80999755859375,65.83999633789062,65.80000305175781,65.80000305175781,1377.0
2022-12-06 13:33:00,65.80000305175781,65.81999969482422,65.79000091552734,65.80999755859375,4803.0
2022-12-06 13:34:00,65.81500244140625,65.83999633789062,65.81500244140625,65.83999633789062,2067.0
2022-12-06 13:35:00,65.83000183105469,65.86499786376953,65.83000183105469,65.86000061035156,3840.0
2022-12-06 13:36:00,65.86000061035156,65.87999725341797,65.83999633789062,65.8499984741211,4384.0
2022-12-06 13:37:00,65.83999633789062,65.9000015258789,65.83499908447266,65.8499984741211,3529.0
2022-12-06 13:38:00,65.86000061035156,65.87999725341797,65.86000061035156,65.86000061035156,2079.0
2022-12-06 13:39:00,65.87000274658203,65.8949966430664,65.86000061035156,65.86000061035156,2047.0
2022-12-06 13:40:00,65.87000274658203,65.9000015258789,65.8499984741211,65.9000015258789,2637.0
2022-12-06 13:41:00,65.9000015258789,65.93000030517578,65.87999725341797,65.90499877929688,2577.0
2022-12-06 13:42:00,65.88999938964844,65.91000366210938,65.88999938964844,65.9000015258789,2038.0
2022-12-06 13:43:00,65.9000015258789,65.9000015258789,65.87999725341797,65.87999725341797,2593.0
2022-12-06 13:44:00,65.87000274658203,65.9000015258789,65.87000274658203,65.88999938964844,1452.0
2022-12-06 13:45:00,65.9000015258789,65.91899871826172,65.9000015258789,65.91899871826172,1309.0
2022-12-06 13:46:00,65.91999816894531,65.91999816894531,65.91000366210938,65.91000366210938,2754.0
2022-12-06 13:47:00,65.91999816894531,65.93000030517578,65.88600158691406,65.88999938964844,2124.0
2022-12-06 13:48:00,65.88999938964844,65.94000244140625,65.88999938964844,65.93000030517578,3656.0
2022-12-06 13:49:00,65.91999816894531,65.91999816894531,65.88999938964844,65.88999938964844,2196.0
2022-12-06 13:50:00,65.9000015258789,65.9000015258789,65.8499984741211,65.87999725341797,3752.0
2022-12-06 13:51:00,65.86499786376953,65.86499786376953,65.83999633789062,65.83999633789062,2233.0
2022-12-06 13:52:00,65.83000183105469,65.8499984741211,65.81999969482422,65.8499984741211,2463.0
2022-12-06 13:53:00,65.83999633789062,65.83999633789062,65.77999877929688,65.79000091552734,4282.0
2022-12-06 13:54:00,65.7750015258789,65.79000091552734,65.73999786376953,65.76000213623047,5718.0
2022-12-06 13:55:00,65.75,65.7699966430664,65.75,65.7699966430664,1951.0
2022-12-06 13:56:00,65.75499725341797,65.7699966430664,65.69999694824219,65.75,5698.0
2022-12-06 13:57:00,65.75,65.7699966430664,65.72000122070312,65.75,11015.0
2022-12-06 13:58:00,65.75,65.80000305175781,65.73999786376953,65.80000305175781,6851.0
2022-12-06 13:59:00,65.77999877929688,65.80000305175781,65.76000213623047,65.79000091552734,2373.0
2022-12-06 14:00:00,65.80000305175781,65.80999755859375,65.7300033569336,65.7300033569336,3351.0
2022-12-06 14:01:00,65.75,65.75,65.69999694824219,65.7300033569336,2317.0
2022-12-06 14:02:00,65.70999908447266,65.75,65.69999694824219,65.75,1366.0
2022-12-06 14:03:00,65.70500183105469,65.72000122070312,65.69000244140625,65.69499969482422,2858.0
2022-12-06 14:04:00,65.69499969482422,65.70999908447266,65.66000366210938,65.69000244140625,3188.0
2022-12-06 14:05:00,65.68000030517578,65.72000122070312,65.66000366210938,65.72000122070312,1807.0
2022-12-06 14:06:00,65.7249984741211,65.7249984741211,65.66500091552734,65.69000244140625,3493.0
2022-12-06 14:07:00,65.68000030517578,65.68000030517578,65.63999938964844,65.66000366210938,2788.0
2022-12-06 14:08:00,65.66999816894531,65.66999816894531,65.6500015258789,65.66000366210938,3162.0
2022-12-06 14:09:00,65.6500015258789,65.68000030517578,65.62000274658203,65.65499877929688,3614.0
2022-12-06 14:10:00,65.65499877929688,65.65499877929688,65.5999984741211,65.62000274658203,1947.0
2022-12-06 14:11:00,65.61000061035156,65.63999938964844,65.61000061035156,65.61000061035156,4019.0
2022-12-06 14:12:00,65.5999984741211,65.6500015258789,65.56999969482422,65.63999938964844,3363.0
2022-12-06 14:13:00,65.63999938964844,65.66999816894531,65.61499786376953,65.62689971923828,3539.0
2022-12-06 14:14:00,65.63999938964844,65.63999938964844,65.597900390625,65.5999984741211,2978.0
2022-12-06 14:15:00,65.61000061035156,65.62000274658203,65.61000061035156,65.61000061035156,2816.0
2022-12-06 14:16:00,65.6050033569336,65.62000274658203,65.58000183105469,65.62000274658203,3357.0
2022-12-06 14:17:00,65.6050033569336,65.66000366210938,65.58000183105469,65.63999938964844,4242.0
2022-12-06 14:18:00,65.66000366210938,65.66999816894531,65.62999725341797,65.66999816894531,1649.0
2022-12-06 14:19:00,65.66999816894531,65.66999816894531,65.62000274658203,65.62999725341797,1699.0
2022-12-06 14:20:00,65.6500015258789,65.68000030517578,65.62999725341797,65.62999725341797,4229.0
2022-12-06 14:21:00,65.63500213623047,65.6500015258789,65.62999725341797,65.6500015258789,4522.0
2022-12-06 14:22:00,65.6500015258789,65.66000366210938,65.62000274658203,65.6500015258789,3229.0
2022-12-06 14:23:00,65.63999938964844,65.66999816894531,65.62999725341797,65.63999938964844,3186.0
2022-12-06 14:24:00,65.67500305175781,65.70999908447266,65.66999816894531,65.70999908447266,2658.0
2022-12-06 14:25:00,65.69000244140625,65.69999694824219,65.62999725341797,65.66000366210938,5521.0
2022-12-06 14:26:00,65.66000366210938,65.66999816894531,65.6500015258789,65.66000366210938,2369.0
2022-12-06 14:27:00,65.66000366210938,65.66000366210938,65.62999725341797,65.62999725341797,1553.0
2022-12-06 14:28:00,65.62999725341797,65.63999938964844,65.61000061035156,65.62999725341797,3050.0
2022-12-06 14:29:00,65.63999938964844,65.63999938964844,65.5999984741211,65.5999984741211,1145.0
2022-12-06 14:30:00,65.5999984741211,65.6500015258789,65.56999969482422,65.58000183105469,5392.0
2022-12-06 14:31:00,65.5999984741211,65.5999984741211,65.58999633789062,65.58999633789062,1067.0
2022-12-06 14:32:00,65.58999633789062,65.58999633789062,65.58000183105469,65.58999633789062,1937.0
2022-12-06 14:33:00,65.58999633789062,65.58999633789062,65.56999969482422,65.56999969482422,1647.0
2022-12-06 14:34:00,65.56999969482422,65.58999633789062,65.56500244140625,65.56999969482422,3059.0
2022-12-06 14:35:00,65.56999969482422,65.58000183105469,65.52999877929688,65.52999877929688,1947.0
2022-12-06 14:36:00,65.53099822998047,65.58000183105469,65.52999877929688,65.56999969482422,5599.0
2022-12-06 14:37:00,65.55999755859375,65.55999755859375,65.5199966430664,65.5199966430664,3659.0
2022-12-06 14:38:00,65.5199966430664,65.6050033569336,65.5199966430664,65.6050033569336,3869.0
2022-12-06 14:39:00,65.6050033569336,65.61000061035156,65.56999969482422,65.61000061035156,4456.0
2022-12-06 14:40:00,65.62000274658203,65.66000366210938,65.5999984741211,65.61000061035156,2945.0
2022-12-06 14:41:00,65.62000274658203,65.6500015258789,65.62000274658203,65.6500015258789,3578.0
2022-12-06 14:42:00,65.65080261230469,65.65080261230469,65.62000274658203,65.62000274658203,2827.0
2022-12-06 14:43:00,65.625,65.66000366210938,65.625,65.66000366210938,1275.0
2022-12-06 14:44:00,65.67500305175781,65.69999694824219,65.66999816894531,65.69999694824219,3370.0
2022-12-06 14:45:00,65.69000244140625,65.69000244140625,65.66999816894531,65.69000244140625,5942.0
2022-12-06 14:46:00,65.69000244140625,65.69999694824219,65.69000244140625,65.69999694824219,332.0
2022-12-06 14:47:00,65.69000244140625,65.70999908447266,65.68000030517578,65.69499969482422,3070.0
2022-12-06 14:48:00,65.69499969482422,65.69499969482422,65.68000030517578,65.68000030517578,2412.0
2022-12-06 14:49:00,65.68000030517578,65.72000122070312,65.68000030517578,65.69000244140625,3129.0
2022-12-06 14:50:00,65.68000030517578,65.72000122070312,65.66999816894531,65.69999694824219,5960.0
2022-12-06 14:51:00,65.69999694824219,65.75,65.69999694824219,65.7249984741211,2610.0
2022-12-06 14:52:00,65.7300033569336,65.76000213623047,65.71499633789062,65.7300033569336,1923.0
2022-12-06 14:53:00,65.7300033569336,65.76000213623047,65.69999694824219,65.75499725341797,4938.0
2022-12-06 14:54:00,65.76000213623047,65.77999877929688,65.75,65.76000213623047,1409.0
2022-12-06 14:55:00,65.7699966430664,65.7699966430664,65.73999786376953,65.76000213623047,3415.0
2022-12-06 14:56:00,65.76000213623047,65.77999877929688,65.75,65.76000213623047,1428.0
2022-12-06 14:57:00,65.7699966430664,65.77999877929688,65.76000213623047,65.7699966430664,3298.0
2022-12-06 14:58:00,65.7699966430664,65.78500366210938,65.75,65.77999877929688,5181.0
2022-12-06 14:59:00,65.7699966430664,65.7699966430664,65.73999786376953,65.76000213623047,1368.0
2022-12-06 15:00:00,65.76000213623047,65.86000061035156,65.75499725341797,65.8499984741211,5118.0
2022-12-06 15:01:00,65.86499786376953,65.87000274658203,65.80999755859375,65.83999633789062,7912.0
2022-12-06 15:02:00,65.86000061035156,65.87000274658203,65.83000183105469,65.83999633789062,3707.0
2022-12-06 15:03:00,65.83000183105469,65.83000183105469,65.79000091552734,65.81999969482422,6371.0
2022-12-06 15:04:00,65.81999969482422,65.83999633789062,65.80000305175781,65.81999969482422,4524.0
2022-12-06 15:05:00,65.81999969482422,65.86000061035156,65.81999969482422,65.86000061035156,4863.0
2022-12-06 15:06:00,65.8499984741211,65.8499984741211,65.80999755859375,65.80999755859375,5423.0
2022-12-06 15:07:00,65.80999755859375,65.86000061035156,65.80999755859375,65.83999633789062,4912.0
2022-12-06 15:08:00,65.8499984741211,65.87999725341797,65.83000183105469,65.83000183105469,6298.0
2022-12-06 15:09:00,65.81999969482422,65.86499786376953,65.81999969482422,65.83000183105469,7368.0
2022-12-06 15:10:00,65.83000183105469,65.8499984741211,65.80000305175781,65.80000305175781,4747.0
2022-12-06 15:11:00,65.80999755859375,65.80999755859375,65.77999877929688,65.79000091552734,6017.0
2022-12-06 15:12:00,65.80000305175781,65.80500030517578,65.7699966430664,65.7699966430664,5977.0
2022-12-06 15:13:00,65.77999877929688,65.80999755859375,65.77999877929688,65.80500030517578,3694.0
2022-12-06 15:14:00,65.81999969482422,65.81999969482422,65.80500030517578,65.80999755859375,4926.0
2022-12-06 15:15:00,65.80999755859375,65.83999633789062,65.80999755859375,65.80999755859375,4042.0
2022-12-06 15:16:00,65.80999755859375,65.80999755859375,65.77999877929688,65.80000305175781,3147.0
2022-12-06 15:17:00,65.79000091552734,65.81999969482422,65.76000213623047,65.7699966430664,6377.0
2022-12-06 15:18:00,65.77999877929688,65.79000091552734,65.76000213623047,65.76000213623047,5223.0
2022-12-06 15:19:00,65.76000213623047,65.7699966430664,65.75,65.7699966430664,3466.0
2022-12-06 15:20:00,65.77999877929688,65.80000305175781,65.7699966430664,65.77999877929688,6977.0
2022-12-06 15:21:00,65.79000091552734,65.79000091552734,65.7509994506836,65.7699966430664,4068.0
2022-12-06 15:22:00,65.77999877929688,65.80999755859375,65.7699966430664,65.80999755859375,4098.0
2022-12-06 15:23:00,65.80999755859375,65.8499984741211,65.8010025024414,65.83999633789062,4665.0
2022-12-06 15:24:00,65.8499984741211,65.87999725341797,65.8499984741211,65.86000061035156,4702.0
2022-12-06 15:25:00,65.87000274658203,65.9000015258789,65.86000061035156,65.9000015258789,3545.0
2022-12-06 15:26:00,65.9000015258789,65.9000015258789,65.86000061035156,65.86499786376953,5676.0
2022-12-06 15:27:00,65.87000274658203,65.87000274658203,65.83000183105469,65.83000183105469,7080.0
2022-12-06 15:28:00,65.81999969482422,65.83000183105469,65.80000305175781,65.80999755859375,7636.0
2022-12-06 15:29:00,65.80999755859375,65.83000183105469,65.80000305175781,65.83000183105469,6649.0
2022-12-06 15:30:00,65.83000183105469,65.87999725341797,65.83000183105469,65.87999725341797,7862.0
2022-12-06 15:31:00,65.87999725341797,65.94999694824219,65.87999725341797,65.93499755859375,4999.0
2022-12-06 15:32:00,65.94499969482422,66.04000091552734,65.94499969482422,66.04000091552734,11987.0
2022-12-06 15:33:00,66.04000091552734,66.05000305175781,66.0,66.04000091552734,8023.0
2022-12-06 15:34:00,66.04000091552734,66.04000091552734,66.0,66.02999877929688,17339.0
2022-12-06 15:35:00,66.04000091552734,66.06999969482422,66.04000091552734,66.04499816894531,4906.0
2022-12-06 15:36:00,66.04000091552734,66.06999969482422,66.02999877929688,66.05000305175781,7045.0
2022-12-06 15:37:00,66.04000091552734,66.06999969482422,66.02999877929688,66.05999755859375,5655.0
2022-12-06 15:38:00,66.05000305175781,66.05000305175781,66.01000213623047,66.02999877929688,6823.0
2022-12-06 15:39:00,66.02999877929688,66.08000183105469,66.02999877929688,66.08000183105469,6388.0
2022-12-06 15:40:00,66.08000183105469,66.11000061035156,66.05000305175781,66.05000305175781,9415.0
2022-12-06 15:41:00,66.05000305175781,66.06999969482422,66.02999877929688,66.06999969482422,9032.0
2022-12-06 15:42:00,66.05999755859375,66.0999984741211,66.04499816894531,66.06999969482422,7162.0
2022-12-06 15:43:00,66.08000183105469,66.12000274658203,66.06999969482422,66.0999984741211,5917.0
2022-12-06 15:44:00,66.12000274658203,66.1500015258789,66.11000061035156,66.11000061035156,11003.0
2022-12-06 15:45:00,66.0999984741211,66.12000274658203,66.0999984741211,66.11000061035156,3684.0
2022-12-06 15:46:00,66.11499786376953,66.11499786376953,66.05999755859375,66.06500244140625,17433.0
2022-12-06 15:47:00,66.08000183105469,66.0999984741211,66.04000091552734,66.04000091552734,10803.0
2022-12-06 15:48:00,66.05000305175781,66.05999755859375,66.01000213623047,66.01499938964844,12886.0
2022-12-06 15:49:00,66.01000213623047,66.06999969482422,66.0,66.04000091552734,16886.0
2022-12-06 15:50:00,66.04000091552734,66.06500244140625,65.9800033569336,66.04000091552734,25673.0
2022-12-06 15:51:00,66.05999755859375,66.06999969482422,66.02999877929688,66.06999969482422,17671.0
2022-12-06 15:52:00,66.08000183105469,66.13999938964844,66.08000183105469,66.12000274658203,20535.0
2022-12-06 15:53:00,66.12999725341797,66.16000366210938,66.12100219726562,66.12999725341797,22687.0
2022-12-06 15:54:00,66.12999725341797,66.1989974975586,66.12999725341797,66.1500015258789,28738.0
2022-12-06 15:55:00,66.1500015258789,66.19000244140625,66.12000274658203,66.12999725341797,46183.0
2022-12-06 15:56:00,66.12999725341797,66.13500213623047,66.08000183105469,66.08999633789062,32472.0
2022-12-06 15:57:00,66.08000183105469,66.0999984741211,66.05999755859375,66.06999969482422,31057.0
2022-12-06 15:58:00,66.07499694824219,66.08999633789062,66.04000091552734,66.06500244140625,47599.0
2022-12-06 15:59:00,66.13500213623047,66.1500015258789,66.0999984741211,66.0999984741211,60132.0
2022-12-07 09:30:00,65.94999694824219,66.0,65.69000244140625,65.99500274658203,50392.0
2022-12-07 09:31:00,66.04000091552734,66.04499816894531,65.8499984741211,65.8499984741211,4485.0
2022-12-07 09:32:00,66.01499938964844,66.12000274658203,65.91999816894531,66.08000183105469,4558.0
2022-12-07 09:33:00,66.13999938964844,66.18000030517578,66.04000091552734,66.12000274658203,4466.0
2022-12-07 09:34:00,66.16000366210938,66.20999908447266,66.08999633789062,66.15499877929688,2861.0
2022-12-07 09:35:00,66.18499755859375,66.33000183105469,66.16000366210938,66.33000183105469,6505.0
2022-12-07 09:36:00,66.33000183105469,66.38999938964844,66.30000305175781,66.37999725341797,2625.0
2022-12-07 09:37:00,66.42990112304688,66.4800033569336,66.3499984741211,66.37000274658203,4731.0
2022-12-07 09:38:00,66.34500122070312,66.45999908447266,66.30999755859375,66.41000366210938,4824.0
2022-12-07 09:39:00,66.42500305175781,66.42500305175781,66.36000061035156,66.37999725341797,2838.0
2022-12-07 09:40:00,66.3499984741211,66.36000061035156,66.27999877929688,66.32499694824219,2629.0
2022-12-07 09:41:00,66.3499984741211,66.3499984741211,66.29000091552734,66.33999633789062,4301.0
2022-12-07 09:42:00,66.34500122070312,66.3499984741211,66.26000213623047,66.26000213623047,4134.0
2022-12-07 09:43:00,66.25,66.33999633789062,66.25,66.31999969482422,6785.0
2022-12-07 09:44:00,66.33999633789062,66.36000061035156,66.33000183105469,66.33499908447266,2664.0
2022-12-07 09:45:00,66.3499984741211,66.48999786376953,66.3499984741211,66.48999786376953,2862.0
2022-12-07 09:46:00,66.36000061035156,66.36000061035156,66.36000061035156,66.36000061035156,4812.0
2022-12-07 09:47:00,66.29499816894531,66.34500122070312,66.25,66.28500366210938,7359.0
2022-12-07 09:48:00,66.30999755859375,66.38999938964844,66.30999755859375,66.38999938964844,3256.0
2022-12-07 09:49:00,66.41999816894531,66.41999816894531,66.2300033569336,66.25,8655.0
2022-12-07 09:50:00,66.30000305175781,66.3499984741211,66.25499725341797,66.33000183105469,4032.0
2022-12-07 09:51:00,66.32499694824219,66.37000274658203,66.30999755859375,66.33000183105469,5545.0
2022-12-07 09:52:00,66.32499694824219,66.36000061035156,66.2699966430664,66.33999633789062,13334.0
2022-12-07 09:53:00,66.36000061035156,66.47000122070312,66.36000061035156,66.45999908447266,31678.0
2022-12-07 09:54:00,66.4800033569336,66.66999816894531,66.4800033569336,66.63999938964844,40412.0
2022-12-07 09:55:00,66.62999725341797,66.62999725341797,66.48999786376953,66.55999755859375,11663.0
2022-12-07 09:56:00,66.58999633789062,66.64199829101562,66.56999969482422,66.58999633789062,3628.0
2022-12-07 09:57:00,66.58999633789062,66.6050033569336,66.48999786376953,66.6050033569336,6294.0
2022-12-07 09:58:00,66.6093978881836,66.62000274658203,66.58999633789062,66.5999984741211,7429.0
2022-12-07 09:59:00,66.62000274658203,66.6500015258789,66.58999633789062,66.5999984741211,4759.0
2022-12-07 10:00:00,66.58999633789062,66.61000061035156,66.43499755859375,66.55500030517578,31456.0
2022-12-07 10:01:00,66.58999633789062,66.58999633789062,66.4000015258789,66.44999694824219,13848.0
2022-12-07 10:02:00,66.45999908447266,66.4749984741211,66.38999938964844,66.4000015258789,9511.0
2022-12-07 10:03:00,66.37999725341797,66.41999816894531,66.33999633789062,66.34500122070312,1972.0
2022-12-07 10:04:00,66.3499984741211,66.45500183105469,66.3499984741211,66.44999694824219,3166.0
2022-12-07 10:05:00,66.43499755859375,66.47000122070312,66.41000366210938,66.44999694824219,2523.0
2022-12-07 10:06:00,66.41000366210938,66.41999816894531,66.33000183105469,66.41999816894531,6418.0
2022-12-07 10:07:00,66.45999908447266,66.45999908447266,66.44000244140625,66.45999908447266,1483.0
2022-12-07 10:08:00,66.46499633789062,66.4800033569336,66.41999816894531,66.4749984741211,4211.0
2022-12-07 10:09:00,66.45500183105469,66.45500183105469,66.33000183105469,66.3499984741211,4153.0
2022-12-07 10:10:00,66.32499694824219,66.36000061035156,66.19000244140625,66.2300033569336,15912.0
2022-12-07 10:11:00,66.19999694824219,66.2699966430664,66.11000061035156,66.19000244140625,10281.0
2022-12-07 10:12:00,66.16999816894531,66.27999877929688,66.15499877929688,66.27999877929688,4098.0
2022-12-07 10:13:00,66.33000183105469,66.42500305175781,66.33000183105469,66.42500305175781,1684.0
2022-12-07 10:14:00,66.41000366210938,66.41000366210938,66.25,66.30500030517578,6688.0
2022-12-07 10:15:00,66.33000183105469,66.33999633789062,66.30000305175781,66.30000305175781,1423.0
2022-12-07 10:16:00,66.36000061035156,66.44999694824219,66.36000061035156,66.38999938964844,3542.0
2022-12-07 10:17:00,66.33000183105469,66.37000274658203,66.33000183105469,66.3499984741211,2466.0
2022-12-07 10:18:00,66.36000061035156,66.37999725341797,66.33000183105469,66.37000274658203,1702.0
2022-12-07 10:19:00,66.36499786376953,66.36499786376953,66.2699966430664,66.28500366210938,16788.0
2022-12-07 10:20:00,66.28500366210938,66.4000015258789,66.27999877929688,66.38999938964844,5943.0
2022-12-07 10:21:00,66.37000274658203,66.43000030517578,66.37000274658203,66.38999938964844,4247.0
2022-12-07 10:22:00,66.33999633789062,66.38999938964844,66.31999969482422,66.37000274658203,2524.0
2022-12-07 10:23:00,66.36000061035156,66.36000061035156,66.30999755859375,66.3550033569336,1487.0
2022-12-07 10:24:00,66.37000274658203,66.45999908447266,66.33999633789062,66.44000244140625,2112.0
2022-12-07 10:25:00,66.44999694824219,66.4800033569336,66.44000244140625,66.44999694824219,2710.0
2022-12-07 10:26:00,66.43499755859375,66.47000122070312,66.4000015258789,66.45999908447266,5691.0
2022-12-07 10:27:00,66.45010375976562,66.48999786376953,66.41999816894531,66.41999816894531,5102.0
2022-12-07 10:28:00,66.40499877929688,66.5199966430664,66.40499877929688,66.5199966430664,6247.0
2022-12-07 10:29:00,66.51000213623047,66.62000274658203,66.51000213623047,66.62000274658203,4119.0
2022-12-07 10:30:00,66.63999938964844,66.81999969482422,66.63999938964844,66.79499816894531,26213.0
2022-12-07 10:31:00,66.83499908447266,66.87999725341797,66.7699966430664,66.81999969482422,4801.0
2022-12-07 10:32:00,66.82499694824219,66.83999633789062,66.7249984741211,66.76000213623047,3900.0
2022-12-07 10:33:00,66.76000213623047,66.83000183105469,66.76000213623047,66.81999969482422,2537.0
2022-12-07 10:34:00,66.81999969482422,66.83000183105469,66.7699966430664,66.77999877929688,2908.0
2022-12-07 10:35:00,66.80000305175781,66.80000305175781,66.7300033569336,66.7300033569336,3125.0
2022-12-07 10:36:00,66.7300033569336,66.80000305175781,66.69999694824219,66.76000213623047,3847.0
2022-12-07 10:37:00,66.77999877929688,66.77999877929688,66.69000244140625,66.70999908447266,4384.0
2022-12-07 10:38:00,66.69999694824219,66.70500183105469,66.61000061035156,66.66999816894531,7254.0
2022-12-07 10:39:00,66.66999816894531,66.66999816894531,66.62999725341797,66.6500015258789,2619.0
2022-12-07 10:40:00,66.66999816894531,66.73999786376953,66.66500091552734,66.72000122070312,7858.0
2022-12-07 10:41:00,66.72000122070312,66.80500030517578,66.72000122070312,66.76000213623047,2930.0
2022-12-07 10:42:00,66.76499938964844,66.79000091552734,66.75,66.75,3320.0
2022-12-07 10:43:00,66.75499725341797,66.80999755859375,66.75499725341797,66.79000091552734,3546.0
2022-12-07 10:44:00,66.80999755859375,66.8499984741211,66.79000091552734,66.83000183105469,4931.0
2022-12-07 10:45:00,66.83000183105469,66.84500122070312,66.80000305175781,66.83000183105469,6926.0
2022-12-07 10:46:00,66.83000183105469,66.86000061035156,66.83000183105469,66.86000061035156,4473.0
2022-12-07 10:47:00,66.86000061035156,67.0199966430664,66.86000061035156,67.0199966430664,12670.0
2022-12-07 10:48:00,67.01000213623047,67.05000305175781,66.9800033569336,67.01000213623047,10354.0
2022-12-07 10:49:00,66.98999786376953,67.04000091552734,66.97000122070312,67.04000091552734,4189.0
2022-12-07 10:50:00,67.03500366210938,67.03500366210938,66.95500183105469,67.0,3661.0
2022-12-07 10:51:00,67.0199966430664,67.06999969482422,67.0,67.01000213623047,4815.0
2022-12-07 10:52:00,67.02999877929688,67.05000305175781,67.01499938964844,67.04000091552734,2989.0
2022-12-07 10:53:00,67.06999969482422,67.06999969482422,67.0199966430664,67.05000305175781,4378.0
2022-12-07 10:54:00,67.06999969482422,67.08000183105469,66.9800033569336,67.01499938964844,7312.0
2022-12-07 10:55:00,67.01499938964844,67.03500366210938,66.9800033569336,66.9800033569336,7227.0
2022-12-07 10:56:00,66.9800033569336,66.9800033569336,66.90499877929688,66.92440032958984,2369.0
2022-12-07 10:57:00,66.93000030517578,66.94000244140625,66.91999816894531,66.93499755859375,1338.0
2022-12-07 10:58:00,66.93000030517578,66.94000244140625,66.91500091552734,66.93000030517578,2964.0
2022-12-07 10:59:00,66.94999694824219,66.97000122070312,66.93000030517578,66.94000244140625,5556.0
2022-12-07 11:00:00,66.93499755859375,66.98999786376953,66.91999816894531,66.94999694824219,4731.0
2022-12-07 11:01:00,66.93000030517578,66.94000244140625,66.93000030517578,66.94000244140625,650.0
2022-12-07 11:02:00,66.91999816894531,66.97000122070312,66.9000015258789,66.94000244140625,2700.0
2022-12-07 11:03:00,66.93000030517578,66.97000122070312,66.91999816894531,66.97000122070312,974.0
2022-12-07 11:04:00,66.95500183105469,66.98999786376953,66.94000244140625,66.98500061035156,2011.0
2022-12-07 11:05:00,66.97000122070312,66.9800033569336,66.94000244140625,66.94999694824219,3511.0
2022-12-07 11:06:00,66.91999816894531,66.91999816894531,66.83000183105469,66.83000183105469,2126.0
2022-12-07 11:07:00,66.81500244140625,66.83000183105469,66.7699966430664,66.80000305175781,4238.0
2022-12-07 11:08:00,66.80000305175781,66.81800079345703,66.79000091552734,66.81800079345703,1252.0
2022-12-07 11:09:00,66.80999755859375,66.81999969482422,66.80000305175781,66.81999969482422,999.0
2022-12-07 11:10:00,66.81999969482422,66.83000183105469,66.77999877929688,66.77999877929688,2632.0
2022-12-07 11:11:00,66.75,66.75,66.70829772949219,66.70829772949219,2023.0
2022-12-07 11:12:00,66.70999908447266,66.75,66.70999908447266,66.73100280761719,3366.0
2022-12-07 11:13:00,66.69999694824219,66.72000122070312,66.68000030517578,66.72000122070312,2019.0
2022-12-07 11:14:00,66.7300033569336,66.7300033569336,66.69000244140625,66.69999694824219,2165.0
2022-12-07 11:15:00,66.70999908447266,66.75,66.69999694824219,66.73999786376953,3608.0
2022-12-07 11:16:00,66.72000122070312,66.72000122070312,66.69000244140625,66.70500183105469,2850.0
2022-12-07 11:17:00,66.69999694824219,66.72000122070312,66.69999694824219,66.70999908447266,1395.0
2022-12-07 11:18:00,66.70999908447266,66.74500274658203,66.69000244140625,66.69000244140625,5390.0
2022-12-07 11:19:00,66.68000030517578,66.69000244140625,66.6500015258789,66.6500015258789,2158.0
2022-12-07 11:20:00,66.63999938964844,66.6500015258789,66.56999969482422,66.56999969482422,3023.0
2022-12-07 11:21:00,66.58999633789062,66.58999633789062,66.54000091552734,66.55000305175781,4202.0
2022-12-07 11:22:00,66.54000091552734,66.61000061035156,66.54000091552734,66.61000061035156,5693.0
2022-12-07 11:23:00,66.58000183105469,66.58999633789062,66.52999877929688,66.53500366210938,3119.0
2022-12-07 11:24:00,66.55000305175781,66.55000305175781,66.45999908447266,66.4800033569336,4603.0
2022-12-07 11:25:00,66.48999786376953,66.5199966430664,66.4800033569336,66.5199966430664,3122.0
2022-12-07 11:26:00,66.53500366210938,66.53500366210938,66.51499938964844,66.51499938964844,405.0
2022-12-07 11:27:00,66.5,66.5,66.4800033569336,66.48999786376953,1504.0
2022-12-07 11:28:00,66.4800033569336,66.5,66.45999908447266,66.5,6462.0
2022-12-07 11:29:00,66.5,66.55000305175781,66.4800033569336,66.55000305175781,7965.0
2022-12-07 11:30:00,66.52999877929688,66.54000091552734,66.4749984741211,66.4800033569336,4009.0
2022-12-07 11:31:00,66.47090148925781,66.4800033569336,66.41999816894531,66.41999816894531,2063.0
2022-12-07 11:32:00,66.43000030517578,66.5,66.43000030517578,66.5,2594.0
2022-12-07 11:33:00,66.48999786376953,66.48999786376953,66.44499969482422,66.45999908447266,1485.0
2022-12-07 11:34:00,66.44999694824219,66.44999694824219,66.38999938964844,66.38999938964844,2828.0
2022-12-07 11:35:00,66.37999725341797,66.41999816894531,66.37000274658203,66.40499877929688,2083.0
2022-12-07 11:36:00,66.41999816894531,66.4800033569336,66.41999816894531,66.44000244140625,6684.0
2022-12-07 11:37:00,66.44499969482422,66.44499969482422,66.43000030517578,66.43000030517578,682.0
2022-12-07 11:38:00,66.42500305175781,66.44000244140625,66.41000366210938,66.44000244140625,2425.0
2022-12-07 11:39:00,66.44000244140625,66.44000244140625,66.4000015258789,66.4000015258789,991.0
2022-12-07 11:40:00,66.4000015258789,66.43000030517578,66.4000015258789,66.43000030517578,2326.0
2022-12-07 11:41:00,66.42500305175781,66.44000244140625,66.42500305175781,66.43000030517578,2768.0
2022-12-07 11:42:00,66.43000030517578,66.44999694824219,66.43000030517578,66.43000030517578,1017.0
2022-12-07 11:43:00,66.44999694824219,66.44999694824219,66.43000030517578,66.43000030517578,1188.0
2022-12-07 11:44:00,66.40499877929688,66.44000244140625,66.40499877929688,66.44000244140625,6831.0
2022-12-07 11:45:00,66.44999694824219,66.45999908447266,66.38999938964844,66.41000366210938,2705.0
2022-12-07 11:46:00,66.42500305175781,66.43000030517578,66.41000366210938,66.41999816894531,3014.0
2022-12-07 11:47:00,66.4000015258789,66.41999816894531,66.3949966430664,66.41000366210938,2505.0
2022-12-07 11:48:00,66.41000366210938,66.41000366210938,66.4000015258789,66.4000015258789,2529.0
2022-12-07 11:49:00,66.38500213623047,66.38500213623047,66.33000183105469,66.33999633789062,6057.0
2022-12-07 11:50:00,66.3499984741211,66.3499984741211,66.30500030517578,66.31999969482422,4458.0
2022-12-07 11:51:00,66.31999969482422,66.31999969482422,66.2699966430664,66.2699966430664,3258.0
2022-12-07 11:52:00,66.26000213623047,66.31999969482422,66.25,66.29000091552734,3805.0
2022-12-07 11:53:00,66.27999877929688,66.29000091552734,66.2699966430664,66.2699966430664,1559.0
2022-12-07 11:54:00,66.26000213623047,66.26000213623047,66.23999786376953,66.23999786376953,2727.0
2022-12-07 11:55:00,66.26000213623047,66.26000213623047,66.2300033569336,66.23999786376953,3185.0
2022-12-07 11:56:00,66.25,66.30500030517578,66.23999786376953,66.2699966430664,3142.0
2022-12-07 11:57:00,66.29000091552734,66.31999969482422,66.29000091552734,66.31999969482422,3512.0
2022-12-07 11:58:00,66.33499908447266,66.37000274658203,66.33499908447266,66.36000061035156,736.0
2022-12-07 11:59:00,66.37999725341797,66.38999938964844,66.36000061035156,66.37000274658203,4718.0
2022-12-07 12:00:00,66.37000274658203,66.37999725341797,66.33000183105469,66.37999725341797,5808.0
2022-12-07 12:01:00,66.38999938964844,66.44000244140625,66.38999938964844,66.44000244140625,2506.0
2022-12-07 12:02:00,66.44999694824219,66.44999694824219,66.41999816894531,66.43000030517578,2038.0
2022-12-07 12:03:00,66.41999816894531,66.41999816894531,66.3499984741211,66.3499984741211,5398.0
2022-12-07 12:04:00,66.36000061035156,66.36000061035156,66.33000183105469,66.33999633789062,4515.0
2022-12-07 12:05:00,66.33000183105469,66.33000183105469,66.29000091552734,66.30999755859375,5116.0
2022-12-07 12:06:00,66.30999755859375,66.30999755859375,66.29000091552734,66.29000091552734,2952.0
2022-12-07 12:07:00,66.30000305175781,66.30500030517578,66.2699966430664,66.2699966430664,5233.0
2022-12-07 12:08:00,66.26000213623047,66.29000091552734,66.25499725341797,66.25499725341797,3337.0
2022-12-07 12:09:00,66.25499725341797,66.30999755859375,66.23999786376953,66.30999755859375,4404.0
2022-12-07 12:10:00,66.30999755859375,66.30999755859375,66.26499938964844,66.26499938964844,4000.0
2022-12-07 12:11:00,66.2699966430664,66.31500244140625,66.2699966430664,66.2699966430664,5261.0
2022-12-07 12:12:00,66.27999877929688,66.30999755859375,66.2699966430664,66.2699966430664,7359.0
2022-12-07 12:13:00,66.26000213623047,66.2699966430664,66.22000122070312,66.25499725341797,3849.0
2022-12-07 12:14:00,66.25,66.27999877929688,66.25,66.27999877929688,4201.0
2022-12-07 12:15:00,66.30000305175781,66.30000305175781,66.27189636230469,66.29000091552734,3515.0
2022-12-07 12:16:00,66.30000305175781,66.30999755859375,66.27999877929688,66.27999877929688,2644.0
2022-12-07 12:17:00,66.29000091552734,66.29000091552734,66.25,66.25,3089.0
2022-12-07 12:18:00,66.26000213623047,66.26000213623047,66.23999786376953,66.23999786376953,2876.0
2022-12-07 12:19:00,66.20999908447266,66.20999908447266,66.16000366210938,66.18260192871094,4186.0
2022-12-07 12:20:00,66.18000030517578,66.25,66.18000030517578,66.25,3451.0
2022-12-07 12:21:00,66.25,66.25,66.19999694824219,66.19999694824219,3596.0
2022-12-07 12:22:00,66.19999694824219,66.23500061035156,66.19999694824219,66.22000122070312,2440.0
2022-12-07 12:23:00,66.20999908447266,66.20999908447266,66.18000030517578,66.18000030517578,2013.0
2022-12-07 12:24:00,66.1500015258789,66.1500015258789,66.12000274658203,66.12999725341797,2250.0
2022-12-07 12:25:00,66.13999938964844,66.1500015258789,66.11000061035156,66.12000274658203,2325.0
2022-12-07 12:26:00,66.125,66.13999938964844,66.11000061035156,66.12999725341797,3846.0
2022-12-07 12:27:00,66.13999938964844,66.13999938964844,66.11000061035156,66.11000061035156,1362.0
2022-12-07 12:28:00,66.10790252685547,66.13999938964844,66.0999984741211,66.0999984741211,3267.0
2022-12-07 12:29:00,66.11000061035156,66.12000274658203,66.08999633789062,66.11000061035156,2628.0
2022-12-07 12:30:00,66.12000274658203,66.16000366210938,66.12000274658203,66.16000366210938,1821.0
2022-12-07 12:31:00,66.16999816894531,66.16999816894531,66.1500015258789,66.1500015258789,1166.0
2022-12-07 12:32:00,66.16000366210938,66.19999694824219,66.16000366210938,66.19999694824219,1739.0
2022-12-07 12:33:00,66.19999694824219,66.23999786376953,66.19999694824219,66.2300033569336,3206.0
2022-12-07 12:34:00,66.22000122070312,66.26000213623047,66.22000122070312,66.22000122070312,6094.0
2022-12-07 12:35:00,66.2300033569336,66.25679779052734,66.22000122070312,66.25679779052734,1788.0
2022-12-07 12:36:00,66.2699966430664,66.29000091552734,66.25,66.29000091552734,2408.0
2022-12-07 12:37:00,66.30000305175781,66.33999633789062,66.29000091552734,66.30000305175781,2948.0
2022-12-07 12:38:00,66.27999877929688,66.27999877929688,66.23500061035156,66.23500061035156,1496.0
2022-12-07 12:39:00,66.23500061035156,66.2699966430664,66.23500061035156,66.26000213623047,1340.0
2022-12-07 12:40:00,66.25,66.27999877929688,66.25,66.2699966430664,910.0
2022-12-07 12:41:00,66.27999877929688,66.30000305175781,66.26000213623047,66.30000305175781,1443.0
2022-12-07 12:42:00,66.30000305175781,66.30000305175781,66.26000213623047,66.29000091552734,6344.0
2022-12-07 12:43:00,66.2699966430664,66.32499694824219,66.24500274658203,66.30999755859375,1781.0
2022-12-07 12:44:00,66.3395004272461,66.3499984741211,66.33000183105469,66.33999633789062,1426.0
2022-12-07 12:45:00,66.31999969482422,66.33999633789062,66.31999969482422,66.33999633789062,1983.0
2022-12-07 12:46:00,66.30999755859375,66.30999755859375,66.30999755859375,66.30999755859375,601.0
2022-12-07 12:47:00,66.32499694824219,66.37000274658203,66.32499694824219,66.36000061035156,2755.0
2022-12-07 12:48:00,66.36000061035156,66.4000015258789,66.36000061035156,66.4000015258789,1499.0
2022-12-07 12:49:00,66.41000366210938,66.41000366210938,66.37999725341797,66.37999725341797,2448.0
2022-12-07 12:50:00,66.4000015258789,66.41999816894531,66.38999938964844,66.4000015258789,5548.0
2022-12-07 12:51:00,66.41000366210938,66.41999816894531,66.37999725341797,66.37999725341797,2447.0
2022-12-07 12:52:00,66.37999725341797,66.37999725341797,66.3499984741211,66.3499984741211,1891.0
2022-12-07 12:53:00,66.33999633789062,66.36000061035156,66.33999633789062,66.3499984741211,1790.0
2022-12-07 12:54:00,66.36000061035156,66.37999725341797,66.3499984741211,66.37999725341797,1497.0
2022-12-07 12:55:00,66.38770294189453,66.38999938964844,66.36499786376953,66.37999725341797,2612.0
2022-12-07 12:56:00,66.37000274658203,66.37000274658203,66.33000183105469,66.33000183105469,1884.0
2022-12-07 12:57:00,66.33000183105469,66.33999633789062,66.31500244140625,66.33000183105469,2794.0
2022-12-07 12:58:00,66.33999633789062,66.3499984741211,66.31999969482422,66.31999969482422,1778.0
2022-12-07 12:59:00,66.30000305175781,66.33999633789062,66.30000305175781,66.30999755859375,2217.0
2022-12-07 13:00:00,66.31500244140625,66.33999633789062,66.29000091552734,66.33000183105469,1834.0
2022-12-07 13:01:00,66.33999633789062,66.3550033569336,66.33000183105469,66.3550033569336,1660.0
2022-12-07 13:02:00,66.3499984741211,66.37000274658203,66.3499984741211,66.36000061035156,1533.0
2022-12-07 13:03:00,66.36000061035156,66.36000061035156,66.30999755859375,66.30999755859375,3210.0
2022-12-07 13:04:00,66.30999755859375,66.30999755859375,66.29000091552734,66.29499816894531,2466.0
2022-12-07 13:05:00,66.29000091552734,66.30000305175781,66.26000213623047,66.2699966430664,1542.0
2022-12-07 13:06:00,66.2699966430664,66.27999877929688,66.2699966430664,66.27999877929688,1013.0
2022-12-07 13:07:00,66.27999877929688,66.29000091552734,66.2699966430664,66.29000091552734,1570.0
2022-12-07 13:08:00,66.30000305175781,66.33000183105469,66.30000305175781,66.30000305175781,2257.0
2022-12-07 13:09:00,66.31999969482422,66.31999969482422,66.3093032836914,66.31500244140625,2182.0
2022-12-07 13:10:00,66.31189727783203,66.32499694824219,66.30999755859375,66.32499694824219,3494.0
2022-12-07 13:11:00,66.33000183105469,66.34500122070312,66.29000091552734,66.29000091552734,2182.0
2022-12-07 13:12:00,66.29000091552734,66.36000061035156,66.27999877929688,66.36000061035156,4066.0
2022-12-07 13:13:00,66.37999725341797,66.37999725341797,66.375,66.375,352.0
2022-12-07 13:14:00,66.41000366210938,66.44000244140625,66.41000366210938,66.41500091552734,3559.0
2022-12-07 13:15:00,66.41000366210938,66.43000030517578,66.4000015258789,66.41999816894531,2915.0
2022-12-07 13:16:00,66.41999816894531,66.41999816894531,66.4000015258789,66.41500091552734,1357.0
2022-12-07 13:17:00,66.41999816894531,66.43499755859375,66.41000366210938,66.43499755859375,1641.0
2022-12-07 13:18:00,66.44000244140625,66.44999694824219,66.44000244140625,66.44999694824219,787.0
2022-12-07 13:19:00,66.45999908447266,66.45999908447266,66.43000030517578,66.43000030517578,1711.0
2022-12-07 13:20:00,66.44000244140625,66.44000244140625,66.4000015258789,66.43000030517578,3305.0
2022-12-07 13:21:00,66.44000244140625,66.44999694824219,66.38999938964844,66.4000015258789,1185.0
2022-12-07 13:22:00,66.4000015258789,66.4000015258789,66.3550033569336,66.37999725341797,1830.0
2022-12-07 13:23:00,66.38500213623047,66.38999938964844,66.36000061035156,66.38999938964844,1699.0
2022-12-07 13:24:00,66.38999938964844,66.4000015258789,66.38999938964844,66.4000015258789,611.0
2022-12-07 13:25:00,66.38999938964844,66.38999938964844,66.33000183105469,66.33000183105469,1995.0
2022-12-07 13:26:00,66.33000183105469,66.3499984741211,66.33000183105469,66.3499984741211,553.0
2022-12-07 13:27:00,66.32099914550781,66.33999633789062,66.31999969482422,66.33000183105469,5473.0
2022-12-07 13:28:00,66.3499984741211,66.37000274658203,66.3499984741211,66.3499984741211,1128.0
2022-12-07 13:29:00,66.3499984741211,66.37000274658203,66.3499984741211,66.37000274658203,1078.0
2022-12-07 13:30:00,66.36000061035156,66.36000061035156,66.31500244140625,66.32499694824219,4044.0
2022-12-07 13:31:00,66.33000183105469,66.36000061035156,66.31999969482422,66.31999969482422,2252.0
2022-12-07 13:32:00,66.31999969482422,66.37000274658203,66.31999969482422,66.37000274658203,2272.0
2022-12-07 13:33:00,66.37000274658203,66.37999725341797,66.3499984741211,66.37000274658203,1518.0
2022-12-07 13:34:00,66.37000274658203,66.38999938964844,66.3550033569336,66.38999938964844,4929.0
2022-12-07 13:35:00,66.37999725341797,66.41000366210938,66.37000274658203,66.41000366210938,3544.0
2022-12-07 13:36:00,66.4000015258789,66.4000015258789,66.37999725341797,66.37999725341797,809.0
2022-12-07 13:37:00,66.37000274658203,66.37000274658203,66.30000305175781,66.30000305175781,1719.0
2022-12-07 13:38:00,66.31500244140625,66.31500244140625,66.31500244140625,66.31500244140625,238.0
2022-12-07 13:39:00,66.30000305175781,66.30000305175781,66.26000213623047,66.26000213623047,2650.0
2022-12-07 13:40:00,66.26000213623047,66.30000305175781,66.25,66.30000305175781,1834.0
2022-12-07 13:41:00,66.30999755859375,66.30999755859375,66.29000091552734,66.29499816894531,1144.0
2022-12-07 13:42:00,66.30000305175781,66.30999755859375,66.30000305175781,66.30999755859375,684.0
2022-12-07 13:43:00,66.30999755859375,66.32830047607422,66.30000305175781,66.32830047607422,1989.0
2022-12-07 13:44:00,66.33000183105469,66.33000183105469,66.31999969482422,66.31999969482422,1121.0
2022-12-07 13:45:00,66.31999969482422,66.33000183105469,66.31999969482422,66.31999969482422,3311.0
2022-12-07 13:46:00,66.36000061035156,66.37000274658203,66.3499984741211,66.37000274658203,759.0
2022-12-07 13:47:00,66.37000274658203,66.37000274658203,66.36000061035156,66.36000061035156,2292.0
2022-12-07 13:48:00,66.36000061035156,66.36000061035156,66.36000061035156,66.36000061035156,549.0
2022-12-07 13:49:00,66.36000061035156,66.37000274658203,66.36000061035156,66.36499786376953,946.0
2022-12-07 13:50:00,66.3499984741211,66.37000274658203,66.31999969482422,66.31999969482422,2610.0
2022-12-07 13:51:00,66.30999755859375,66.31500244140625,66.30999755859375,66.31500244140625,588.0
2022-12-07 13:52:00,66.30000305175781,66.31999969482422,66.30000305175781,66.30999755859375,1877.0
2022-12-07 13:53:00,66.29000091552734,66.30000305175781,66.27999877929688,66.30000305175781,2277.0
2022-12-07 13:54:00,66.29019927978516,66.30000305175781,66.29019927978516,66.30000305175781,953.0
2022-12-07 13:55:00,66.30000305175781,66.30999755859375,66.30000305175781,66.30000305175781,2295.0
2022-12-07 13:56:00,66.27999877929688,66.29000091552734,66.24500274658203,66.25,2177.0
2022-12-07 13:57:00,66.25,66.25,66.22000122070312,66.23500061035156,1527.0
2022-12-07 13:58:00,66.25,66.2699966430664,66.25,66.2699966430664,1298.0
2022-12-07 13:59:00,66.2699966430664,66.2699966430664,66.26000213623047,66.26000213623047,1359.0
2022-12-07 14:00:00,66.2699966430664,66.27999877929688,66.25499725341797,66.26000213623047,2767.0
2022-12-07 14:01:00,66.23999786376953,66.24500274658203,66.22000122070312,66.22000122070312,2209.0
2022-12-07 14:02:00,66.20999908447266,66.20999908447266,66.20999908447266,66.20999908447266,434.0
2022-12-07 14:03:00,66.18000030517578,66.19999694824219,66.18000030517578,66.18000030517578,2522.0
2022-12-07 14:04:00,66.19000244140625,66.19000244140625,66.18000030517578,66.18499755859375,1068.0
2022-12-07 14:05:00,66.177001953125,66.19000244140625,66.177001953125,66.19000244140625,1355.0
2022-12-07 14:06:00,66.18000030517578,66.18000030517578,66.18000030517578,66.18000030517578,297.0
2022-12-07 14:07:00,66.18499755859375,66.19999694824219,66.18499755859375,66.19999694824219,885.0
2022-12-07 14:08:00,66.19999694824219,66.19999694824219,66.16999816894531,66.18000030517578,2191.0
2022-12-07 14:09:00,66.18000030517578,66.18779754638672,66.16000366210938,66.16500091552734,6159.0
2022-12-07 14:10:00,66.16500091552734,66.16999816894531,66.13999938964844,66.16500091552734,3812.0
2022-12-07 14:11:00,66.18000030517578,66.19000244140625,66.18000030517578,66.19000244140625,1501.0
2022-12-07 14:12:00,66.22000122070312,66.22000122070312,66.18470001220703,66.18470001220703,1688.0
2022-12-07 14:13:00,66.19999694824219,66.21990203857422,66.19000244140625,66.20999908447266,2062.0
2022-12-07 14:14:00,66.22000122070312,66.25,66.20999908447266,66.20999908447266,4098.0
2022-12-07 14:15:00,66.21499633789062,66.21499633789062,66.19000244140625,66.19999694824219,2120.0
2022-12-07 14:16:00,66.19999694824219,66.19999694824219,66.19000244140625,66.19999694824219,1169.0
2022-12-07 14:17:00,66.19999694824219,66.19999694824219,66.16999816894531,66.19999694824219,3636.0
2022-12-07 14:18:00,66.18000030517578,66.18000030517578,66.15499877929688,66.18000030517578,2783.0
2022-12-07 14:19:00,66.18499755859375,66.18499755859375,66.18000030517578,66.18000030517578,800.0
2022-12-07 14:20:00,66.16000366210938,66.18000030517578,66.12999725341797,66.16999816894531,5067.0
2022-12-07 14:21:00,66.16999816894531,66.16999816894531,66.13999938964844,66.1500015258789,2389.0
2022-12-07 14:22:00,66.13999938964844,66.15499877929688,66.13999938964844,66.13999938964844,1347.0
2022-12-07 14:23:00,66.12999725341797,66.1500015258789,66.12000274658203,66.13999938964844,1871.0
2022-12-07 14:24:00,66.1500015258789,66.16999816894531,66.1500015258789,66.16999816894531,2093.0
2022-12-07 14:25:00,66.19000244140625,66.23999786376953,66.19000244140625,66.23999786376953,2186.0
2022-12-07 14:26:00,66.23999786376953,66.24500274658203,66.22000122070312,66.2300033569336,5437.0
2022-12-07 14:27:00,66.22000122070312,66.2300033569336,66.19999694824219,66.20999908447266,2715.0
2022-12-07 14:28:00,66.22000122070312,66.25,66.22000122070312,66.25,3605.0
2022-12-07 14:29:00,66.23999786376953,66.26000213623047,66.23999786376953,66.26000213623047,1491.0
2022-12-07 14:30:00,66.26000213623047,66.26000213623047,66.25,66.25,1712.0
2022-12-07 14:31:00,66.23999786376953,66.2699966430664,66.23999786376953,66.2699966430664,1568.0
2022-12-07 14:32:00,66.26000213623047,66.30000305175781,66.26000213623047,66.30000305175781,1779.0
2022-12-07 14:33:00,66.29000091552734,66.30999755859375,66.27999877929688,66.30500030517578,1358.0
2022-12-07 14:34:00,66.30999755859375,66.30999755859375,66.29000091552734,66.30000305175781,3703.0
2022-12-07 14:35:00,66.30500030517578,66.33000183105469,66.30000305175781,66.30999755859375,1324.0
2022-12-07 14:36:00,66.31999969482422,66.31999969482422,66.31999969482422,66.31999969482422,368.0
2022-12-07 14:37:00,66.31999969482422,66.36000061035156,66.30000305175781,66.33999633789062,4926.0
2022-12-07 14:38:00,66.33999633789062,66.34500122070312,66.32019805908203,66.33999633789062,1513.0
2022-12-07 14:39:00,66.33499908447266,66.33999633789062,66.33000183105469,66.33000183105469,1413.0
2022-12-07 14:40:00,66.32499694824219,66.3499984741211,66.32499694824219,66.3499984741211,2090.0
2022-12-07 14:41:00,66.33999633789062,66.33999633789062,66.31500244140625,66.33000183105469,4378.0
2022-12-07 14:42:00,66.31999969482422,66.32499694824219,66.29000091552734,66.29000091552734,2415.0
2022-12-07 14:43:00,66.29000091552734,66.30000305175781,66.26000213623047,66.30000305175781,4358.0
2022-12-07 14:44:00,66.30999755859375,66.31999969482422,66.30999755859375,66.31999969482422,723.0
2022-12-07 14:45:00,66.33000183105469,66.33000183105469,66.30999755859375,66.31999969482422,4959.0
2022-12-07 14:46:00,66.30000305175781,66.30000305175781,66.27999877929688,66.27999877929688,588.0
2022-12-07 14:47:00,66.29499816894531,66.33000183105469,66.29000091552734,66.33000183105469,1884.0
2022-12-07 14:48:00,66.33000183105469,66.33999633789062,66.31999969482422,66.33999633789062,2120.0
2022-12-07 14:49:00,66.31999969482422,66.31999969482422,66.30000305175781,66.30000305175781,752.0
2022-12-07 14:50:00,66.30000305175781,66.30999755859375,66.29000091552734,66.29000091552734,2306.0
2022-12-07 14:51:00,66.30000305175781,66.31999969482422,66.30000305175781,66.31999969482422,1570.0
2022-12-07 14:52:00,66.31999969482422,66.31999969482422,66.2699966430664,66.29499816894531,4126.0
2022-12-07 14:53:00,66.29000091552734,66.29000091552734,66.2699966430664,66.2699966430664,1854.0
2022-12-07 14:54:00,66.2699966430664,66.2699966430664,66.25,66.25,1842.0
2022-12-07 14:55:00,66.25,66.26499938964844,66.25,66.26000213623047,1266.0
2022-12-07 14:56:00,66.2300033569336,66.23249816894531,66.19999694824219,66.21499633789062,3144.0
2022-12-07 14:57:00,66.22000122070312,66.22000122070312,66.19999694824219,66.22000122070312,2856.0
2022-12-07 14:58:00,66.2300033569336,66.23999786376953,66.19000244140625,66.19000244140625,3204.0
2022-12-07 14:59:00,66.19999694824219,66.2300033569336,66.19000244140625,66.22000122070312,2117.0
2022-12-07 15:00:00,66.20999908447266,66.2300033569336,66.20999908447266,66.2300033569336,996.0
2022-12-07 15:01:00,66.23999786376953,66.2699966430664,66.23999786376953,66.26000213623047,2964.0
2022-12-07 15:02:00,66.26000213623047,66.31999969482422,66.26000213623047,66.31999969482422,3780.0
2022-12-07 15:03:00,66.30000305175781,66.30000305175781,66.30000305175781,66.30000305175781,2347.0
2022-12-07 15:04:00,66.30999755859375,66.33999633789062,66.30500030517578,66.30999755859375,3464.0
2022-12-07 15:05:00,66.30999755859375,66.33000183105469,66.29000091552734,66.30000305175781,3537.0
2022-12-07 15:06:00,66.29000091552734,66.30000305175781,66.2699966430664,66.27999877929688,2634.0
2022-12-07 15:07:00,66.2699966430664,66.2699966430664,66.26000213623047,66.26000213623047,1041.0
2022-12-07 15:08:00,66.2699966430664,66.2699966430664,66.23999786376953,66.23999786376953,1540.0
2022-12-07 15:09:00,66.23999786376953,66.26000213623047,66.18000030517578,66.20999908447266,7452.0
2022-12-07 15:10:00,66.22000122070312,66.2300033569336,66.22000122070312,66.2300033569336,2276.0
2022-12-07 15:11:00,66.2300033569336,66.2300033569336,66.19000244140625,66.22000122070312,3790.0
2022-12-07 15:12:00,66.19999694824219,66.2300033569336,66.19999694824219,66.22000122070312,2312.0
2022-12-07 15:13:00,66.21499633789062,66.23500061035156,66.20999908447266,66.23500061035156,2391.0
2022-12-07 15:14:00,66.23999786376953,66.23999786376953,66.19999694824219,66.20999908447266,3989.0
2022-12-07 15:15:00,66.19999694824219,66.2249984741211,66.19000244140625,66.20999908447266,3797.0
2022-12-07 15:16:00,66.22000122070312,66.29000091552734,66.22000122070312,66.2699966430664,5584.0
2022-12-07 15:17:00,66.26499938964844,66.26499938964844,66.22000122070312,66.22000122070312,3766.0
2022-12-07 15:18:00,66.23100280761719,66.23500061035156,66.19999694824219,66.19999694824219,1657.0
2022-12-07 15:19:00,66.19999694824219,66.21499633789062,66.19000244140625,66.19999694824219,3062.0
2022-12-07 15:20:00,66.19999694824219,66.20500183105469,66.16999816894531,66.16999816894531,5602.0
2022-12-07 15:21:00,66.16000366210938,66.18000030517578,66.16000366210938,66.16999816894531,2649.0
2022-12-07 15:22:00,66.16999816894531,66.18000030517578,66.16000366210938,66.17500305175781,4187.0
2022-12-07 15:23:00,66.18000030517578,66.22000122070312,66.18000030517578,66.22000122070312,4080.0
2022-12-07 15:24:00,66.22000122070312,66.23999786376953,66.20999908447266,66.22100067138672,5213.0
2022-12-07 15:25:00,66.22000122070312,66.2300033569336,66.20999908447266,66.22000122070312,2606.0
2022-12-07 15:26:00,66.2300033569336,66.2300033569336,66.20999908447266,66.2249984741211,2890.0
2022-12-07 15:27:00,66.22000122070312,66.23500061035156,66.19000244140625,66.20999908447266,6374.0
2022-12-07 15:28:00,66.22000122070312,66.24250030517578,66.22000122070312,66.2300033569336,1993.0
2022-12-07 15:29:00,66.23500061035156,66.23999786376953,66.22000122070312,66.2300033569336,2710.0
2022-12-07 15:30:00,66.23999786376953,66.29000091552734,66.23999786376953,66.29000091552734,7203.0
2022-12-07 15:31:00,66.30000305175781,66.32499694824219,66.2699966430664,66.32499694824219,5011.0
2022-12-07 15:32:00,66.3550033569336,66.37000274658203,66.34100341796875,66.3550033569336,4091.0
2022-12-07 15:33:00,66.36000061035156,66.37000274658203,66.33000183105469,66.33000183105469,9146.0
2022-12-07 15:34:00,66.33999633789062,66.3499984741211,66.30000305175781,66.30000305175781,3944.0
2022-12-07 15:35:00,66.30000305175781,66.30500030517578,66.27999877929688,66.27999877929688,5847.0
2022-12-07 15:36:00,66.25,66.25499725341797,66.23999786376953,66.25,5934.0
2022-12-07 15:37:00,66.26000213623047,66.2699966430664,66.25,66.25499725341797,1939.0
2022-12-07 15:38:00,66.25499725341797,66.29000091552734,66.25499725341797,66.29000091552734,4778.0
2022-12-07 15:39:00,66.29000091552734,66.29000091552734,66.25,66.29000091552734,4123.0
2022-12-07 15:40:00,66.29000091552734,66.29000091552734,66.2300033569336,66.23500061035156,4948.0
2022-12-07 15:41:00,66.23999786376953,66.25,66.20999908447266,66.24500274658203,7097.0
2022-12-07 15:42:00,66.25,66.26000213623047,66.23999786376953,66.2499008178711,5028.0
2022-12-07 15:43:00,66.24500274658203,66.24500274658203,66.20999908447266,66.2300033569336,4927.0
2022-12-07 15:44:00,66.23500061035156,66.25499725341797,66.20999908447266,66.23999786376953,6393.0
2022-12-07 15:45:00,66.2300033569336,66.2300033569336,66.2249984741211,66.2249984741211,2500.0
2022-12-07 15:46:00,66.25499725341797,66.25499725341797,66.2249984741211,66.23999786376953,10646.0
2022-12-07 15:47:00,66.24500274658203,66.2699966430664,66.23999786376953,66.25,4821.0
2022-12-07 15:48:00,66.26000213623047,66.26499938964844,66.23999786376953,66.25499725341797,4777.0
2022-12-07 15:49:00,66.25,66.2699966430664,66.23999786376953,66.26000213623047,5951.0
2022-12-07 15:50:00,66.26000213623047,66.27999877929688,66.22000122070312,66.2750015258789,14465.0
2022-12-07 15:51:00,66.2750015258789,66.2750015258789,66.25,66.2699966430664,7372.0
2022-12-07 15:52:00,66.2699966430664,66.32499694824219,66.2699966430664,66.32499694824219,9519.0
2022-12-07 15:53:00,66.32499694824219,66.33000183105469,66.30999755859375,66.32499694824219,11864.0
2022-12-07 15:54:00,66.33000183105469,66.36499786376953,66.31999969482422,66.3550033569336,13491.0
2022-12-07 15:55:00,66.3550033569336,66.41000366210938,66.30999755859375,66.41000366210938,31202.0
2022-12-07 15:56:00,66.41500091552734,66.45999908447266,66.4000015258789,66.44999694824219,24221.0
2022-12-07 15:57:00,66.44000244140625,66.4800033569336,66.41000366210938,66.4800033569336,33120.0
2022-12-07 15:58:00,66.4800033569336,66.5,66.44999694824219,66.44999694824219,60417.0
2022-12-07 15:59:00,66.44999694824219,66.4800033569336,66.375,66.38999938964844,75686.0
