Datetime,Open,High,Low,Close,Volume
2022-12-01 09:30:00,82.9000015258789,83.43000030517578,82.87200164794922,83.43000030517578,21023.0
2022-12-01 09:31:00,83.31500244140625,83.55000305175781,83.31500244140625,83.5,3552.0
2022-12-01 09:32:00,83.51000213623047,83.55000305175781,83.51000213623047,83.52999877929688,612.0
2022-12-01 09:33:00,83.5999984741211,83.5999984741211,83.52149963378906,83.52149963378906,1164.0
2022-12-01 09:34:00,83.47000122070312,83.47000122070312,83.47000122070312,83.47000122070312,357.0
2022-12-01 09:35:00,83.44999694824219,83.44999694824219,83.44999694824219,83.44999694824219,629.0
2022-12-01 09:36:00,83.48999786376953,83.48999786376953,83.48999786376953,83.48999786376953,160.0
2022-12-01 09:37:00,83.36000061035156,83.43000030517578,83.36000061035156,83.43000030517578,1425.0
2022-12-01 09:38:00,83.35260009765625,83.58000183105469,83.35260009765625,83.58000183105469,3658.0
2022-12-01 09:39:00,83.55000305175781,83.55000305175781,83.4800033569336,83.4800033569336,2675.0
2022-12-01 09:40:00,83.51000213623047,83.5999984741211,83.51000213623047,83.5999984741211,2182.0
2022-12-01 09:41:00,83.61000061035156,83.61000061035156,83.58999633789062,83.58999633789062,770.0
2022-12-01 09:42:00,83.55999755859375,83.61990356445312,83.55999755859375,83.61990356445312,549.0
2022-12-01 09:43:00,83.55000305175781,83.55000305175781,83.46749877929688,83.55000305175781,1015.0
2022-12-01 09:44:00,83.6500015258789,83.7300033569336,83.6500015258789,83.7300033569336,4984.0
2022-12-01 09:45:00,,,,,
2022-12-01 09:46:00,83.79000091552734,83.79000091552734,83.79000091552734,83.79000091552734,845.0
2022-12-01 09:47:00,83.70999908447266,83.70999908447266,83.69999694824219,83.69999694824219,925.0
2022-12-01 09:48:00,,,,,
2022-12-01 09:49:00,83.77999877929688,83.80999755859375,83.77999877929688,83.80999755859375,595.0
2022-12-01 09:50:00,83.76000213623047,83.76000213623047,83.73999786376953,83.76000213623047,942.0
2022-12-01 09:51:00,83.72000122070312,83.72000122070312,83.72000122070312,83.72000122070312,860.0
2022-12-01 09:52:00,,,,,
2022-12-01 09:53:00,,,,,
2022-12-01 09:54:00,83.81739807128906,83.81739807128906,83.81739807128906,83.81739807128906,336.0
2022-12-01 09:55:00,83.7300033569336,83.80000305175781,83.7300033569336,83.80000305175781,774.0
2022-12-01 09:56:00,83.83000183105469,83.94000244140625,83.83000183105469,83.91999816894531,7496.0
2022-12-01 09:57:00,83.94999694824219,84.08999633789062,83.94000244140625,84.0199966430664,9441.0
2022-12-01 09:58:00,84.0260009765625,84.0260009765625,83.98999786376953,83.98999786376953,2152.0
2022-12-01 09:59:00,83.95999908447266,84.05000305175781,83.95999908447266,83.95999908447266,7532.0
2022-12-01 10:00:00,84.0199966430664,84.08000183105469,83.97000122070312,84.0,4736.0
2022-12-01 10:01:00,84.0,84.0199966430664,83.99500274658203,84.0199966430664,443.0
2022-12-01 10:02:00,84.02999877929688,84.08999633789062,84.02999877929688,84.08999633789062,831.0
2022-12-01 10:03:00,84.0999984741211,84.12699890136719,84.0999984741211,84.12699890136719,1588.0
2022-12-01 10:04:00,84.12000274658203,84.13999938964844,84.08999633789062,84.0999984741211,1294.0
2022-12-01 10:05:00,84.12000274658203,84.12000274658203,84.12000274658203,84.12000274658203,620.0
2022-12-01 10:06:00,84.12000274658203,84.19000244140625,84.12000274658203,84.16500091552734,1500.0
2022-12-01 10:07:00,84.16000366210938,84.16000366210938,84.12000274658203,84.12000274658203,6073.0
2022-12-01 10:08:00,84.05500030517578,84.12000274658203,84.01000213623047,84.12000274658203,2630.0
2022-12-01 10:09:00,84.16000366210938,84.16000366210938,84.08999633789062,84.11000061035156,3392.0
2022-12-01 10:10:00,84.11000061035156,84.11000061035156,84.08999633789062,84.08999633789062,1985.0
2022-12-01 10:11:00,84.05000305175781,84.05000305175781,83.98999786376953,84.00499725341797,2103.0
2022-12-01 10:12:00,83.94000244140625,83.94999694824219,83.91000366210938,83.91000366210938,1791.0
2022-12-01 10:13:00,83.83000183105469,83.8499984741211,83.83000183105469,83.8499984741211,896.0
2022-12-01 10:14:00,83.83000183105469,83.83000183105469,83.80169677734375,83.80169677734375,542.0
2022-12-01 10:15:00,83.80500030517578,83.83000183105469,83.80500030517578,83.81800079345703,1074.0
2022-12-01 10:16:00,83.83999633789062,83.83999633789062,83.76000213623047,83.76000213623047,1940.0
2022-12-01 10:17:00,83.71499633789062,83.71499633789062,83.65499877929688,83.66000366210938,1567.0
2022-12-01 10:18:00,83.6500015258789,83.6500015258789,83.51000213623047,83.51000213623047,1233.0
2022-12-01 10:19:00,83.5,83.52999877929688,83.48999786376953,83.52999877929688,1881.0
2022-12-01 10:20:00,83.51000213623047,83.53500366210938,83.51000213623047,83.53500366210938,635.0
2022-12-01 10:21:00,83.51000213623047,83.51000213623047,83.47000122070312,83.5,1768.0
2022-12-01 10:22:00,,,,,
2022-12-01 10:23:00,83.54499816894531,83.54499816894531,83.50499725341797,83.51429748535156,694.0
2022-12-01 10:24:00,83.4800033569336,83.51000213623047,83.4800033569336,83.51000213623047,1152.0
2022-12-01 10:25:00,83.4800033569336,83.51499938964844,83.4800033569336,83.51499938964844,1025.0
2022-12-01 10:26:00,83.55000305175781,83.55000305175781,83.55000305175781,83.55000305175781,395.0
2022-12-01 10:27:00,83.58999633789062,83.5999984741211,83.5199966430664,83.5199966430664,1779.0
2022-12-01 10:28:00,83.5199966430664,83.5199966430664,83.4800033569336,83.4800033569336,1050.0
2022-12-01 10:29:00,83.41999816894531,83.41999816894531,83.41999816894531,83.41999816894531,135.0
2022-12-01 10:30:00,83.45500183105469,83.45500183105469,83.38999938964844,83.38999938964844,1569.0
2022-12-01 10:31:00,83.31999969482422,83.37999725341797,83.2750015258789,83.37999725341797,1206.0
2022-12-01 10:32:00,83.38999938964844,83.4000015258789,83.38999938964844,83.4000015258789,799.0
2022-12-01 10:33:00,83.4000015258789,83.55000305175781,83.30000305175781,83.36000061035156,11824.0
2022-12-01 10:34:00,83.3499984741211,83.37580108642578,83.2750015258789,83.37580108642578,705.0
2022-12-01 10:35:00,83.33000183105469,83.41999816894531,83.33000183105469,83.40499877929688,524.0
2022-12-01 10:36:00,83.42539978027344,83.42539978027344,83.36499786376953,83.36499786376953,957.0
2022-12-01 10:37:00,,,,,
2022-12-01 10:38:00,83.44999694824219,83.44999694824219,83.41999816894531,83.41999816894531,1485.0
2022-12-01 10:39:00,83.41999816894531,83.43499755859375,83.375,83.375,956.0
2022-12-01 10:40:00,83.37999725341797,83.37999725341797,83.37999725341797,83.37999725341797,1452.0
2022-12-01 10:41:00,83.36499786376953,83.37999725341797,83.33999633789062,83.33999633789062,1449.0
2022-12-01 10:42:00,83.31500244140625,83.38500213623047,83.25900268554688,83.25900268554688,1664.0
2022-12-01 10:43:00,83.30000305175781,83.33000183105469,83.29000091552734,83.33000183105469,1507.0
2022-12-01 10:44:00,83.36000061035156,83.45999908447266,83.36000061035156,83.45999908447266,3812.0
2022-12-01 10:45:00,83.41500091552734,83.51000213623047,83.4000015258789,83.51000213623047,2700.0
2022-12-01 10:46:00,,,,,
2022-12-01 10:47:00,83.51000213623047,83.54000091552734,83.51000213623047,83.52999877929688,1393.0
2022-12-01 10:48:00,83.51000213623047,83.55999755859375,83.51000213623047,83.55999755859375,615.0
2022-12-01 10:49:00,83.58999633789062,83.58999633789062,83.58999633789062,83.58999633789062,431.0
2022-12-01 10:50:00,83.59500122070312,83.59500122070312,83.59500122070312,83.59500122070312,287.0
2022-12-01 10:51:00,83.69000244140625,83.69000244140625,83.69000244140625,83.69000244140625,254.0
2022-12-01 10:52:00,83.68000030517578,83.76000213623047,83.68000030517578,83.76000213623047,1106.0
2022-12-01 10:53:00,83.76499938964844,83.76499938964844,83.63999938964844,83.76000213623047,3674.0
2022-12-01 10:54:00,83.689697265625,83.7699966430664,83.689697265625,83.76000213623047,4535.0
2022-12-01 10:55:00,83.75,83.76499938964844,83.72000122070312,83.75,5002.0
2022-12-01 10:56:00,83.71499633789062,83.79000091552734,83.71499633789062,83.78500366210938,2798.0
2022-12-01 10:57:00,83.80999755859375,83.80999755859375,83.80999755859375,83.80999755859375,306.0
2022-12-01 10:58:00,83.80500030517578,83.87000274658203,83.80500030517578,83.84929656982422,2603.0
2022-12-01 10:59:00,83.8499984741211,83.97000122070312,83.8499984741211,83.94999694824219,2557.0
2022-12-01 11:00:00,83.9000015258789,83.93000030517578,83.9000015258789,83.91500091552734,487.0
2022-12-01 11:01:00,83.9000015258789,83.92970275878906,83.9000015258789,83.92970275878906,675.0
2022-12-01 11:02:00,83.91500091552734,83.91500091552734,83.91500091552734,83.91500091552734,163.0
2022-12-01 11:03:00,83.93000030517578,83.94000244140625,83.91999816894531,83.94000244140625,3428.0
2022-12-01 11:04:00,83.94999694824219,83.9749984741211,83.94999694824219,83.97000122070312,1761.0
2022-12-01 11:05:00,83.9749984741211,84.0199966430664,83.9749984741211,84.0009994506836,3434.0
2022-12-01 11:06:00,84.0167007446289,84.01809692382812,83.98999786376953,83.98999786376953,8347.0
2022-12-01 11:07:00,84.0199966430664,84.02999877929688,83.98500061035156,83.98500061035156,3711.0
2022-12-01 11:08:00,83.9800033569336,83.98999786376953,83.9800033569336,83.98999786376953,2308.0
2022-12-01 11:09:00,84.0,84.01000213623047,84.0,84.01000213623047,728.0
2022-12-01 11:10:00,84.01000213623047,84.01000213623047,83.97000122070312,83.97000122070312,3122.0
2022-12-01 11:11:00,83.95999908447266,83.95999908447266,83.91000366210938,83.91000366210938,1743.0
2022-12-01 11:12:00,83.91500091552734,83.91500091552734,83.89600372314453,83.91000366210938,1959.0
2022-12-01 11:13:00,83.91999816894531,83.94999694824219,83.91999816894531,83.94999694824219,1896.0
2022-12-01 11:14:00,83.97000122070312,83.97000122070312,83.97000122070312,83.97000122070312,226.0
2022-12-01 11:15:00,83.95999908447266,83.95999908447266,83.91999816894531,83.91999816894531,2627.0
2022-12-01 11:16:00,83.91000366210938,83.91999816894531,83.8949966430664,83.91999816894531,1704.0
2022-12-01 11:17:00,83.91999816894531,83.91999816894531,83.86499786376953,83.86499786376953,4296.0
2022-12-01 11:18:00,83.88999938964844,83.93000030517578,83.88999938964844,83.88999938964844,7857.0
2022-12-01 11:19:00,83.91000366210938,83.91000366210938,83.88500213623047,83.88500213623047,1207.0
2022-12-01 11:20:00,83.9000015258789,83.91000366210938,83.9000015258789,83.91000366210938,1669.0
2022-12-01 11:21:00,83.99500274658203,84.0,83.99500274658203,84.0,424.0
2022-12-01 11:22:00,84.0,84.0,83.9800033569336,83.9800033569336,1721.0
2022-12-01 11:23:00,83.97000122070312,83.9800033569336,83.93499755859375,83.9800033569336,1166.0
2022-12-01 11:24:00,83.9800033569336,83.9800033569336,83.94999694824219,83.94999694824219,1203.0
2022-12-01 11:25:00,83.93000030517578,83.95999908447266,83.9209976196289,83.95999908447266,1706.0
2022-12-01 11:26:00,83.98999786376953,83.98999786376953,83.95999908447266,83.95999908447266,1331.0
2022-12-01 11:27:00,83.95999908447266,83.95999908447266,83.95999908447266,83.95999908447266,258.0
2022-12-01 11:28:00,83.97989654541016,84.01000213623047,83.97720336914062,83.9800033569336,3135.0
2022-12-01 11:29:00,83.9800033569336,83.9800033569336,83.95999908447266,83.95999908447266,1153.0
2022-12-01 11:30:00,83.91000366210938,83.99500274658203,83.91000366210938,83.98500061035156,1575.0
2022-12-01 11:31:00,83.9800033569336,84.01000213623047,83.92500305175781,84.01000213623047,1625.0
2022-12-01 11:32:00,83.98999786376953,83.98999786376953,83.97000122070312,83.97000122070312,1758.0
2022-12-01 11:33:00,,,,,
2022-12-01 11:34:00,84.0199966430664,84.0199966430664,84.0199966430664,84.0199966430664,659.0
2022-12-01 11:35:00,84.08499908447266,84.16000366210938,84.08499908447266,84.16000366210938,920.0
2022-12-01 11:36:00,84.1500015258789,84.15499877929688,84.1500015258789,84.15499877929688,610.0
2022-12-01 11:37:00,84.12999725341797,84.12999725341797,84.08999633789062,84.08999633789062,1468.0
2022-12-01 11:38:00,84.09500122070312,84.11000061035156,84.05999755859375,84.05999755859375,2125.0
2022-12-01 11:39:00,,,,,
2022-12-01 11:40:00,84.1229019165039,84.1229019165039,84.0999984741211,84.0999984741211,997.0
2022-12-01 11:41:00,84.0999984741211,84.16000366210938,84.08999633789062,84.16000366210938,1455.0
2022-12-01 11:42:00,84.16999816894531,84.18000030517578,84.16999816894531,84.18000030517578,925.0
2022-12-01 11:43:00,84.13999938964844,84.1500015258789,84.13999938964844,84.1500015258789,462.0
2022-12-01 11:44:00,84.13999938964844,84.13999938964844,84.11000061035156,84.11000061035156,608.0
2022-12-01 11:45:00,,,,,
2022-12-01 11:46:00,84.11000061035156,84.11000061035156,84.11000061035156,84.11000061035156,818.0
2022-12-01 11:47:00,84.11000061035156,84.11000061035156,84.06999969482422,84.08000183105469,1424.0
2022-12-01 11:48:00,84.09989929199219,84.09989929199219,84.09989929199219,84.09989929199219,175.0
2022-12-01 11:49:00,84.05999755859375,84.05999755859375,84.01499938964844,84.0250015258789,1518.0
2022-12-01 11:50:00,84.04000091552734,84.04000091552734,83.9800033569336,83.98500061035156,1860.0
2022-12-01 11:51:00,84.01000213623047,84.05999755859375,84.01000213623047,84.02940368652344,892.0
2022-12-01 11:52:00,84.0199966430664,84.0199966430664,83.97000122070312,83.97000122070312,1756.0
2022-12-01 11:53:00,84.01000213623047,84.06999969482422,84.01000213623047,84.06999969482422,1825.0
2022-12-01 11:54:00,84.06999969482422,84.06999969482422,84.05000305175781,84.05000305175781,738.0
2022-12-01 11:55:00,84.05000305175781,84.05000305175781,84.05000305175781,84.05000305175781,259.0
2022-12-01 11:56:00,84.08000183105469,84.11000061035156,84.08000183105469,84.11000061035156,668.0
2022-12-01 11:57:00,84.12999725341797,84.12999725341797,84.12999725341797,84.12999725341797,354.0
2022-12-01 11:58:00,84.12999725341797,84.12999725341797,84.12999725341797,84.12999725341797,288.0
2022-12-01 11:59:00,84.11000061035156,84.12000274658203,84.11000061035156,84.12000274658203,774.0
2022-12-01 12:00:00,84.11000061035156,84.11000061035156,84.08999633789062,84.08999633789062,1023.0
2022-12-01 12:01:00,84.05000305175781,84.05000305175781,84.01499938964844,84.02580261230469,513.0
2022-12-01 12:02:00,83.97000122070312,83.97000122070312,83.94999694824219,83.94999694824219,759.0
2022-12-01 12:03:00,83.94000244140625,83.94000244140625,83.9000015258789,83.91000366210938,1281.0
2022-12-01 12:04:00,83.91500091552734,83.91500091552734,83.87000274658203,83.87000274658203,1026.0
2022-12-01 12:05:00,83.91000366210938,83.91000366210938,83.8499984741211,83.8499984741211,1790.0
2022-12-01 12:06:00,83.8499984741211,83.88999938964844,83.8499984741211,83.88999938964844,1715.0
2022-12-01 12:07:00,83.87999725341797,83.8949966430664,83.87000274658203,83.87999725341797,2776.0
2022-12-01 12:08:00,83.87000274658203,83.90499877929688,83.86000061035156,83.87000274658203,1372.0
2022-12-01 12:09:00,83.88999938964844,83.88999938964844,83.86000061035156,83.87409973144531,3708.0
2022-12-01 12:10:00,,,,,
2022-12-01 12:11:00,83.93000030517578,83.95999908447266,83.93000030517578,83.95999908447266,845.0
2022-12-01 12:12:00,83.94999694824219,83.94999694824219,83.91999816894531,83.91999816894531,1286.0
2022-12-01 12:13:00,83.91000366210938,83.91000366210938,83.86000061035156,83.88999938964844,2680.0
2022-12-01 12:14:00,83.91000366210938,83.91000366210938,83.9000015258789,83.9000015258789,407.0
2022-12-01 12:15:00,83.91000366210938,83.91000366210938,83.87999725341797,83.87999725341797,1359.0
2022-12-01 12:16:00,83.91000366210938,83.91999816894531,83.9000015258789,83.9000015258789,788.0
2022-12-01 12:17:00,83.91000366210938,83.91000366210938,83.88999938964844,83.88999938964844,1083.0
2022-12-01 12:18:00,83.9000015258789,83.91999816894531,83.9000015258789,83.91500091552734,3809.0
2022-12-01 12:19:00,83.9000015258789,83.93000030517578,83.9000015258789,83.9000015258789,1290.0
2022-12-01 12:20:00,83.94999694824219,83.94999694824219,83.94999694824219,83.94999694824219,270.0
2022-12-01 12:21:00,83.94999694824219,83.98999786376953,83.94000244140625,83.98999786376953,2757.0
2022-12-01 12:22:00,84.05000305175781,84.05000305175781,84.05000305175781,84.05000305175781,408.0
2022-12-01 12:23:00,84.02999877929688,84.02999877929688,84.0,84.0199966430664,1693.0
2022-12-01 12:24:00,,,,,
2022-12-01 12:25:00,84.05999755859375,84.06999969482422,84.05500030517578,84.06999969482422,2317.0
2022-12-01 12:26:00,84.0999984741211,84.0999984741211,84.0999984741211,84.0999984741211,404.0
2022-12-01 12:27:00,84.08999633789062,84.08999633789062,84.08999633789062,84.08999633789062,220.0
2022-12-01 12:28:00,84.11000061035156,84.11000061035156,84.11000061035156,84.11000061035156,366.0
2022-12-01 12:29:00,84.11000061035156,84.11000061035156,84.0,84.08000183105469,8230.0
2022-12-01 12:30:00,84.02999877929688,84.11000061035156,84.02999877929688,84.11000061035156,1503.0
2022-12-01 12:31:00,84.12999725341797,84.1500015258789,84.01000213623047,84.11000061035156,9573.0
2022-12-01 12:32:00,84.0999984741211,84.11499786376953,84.0999984741211,84.11499786376953,1049.0
2022-12-01 12:33:00,84.0999984741211,84.12000274658203,84.01000213623047,84.01000213623047,6213.0
2022-12-01 12:34:00,84.01000213623047,84.04000091552734,84.00499725341797,84.04000091552734,2362.0
2022-12-01 12:35:00,84.01000213623047,84.01000213623047,84.01000213623047,84.01000213623047,1076.0
2022-12-01 12:36:00,84.04499816894531,84.04499816894531,84.02999877929688,84.02999877929688,383.0
2022-12-01 12:37:00,84.0199966430664,84.0199966430664,83.94000244140625,83.9800033569336,1428.0
2022-12-01 12:38:00,83.98999786376953,83.98999786376953,83.98999786376953,83.98999786376953,381.0
2022-12-01 12:39:00,,,,,
2022-12-01 12:40:00,84.01000213623047,84.01000213623047,83.93000030517578,84.0,4278.0
2022-12-01 12:41:00,83.9800033569336,83.9800033569336,83.93000030517578,83.93000030517578,1286.0
2022-12-01 12:42:00,83.88999938964844,83.88999938964844,83.86000061035156,83.88999938964844,1888.0
2022-12-01 12:43:00,83.93000030517578,83.93000030517578,83.91000366210938,83.91000366210938,1100.0
2022-12-01 12:44:00,,,,,
2022-12-01 12:45:00,84.0,84.0,84.0,84.0,1458.0
2022-12-01 12:46:00,,,,,
2022-12-01 12:47:00,83.94999694824219,83.94999694824219,83.94999694824219,83.94999694824219,708.0
2022-12-01 12:48:00,83.98500061035156,83.98500061035156,83.98500061035156,83.98500061035156,306.0
2022-12-01 12:49:00,83.98999786376953,83.98999786376953,83.9800033569336,83.9800033569336,1493.0
2022-12-01 12:50:00,83.98470306396484,84.0,83.9800033569336,84.0,1643.0
2022-12-01 12:51:00,84.01000213623047,84.04000091552734,84.01000213623047,84.0199966430664,316.0
2022-12-01 12:52:00,84.03500366210938,84.05500030517578,84.0199966430664,84.05000305175781,729.0
2022-12-01 12:53:00,84.0999984741211,84.0999984741211,84.0199966430664,84.0199966430664,4892.0
2022-12-01 12:54:00,84.0,84.0,83.94000244140625,84.0,5251.0
2022-12-01 12:55:00,84.0,84.0,83.98999786376953,84.0,940.0
2022-12-01 12:56:00,83.98999786376953,83.98999786376953,83.88500213623047,83.88500213623047,7240.0
2022-12-01 12:57:00,83.9000015258789,83.94000244140625,83.9000015258789,83.91999816894531,1523.0
2022-12-01 12:58:00,83.95999908447266,83.95999908447266,83.95999908447266,83.95999908447266,576.0
2022-12-01 12:59:00,83.93499755859375,83.94999694824219,83.91000366210938,83.94999694824219,1180.0
2022-12-01 13:00:00,83.91000366210938,83.95999908447266,83.91000366210938,83.95999908447266,646.0
2022-12-01 13:01:00,,,,,
2022-12-01 13:02:00,83.97000122070312,83.97000122070312,83.95999908447266,83.95999908447266,602.0
2022-12-01 13:03:00,83.97000122070312,83.97000122070312,83.97000122070312,83.97000122070312,167.0
2022-12-01 13:04:00,83.94000244140625,83.94000244140625,83.94000244140625,83.94000244140625,147.0
2022-12-01 13:05:00,83.97000122070312,84.0,83.97000122070312,83.9800033569336,5042.0
2022-12-01 13:06:00,83.9800033569336,84.0,83.97000122070312,83.98999786376953,5688.0
2022-12-01 13:07:00,83.9800033569336,84.0,83.9800033569336,84.0,1760.0
2022-12-01 13:08:00,83.98999786376953,83.98999786376953,83.9800033569336,83.98999786376953,722.0
2022-12-01 13:09:00,83.9800033569336,83.9800033569336,83.9800033569336,83.9800033569336,982.0
2022-12-01 13:10:00,83.9800033569336,84.04499816894531,83.94499969482422,84.04499816894531,6977.0
2022-12-01 13:11:00,,,,,
2022-12-01 13:12:00,84.0199966430664,84.0199966430664,84.0199966430664,84.0199966430664,382.0
2022-12-01 13:13:00,84.0199966430664,84.0250015258789,84.0199966430664,84.0250015258789,875.0
2022-12-01 13:14:00,84.02999877929688,84.04000091552734,84.01499938964844,84.01499938964844,2031.0
2022-12-01 13:15:00,84.00450134277344,84.00450134277344,83.98999786376953,84.0,1537.0
2022-12-01 13:16:00,83.9800033569336,83.9800033569336,83.94999694824219,83.94999694824219,1732.0
2022-12-01 13:17:00,83.94000244140625,83.94499969482422,83.94000244140625,83.94499969482422,737.0
2022-12-01 13:18:00,83.9000015258789,83.9000015258789,83.83999633789062,83.84269714355469,1227.0
2022-12-01 13:19:00,83.87000274658203,83.87000274658203,83.87000274658203,83.87000274658203,447.0
2022-12-01 13:20:00,83.91000366210938,83.91000366210938,83.86000061035156,83.86000061035156,19939.0
2022-12-01 13:21:00,83.87999725341797,83.91999816894531,83.87000274658203,83.91999816894531,1049.0
2022-12-01 13:22:00,83.93000030517578,83.9800033569336,83.93000030517578,83.97000122070312,1567.0
2022-12-01 13:23:00,83.9800033569336,83.9800033569336,83.9800033569336,83.9800033569336,181.0
2022-12-01 13:24:00,83.9800033569336,83.98999786376953,83.9800033569336,83.98999786376953,706.0
2022-12-01 13:25:00,,,,,
2022-12-01 13:26:00,84.00499725341797,84.04499816894531,84.00499725341797,84.04499816894531,758.0
2022-12-01 13:27:00,84.0199966430664,84.0199966430664,84.0,84.01000213623047,1382.0
2022-12-01 13:28:00,83.98500061035156,83.98999786376953,83.9800033569336,83.98999786376953,538.0
2022-12-01 13:29:00,83.98999786376953,84.0,83.94999694824219,84.0,1447.0
2022-12-01 13:30:00,83.9800033569336,84.0199966430664,83.9800033569336,84.0199966430664,542.0
2022-12-01 13:31:00,84.0,84.04000091552734,84.0,84.03500366210938,1393.0
2022-12-01 13:32:00,84.0,84.0,83.9800033569336,84.0,637.0
2022-12-01 13:33:00,83.99099731445312,83.99099731445312,83.91500091552734,83.91500091552734,2437.0
2022-12-01 13:34:00,83.91000366210938,83.93000030517578,83.91000366210938,83.93000030517578,547.0
2022-12-01 13:35:00,83.93000030517578,83.95999908447266,83.93000030517578,83.95999908447266,815.0
2022-12-01 13:36:00,,,,,
2022-12-01 13:37:00,83.93000030517578,83.97000122070312,83.93000030517578,83.97000122070312,873.0
2022-12-01 13:38:00,83.99500274658203,83.99500274658203,83.98999786376953,83.98999786376953,454.0
2022-12-01 13:39:00,83.98989868164062,83.98989868164062,83.95999908447266,83.95999908447266,947.0
2022-12-01 13:40:00,83.97000122070312,83.97000122070312,83.97000122070312,83.97000122070312,222.0
2022-12-01 13:41:00,83.98829650878906,83.98829650878906,83.9800033569336,83.9800033569336,1171.0
2022-12-01 13:42:00,83.98999786376953,84.01499938964844,83.98999786376953,84.01499938964844,960.0
2022-12-01 13:43:00,84.02999877929688,84.02999877929688,84.0,84.01000213623047,1135.0
2022-12-01 13:44:00,83.98500061035156,83.98500061035156,83.98500061035156,83.98500061035156,101.0
2022-12-01 13:45:00,83.99299621582031,83.99299621582031,83.98500061035156,83.98999786376953,2193.0
2022-12-01 13:46:00,,,,,
2022-12-01 13:47:00,83.97000122070312,83.97000122070312,83.94999694824219,83.94999694824219,552.0
2022-12-01 13:48:00,,,,,
2022-12-01 13:49:00,83.9749984741211,83.9749984741211,83.9749984741211,83.9749984741211,248.0
2022-12-01 13:50:00,83.96510314941406,83.96510314941406,83.96510314941406,83.96510314941406,515.0
2022-12-01 13:51:00,83.95980072021484,83.95980072021484,83.95980072021484,83.95980072021484,636.0
2022-12-01 13:52:00,83.95999908447266,83.95999908447266,83.94000244140625,83.94000244140625,1024.0
2022-12-01 13:53:00,83.93000030517578,83.93000030517578,83.87999725341797,83.9000015258789,1304.0
2022-12-01 13:54:00,83.87999725341797,83.87999725341797,83.87999725341797,83.87999725341797,277.0
2022-12-01 13:55:00,83.91500091552734,83.94999694824219,83.91010284423828,83.94999694824219,26072.0
2022-12-01 13:56:00,83.92489624023438,83.92489624023438,83.92489624023438,83.92489624023438,684.0
2022-12-01 13:57:00,83.91000366210938,83.91000366210938,83.8949966430664,83.8949966430664,1080.0
2022-12-01 13:58:00,83.9000015258789,83.90499877929688,83.87000274658203,83.87000274658203,824.0
2022-12-01 13:59:00,83.91000366210938,83.91000366210938,83.91000366210938,83.91000366210938,171.0
2022-12-01 14:00:00,83.91999816894531,83.91999816894531,83.87000274658203,83.87999725341797,1182.0
2022-12-01 14:01:00,83.86000061035156,83.86000061035156,83.81999969482422,83.82039642333984,1044.0
2022-12-01 14:02:00,83.83999633789062,83.83999633789062,83.83999633789062,83.83999633789062,253.0
2022-12-01 14:03:00,83.83000183105469,83.83000183105469,83.83000183105469,83.83000183105469,471.0
2022-12-01 14:04:00,83.81999969482422,83.81999969482422,83.80500030517578,83.80999755859375,1563.0
2022-12-01 14:05:00,83.82499694824219,83.83999633789062,83.80999755859375,83.83999633789062,1169.0
2022-12-01 14:06:00,83.86000061035156,83.86000061035156,83.81500244140625,83.81500244140625,561.0
2022-12-01 14:07:00,83.80000305175781,83.83000183105469,83.80000305175781,83.83000183105469,1428.0
2022-12-01 14:08:00,83.78500366210938,83.78500366210938,83.77999877929688,83.77999877929688,827.0
2022-12-01 14:09:00,83.79000091552734,83.80999755859375,83.79000091552734,83.80999755859375,1253.0
2022-12-01 14:10:00,83.81500244140625,83.83999633789062,83.81500244140625,83.83999633789062,1010.0
2022-12-01 14:11:00,83.81089782714844,83.81999969482422,83.81089782714844,83.81999969482422,561.0
2022-12-01 14:12:00,83.81999969482422,83.86000061035156,83.80999755859375,83.83999633789062,2234.0
2022-12-01 14:13:00,83.83999633789062,83.86990356445312,83.83999633789062,83.83999633789062,3134.0
2022-12-01 14:14:00,83.91000366210938,83.91000366210938,83.91000366210938,83.91000366210938,233.0
2022-12-01 14:15:00,83.87999725341797,83.94000244140625,83.87999725341797,83.93000030517578,29466.0
2022-12-01 14:16:00,83.93000030517578,83.93000030517578,83.9177017211914,83.9177017211914,1380.0
2022-12-01 14:17:00,,,,,
2022-12-01 14:18:00,83.94000244140625,83.94999694824219,83.94000244140625,83.94999694824219,384.0
2022-12-01 14:19:00,83.94999694824219,83.94999694824219,83.91999816894531,83.91999816894531,1391.0
2022-12-01 14:20:00,83.91999816894531,83.92500305175781,83.91999816894531,83.92500305175781,508.0
2022-12-01 14:21:00,83.92500305175781,83.94999694824219,83.91999816894531,83.93000030517578,2499.0
2022-12-01 14:22:00,83.93000030517578,83.93000030517578,83.9166030883789,83.92500305175781,709.0
2022-12-01 14:23:00,83.92500305175781,83.93000030517578,83.91999816894531,83.91999816894531,1164.0
2022-12-01 14:24:00,83.92500305175781,83.94999694824219,83.91999816894531,83.94999694824219,2507.0
2022-12-01 14:25:00,83.93000030517578,83.94999694824219,83.93000030517578,83.93000030517578,1001.0
2022-12-01 14:26:00,83.94000244140625,83.98999786376953,83.94000244140625,83.95999908447266,1808.0
2022-12-01 14:27:00,83.95999908447266,83.95999908447266,83.94999694824219,83.94999694824219,1580.0
2022-12-01 14:28:00,83.97000122070312,83.9800033569336,83.97000122070312,83.9800033569336,240.0
2022-12-01 14:29:00,83.97000122070312,83.98999786376953,83.97000122070312,83.98999786376953,610.0
2022-12-01 14:30:00,83.98999786376953,83.98999786376953,83.93000030517578,83.95999908447266,2748.0
2022-12-01 14:31:00,83.94999694824219,83.98999786376953,83.94999694824219,83.9800033569336,1352.0
2022-12-01 14:32:00,83.9800033569336,83.9800033569336,83.9749984741211,83.9749984741211,548.0
2022-12-01 14:33:00,83.9800033569336,83.9800033569336,83.97000122070312,83.97000122070312,576.0
2022-12-01 14:34:00,84.0,84.01000213623047,84.0,84.01000213623047,559.0
2022-12-01 14:35:00,84.0199966430664,84.0199966430664,83.98030090332031,83.98030090332031,1087.0
2022-12-01 14:36:00,83.99500274658203,84.01000213623047,83.98999786376953,83.98999786376953,2307.0
2022-12-01 14:37:00,84.0,84.0199966430664,84.0,84.0199966430664,924.0
2022-12-01 14:38:00,84.01000213623047,84.01000213623047,84.01000213623047,84.01000213623047,221.0
2022-12-01 14:39:00,84.0199966430664,84.03500366210938,84.01499938964844,84.02999877929688,952.0
2022-12-01 14:40:00,84.01499938964844,84.01499938964844,84.0,84.01000213623047,639.0
2022-12-01 14:41:00,84.01000213623047,84.01000213623047,83.95999908447266,83.9800033569336,2699.0
2022-12-01 14:42:00,83.9800033569336,83.9800033569336,83.9800033569336,83.9800033569336,705.0
2022-12-01 14:43:00,83.9800033569336,84.0250015258789,83.9800033569336,84.0250015258789,818.0
2022-12-01 14:44:00,83.98999786376953,83.98999786376953,83.95999908447266,83.97000122070312,1854.0
2022-12-01 14:45:00,,,,,
2022-12-01 14:46:00,83.98999786376953,83.98999786376953,83.98999786376953,83.98999786376953,244.0
2022-12-01 14:47:00,83.98999786376953,83.98999786376953,83.98999786376953,83.98999786376953,203.0
2022-12-01 14:48:00,84.01000213623047,84.02030181884766,84.01000213623047,84.01000213623047,1474.0
2022-12-01 14:49:00,84.01499938964844,84.02249908447266,84.00499725341797,84.00499725341797,1587.0
2022-12-01 14:50:00,84.01000213623047,84.0199966430664,84.01000213623047,84.0199966430664,1197.0
2022-12-01 14:51:00,84.06999969482422,84.06999969482422,84.06999969482422,84.06999969482422,295.0
2022-12-01 14:52:00,84.05999755859375,84.05999755859375,84.05999755859375,84.05999755859375,144.0
2022-12-01 14:53:00,84.0510025024414,84.0510025024414,84.05000305175781,84.05000305175781,1227.0
2022-12-01 14:54:00,84.06999969482422,84.06999969482422,84.01000213623047,84.0199966430664,5060.0
2022-12-01 14:55:00,84.0199966430664,84.02999877929688,84.0031967163086,84.0031967163086,1361.0
2022-12-01 14:56:00,83.97000122070312,83.9800033569336,83.97000122070312,83.9800033569336,1053.0
2022-12-01 14:57:00,83.95999908447266,83.97000122070312,83.94999694824219,83.95999908447266,1640.0
2022-12-01 14:58:00,83.97000122070312,83.98999786376953,83.97000122070312,83.98999786376953,980.0
2022-12-01 14:59:00,84.0,84.02999877929688,84.0,84.02999877929688,667.0
2022-12-01 15:00:00,84.0199966430664,84.05000305175781,84.01000213623047,84.02999877929688,1070.0
2022-12-01 15:01:00,84.0199966430664,84.04000091552734,84.0199966430664,84.04000091552734,708.0
2022-12-01 15:02:00,84.01000213623047,84.04000091552734,84.01000213623047,84.01000213623047,3205.0
2022-12-01 15:03:00,84.01000213623047,84.01000213623047,83.98999786376953,83.98999786376953,1369.0
2022-12-01 15:04:00,84.00499725341797,84.01499938964844,84.00499725341797,84.01000213623047,633.0
2022-12-01 15:05:00,84.00450134277344,84.01000213623047,84.00450134277344,84.01000213623047,2825.0
2022-12-01 15:06:00,83.99500274658203,84.05000305175781,83.99500274658203,84.05000305175781,1605.0
2022-12-01 15:07:00,84.06999969482422,84.06999969482422,84.06999969482422,84.06999969482422,1188.0
2022-12-01 15:08:00,84.0999984741211,84.12000274658203,84.08000183105469,84.12000274658203,726.0
2022-12-01 15:09:00,84.11499786376953,84.11499786376953,84.01000213623047,84.05000305175781,4887.0
2022-12-01 15:10:00,84.02999877929688,84.02999877929688,83.98500061035156,83.98500061035156,1215.0
2022-12-01 15:11:00,83.99500274658203,84.01000213623047,83.99500274658203,84.00499725341797,1191.0
2022-12-01 15:12:00,84.01000213623047,84.0199966430664,83.98999786376953,83.98999786376953,1723.0
2022-12-01 15:13:00,,,,,
2022-12-01 15:14:00,83.98500061035156,83.98500061035156,83.93299865722656,83.94999694824219,1184.0
2022-12-01 15:15:00,83.94499969482422,83.99500274658203,83.94499969482422,83.99500274658203,1231.0
2022-12-01 15:16:00,83.98999786376953,83.99500274658203,83.95999908447266,83.96499633789062,3700.0
2022-12-01 15:17:00,83.95999908447266,83.97000122070312,83.95999908447266,83.97000122070312,801.0
2022-12-01 15:18:00,83.97000122070312,83.97000122070312,83.93000030517578,83.94400024414062,1732.0
2022-12-01 15:19:00,83.91000366210938,83.94999694824219,83.91000366210938,83.94999694824219,634.0
2022-12-01 15:20:00,83.9468002319336,83.9468002319336,83.91999816894531,83.93000030517578,1710.0
2022-12-01 15:21:00,,,,,
2022-12-01 15:22:00,83.94490051269531,83.94999694824219,83.91000366210938,83.94000244140625,1567.0
2022-12-01 15:23:00,83.93499755859375,83.93499755859375,83.91999816894531,83.91999816894531,569.0
2022-12-01 15:24:00,83.91500091552734,83.93000030517578,83.88999938964844,83.91999816894531,1667.0
2022-12-01 15:25:00,83.91000366210938,83.91500091552734,83.9000015258789,83.9000015258789,768.0
2022-12-01 15:26:00,83.9000015258789,83.91000366210938,83.9000015258789,83.91000366210938,369.0
2022-12-01 15:27:00,83.91500091552734,83.94999694824219,83.91500091552734,83.94999694824219,1134.0
2022-12-01 15:28:00,83.9749984741211,83.9749984741211,83.9749984741211,83.9749984741211,231.0
2022-12-01 15:29:00,83.9800033569336,83.99359893798828,83.97000122070312,83.99359893798828,1871.0
2022-12-01 15:30:00,83.98999786376953,84.02999877929688,83.98999786376953,84.02999877929688,1422.0
2022-12-01 15:31:00,84.04000091552734,84.06999969482422,84.04000091552734,84.06999969482422,1440.0
2022-12-01 15:32:00,84.06999969482422,84.06999969482422,84.0199966430664,84.0199966430664,6417.0
2022-12-01 15:33:00,84.01000213623047,84.0199966430664,83.98999786376953,84.0199966430664,3049.0
2022-12-01 15:34:00,84.0199966430664,84.03990173339844,84.0,84.03990173339844,3474.0
2022-12-01 15:35:00,84.0199966430664,84.08000183105469,84.0199966430664,84.08000183105469,2874.0
2022-12-01 15:36:00,84.06999969482422,84.0990982055664,84.06999969482422,84.0990982055664,1805.0
2022-12-01 15:37:00,84.12000274658203,84.12000274658203,84.10099792480469,84.10099792480469,2435.0
2022-12-01 15:38:00,84.0999984741211,84.11000061035156,84.09770202636719,84.09770202636719,2191.0
2022-12-01 15:39:00,84.1050033569336,84.13999938964844,84.09770202636719,84.13999938964844,1378.0
2022-12-01 15:40:00,84.13999938964844,84.13999938964844,84.08999633789062,84.1050033569336,2532.0
2022-12-01 15:41:00,84.11499786376953,84.11499786376953,84.0999984741211,84.0999984741211,1659.0
2022-12-01 15:42:00,84.0999984741211,84.0999984741211,84.05999755859375,84.08000183105469,3470.0
2022-12-01 15:43:00,84.08000183105469,84.08000183105469,84.02999877929688,84.08000183105469,4320.0
2022-12-01 15:44:00,84.12000274658203,84.1500015258789,84.11000061035156,84.11000061035156,2252.0
2022-12-01 15:45:00,84.12999725341797,84.12999725341797,84.0999984741211,84.0999984741211,2370.0
2022-12-01 15:46:00,84.02999877929688,84.02999877929688,84.0,84.02999877929688,6049.0
2022-12-01 15:47:00,84.04000091552734,84.05000305175781,84.02999877929688,84.04000091552734,2191.0
2022-12-01 15:48:00,84.04000091552734,84.04000091552734,84.02999877929688,84.04000091552734,2123.0
2022-12-01 15:49:00,84.05000305175781,84.05000305175781,84.0199966430664,84.0199966430664,1467.0
2022-12-01 15:50:00,84.04000091552734,84.0999984741211,84.02999877929688,84.08999633789062,5245.0
2022-12-01 15:51:00,84.08999633789062,84.08999633789062,84.05999755859375,84.06999969482422,4709.0
2022-12-01 15:52:00,84.05000305175781,84.06999969482422,84.0,84.06999969482422,7763.0
2022-12-01 15:53:00,84.08999633789062,84.16000366210938,84.08000183105469,84.1500015258789,10603.0
2022-12-01 15:54:00,84.13999938964844,84.16999816894531,84.11499786376953,84.12000274658203,6308.0
2022-12-01 15:55:00,84.0999984741211,84.0999984741211,84.04000091552734,84.04000091552734,6757.0
2022-12-01 15:56:00,84.03500366210938,84.04000091552734,84.01000213623047,84.01000213623047,8015.0
2022-12-01 15:57:00,84.0,84.08999633789062,84.0,84.08000183105469,5956.0
2022-12-01 15:58:00,84.06999969482422,84.06999969482422,83.94000244140625,83.97000122070312,33743.0
2022-12-01 15:59:00,83.96499633789062,83.97000122070312,83.86000061035156,83.94000244140625,26489.0
2022-12-02 09:30:00,82.76000213623047,82.76000213623047,82.47000122070312,82.4800033569336,20391.0
2022-12-02 09:31:00,82.5,82.51000213623047,81.9800033569336,82.05999755859375,9523.0
2022-12-02 09:32:00,82.1050033569336,82.16999816894531,82.04000091552734,82.04000091552734,3028.0
2022-12-02 09:33:00,81.98999786376953,81.98999786376953,81.91999816894531,81.91999816894531,2595.0
2022-12-02 09:34:00,81.93499755859375,82.01000213623047,81.91000366210938,82.0,8421.0
2022-12-02 09:35:00,81.97000122070312,82.08000183105469,81.94999694824219,81.98999786376953,7958.0
2022-12-02 09:36:00,82.04499816894531,82.04499816894531,81.97000122070312,82.02999877929688,2524.0
2022-12-02 09:37:00,82.07499694824219,82.0990982055664,82.01000213623047,82.02999877929688,1872.0
2022-12-02 09:38:00,82.0199966430664,82.20500183105469,81.98999786376953,82.20500183105469,4525.0
2022-12-02 09:39:00,82.20249938964844,82.20249938964844,82.125,82.125,2526.0
2022-12-02 09:40:00,82.13999938964844,82.1500015258789,82.06999969482422,82.1500015258789,3833.0
2022-12-02 09:41:00,82.12000274658203,82.25,82.12000274658203,82.12000274658203,3573.0
2022-12-02 09:42:00,82.0999984741211,82.1050033569336,82.05000305175781,82.09500122070312,1819.0
2022-12-02 09:43:00,82.05010223388672,82.20999908447266,82.05010223388672,82.20500183105469,3410.0
2022-12-02 09:44:00,82.16000366210938,82.17500305175781,82.16000366210938,82.16000366210938,869.0
2022-12-02 09:45:00,82.16000366210938,82.19000244140625,82.08999633789062,82.19000244140625,6370.0
2022-12-02 09:46:00,82.11000061035156,82.12000274658203,82.11000061035156,82.11000061035156,1705.0
2022-12-02 09:47:00,82.22000122070312,82.25,82.16999816894531,82.18000030517578,4405.0
2022-12-02 09:48:00,82.19000244140625,82.19000244140625,82.1500015258789,82.16000366210938,1622.0
2022-12-02 09:49:00,82.16999816894531,82.16999816894531,82.0199966430664,82.05999755859375,3587.0
2022-12-02 09:50:00,82.08000183105469,82.16500091552734,82.08000183105469,82.13999938964844,2250.0
2022-12-02 09:51:00,82.19000244140625,82.24500274658203,82.11000061035156,82.18499755859375,6003.0
2022-12-02 09:52:00,82.17500305175781,82.30000305175781,82.125,82.29000091552734,4673.0
2022-12-02 09:53:00,82.29000091552734,82.30000305175781,82.19999694824219,82.30000305175781,2049.0
2022-12-02 09:54:00,82.27999877929688,82.38999938964844,82.2300033569336,82.31500244140625,20934.0
2022-12-02 09:55:00,82.33000183105469,82.43000030517578,82.33000183105469,82.38249969482422,3649.0
2022-12-02 09:56:00,82.2699966430664,82.37999725341797,82.2699966430664,82.3499984741211,3918.0
2022-12-02 09:57:00,82.38999938964844,82.41999816894531,82.3499984741211,82.36000061035156,4719.0
2022-12-02 09:58:00,82.3499984741211,82.3499984741211,82.33999633789062,82.3499984741211,913.0
2022-12-02 09:59:00,82.42990112304688,82.43000030517578,82.38500213623047,82.41999816894531,1575.0
2022-12-02 10:00:00,82.44000244140625,82.60269927978516,82.43000030517578,82.60269927978516,2426.0
2022-12-02 10:01:00,82.69000244140625,82.69000244140625,82.69000244140625,82.69000244140625,302.0
2022-12-02 10:02:00,82.63999938964844,82.63999938964844,82.63999938964844,82.63999938964844,779.0
2022-12-02 10:03:00,82.52999877929688,82.52999877929688,82.5,82.5,919.0
2022-12-02 10:04:00,82.54000091552734,82.54000091552734,82.5250015258789,82.5250015258789,946.0
2022-12-02 10:05:00,,,,,
2022-12-02 10:06:00,82.48999786376953,82.50499725341797,82.48999786376953,82.5,1518.0
2022-12-02 10:07:00,82.4800033569336,82.56999969482422,82.4800033569336,82.56999969482422,1659.0
2022-12-02 10:08:00,82.54000091552734,82.55500030517578,82.52999877929688,82.55000305175781,1290.0
2022-12-02 10:09:00,82.56999969482422,82.61000061035156,82.54000091552734,82.58000183105469,621.0
2022-12-02 10:10:00,82.61000061035156,82.66000366210938,82.61000061035156,82.63999938964844,924.0
2022-12-02 10:11:00,82.66000366210938,82.70500183105469,82.66000366210938,82.68000030517578,880.0
2022-12-02 10:12:00,82.6698989868164,82.66999816894531,82.63999938964844,82.66999816894531,993.0
2022-12-02 10:13:00,82.68000030517578,82.83000183105469,82.68000030517578,82.83000183105469,1126.0
2022-12-02 10:14:00,82.79060363769531,82.83999633789062,82.79060363769531,82.83999633789062,1429.0
2022-12-02 10:15:00,82.81999969482422,82.81999969482422,82.7699966430664,82.7699966430664,818.0
2022-12-02 10:16:00,82.80999755859375,82.80999755859375,82.73999786376953,82.73999786376953,229.0
2022-12-02 10:17:00,82.79000091552734,82.79000091552734,82.73999786376953,82.75,607.0
2022-12-02 10:18:00,82.69999694824219,82.70999908447266,82.69999694824219,82.70999908447266,594.0
2022-12-02 10:19:00,82.66999816894531,82.74849700927734,82.65010070800781,82.69429779052734,1815.0
2022-12-02 10:20:00,82.69999694824219,82.69999694824219,82.69999694824219,82.69999694824219,397.0
2022-12-02 10:21:00,82.67500305175781,82.68000030517578,82.6500015258789,82.6500015258789,1072.0
2022-12-02 10:22:00,82.66000366210938,82.69000244140625,82.65499877929688,82.69000244140625,1605.0
2022-12-02 10:23:00,82.62000274658203,82.63249969482422,82.58999633789062,82.58999633789062,1505.0
2022-12-02 10:24:00,82.58999633789062,82.58999633789062,82.55999755859375,82.55999755859375,888.0
2022-12-02 10:25:00,82.55000305175781,82.5999984741211,82.55000305175781,82.59500122070312,1111.0
2022-12-02 10:26:00,82.56999969482422,82.58000183105469,82.55999755859375,82.58000183105469,683.0
2022-12-02 10:27:00,82.54000091552734,82.58999633789062,82.54000091552734,82.57499694824219,793.0
2022-12-02 10:28:00,82.5999984741211,82.5999984741211,82.47000122070312,82.47940063476562,2960.0
2022-12-02 10:29:00,82.41999816894531,82.47000122070312,82.38999938964844,82.38999938964844,22942.0
2022-12-02 10:30:00,,,,,
2022-12-02 10:31:00,82.31999969482422,82.31999969482422,82.31999969482422,82.31999969482422,171.0
2022-12-02 10:32:00,82.31999969482422,82.31999969482422,82.29000091552734,82.29000091552734,586.0
2022-12-02 10:33:00,82.33000183105469,82.4000015258789,82.33000183105469,82.37000274658203,1458.0
2022-12-02 10:34:00,82.44000244140625,82.45999908447266,82.44000244140625,82.45999908447266,860.0
2022-12-02 10:35:00,82.5,82.51000213623047,82.5,82.51000213623047,1160.0
2022-12-02 10:36:00,82.51000213623047,82.55000305175781,82.4000015258789,82.41000366210938,2553.0
2022-12-02 10:37:00,82.40499877929688,82.43000030517578,82.40499877929688,82.43000030517578,717.0
2022-12-02 10:38:00,82.4905014038086,82.5,82.4905014038086,82.5,405.0
2022-12-02 10:39:00,82.45500183105469,82.45500183105469,82.44999694824219,82.44999694824219,1290.0
2022-12-02 10:40:00,82.48999786376953,82.48999786376953,82.48999786376953,82.48999786376953,2700.0
2022-12-02 10:41:00,82.4800033569336,82.4800033569336,82.4800033569336,82.4800033569336,614.0
2022-12-02 10:42:00,82.5,82.5250015258789,82.48999786376953,82.48999786376953,6736.0
2022-12-02 10:43:00,82.4749984741211,82.53959655761719,82.4749984741211,82.53959655761719,1980.0
2022-12-02 10:44:00,82.51499938964844,82.62000274658203,82.51499938964844,82.62000274658203,2061.0
2022-12-02 10:45:00,82.57959747314453,82.57959747314453,82.57959747314453,82.57959747314453,483.0
2022-12-02 10:46:00,,,,,
2022-12-02 10:47:00,82.55000305175781,82.61000061035156,82.55000305175781,82.5999984741211,1077.0
2022-12-02 10:48:00,82.5999984741211,82.5999984741211,82.56999969482422,82.56999969482422,814.0
2022-12-02 10:49:00,82.58999633789062,82.58999633789062,82.58999633789062,82.58999633789062,116.0
2022-12-02 10:50:00,82.62000274658203,82.62000274658203,82.57499694824219,82.57499694824219,1101.0
2022-12-02 10:51:00,82.55999755859375,82.55999755859375,82.55999755859375,82.55999755859375,1034.0
2022-12-02 10:52:00,82.61000061035156,82.68000030517578,82.58499908447266,82.66500091552734,1676.0
2022-12-02 10:53:00,82.66000366210938,82.66500091552734,82.66000366210938,82.66000366210938,1565.0
2022-12-02 10:54:00,82.6500015258789,82.66000366210938,82.62000274658203,82.63500213623047,2106.0
2022-12-02 10:55:00,82.5999984741211,82.5999984741211,82.52999877929688,82.52999877929688,1210.0
2022-12-02 10:56:00,82.52999877929688,82.52999877929688,82.5,82.5,1074.0
2022-12-02 10:57:00,82.50499725341797,82.52999877929688,82.50499725341797,82.52999877929688,433.0
2022-12-02 10:58:00,82.5,82.55999755859375,82.49500274658203,82.52960205078125,3962.0
2022-12-02 10:59:00,82.54000091552734,82.55999755859375,82.54000091552734,82.55999755859375,479.0
2022-12-02 11:00:00,82.55999755859375,82.55999755859375,82.4800033569336,82.4800033569336,23420.0
2022-12-02 11:01:00,82.5,82.55999755859375,82.48999786376953,82.48999786376953,6520.0
2022-12-02 11:02:00,82.4854965209961,82.4854965209961,82.4854965209961,82.4854965209961,277.0
2022-12-02 11:03:00,82.51000213623047,82.52999877929688,82.51000213623047,82.52999877929688,706.0
2022-12-02 11:04:00,82.5,82.56999969482422,82.5,82.56999969482422,1044.0
2022-12-02 11:05:00,82.58000183105469,82.58000183105469,82.58000183105469,82.58000183105469,323.0
2022-12-02 11:06:00,82.58000183105469,82.62999725341797,82.58000183105469,82.62999725341797,1240.0
2022-12-02 11:07:00,82.625,82.62999725341797,82.62000274658203,82.62000274658203,1035.0
2022-12-02 11:08:00,82.62000274658203,82.62000274658203,82.58000183105469,82.58000183105469,5570.0
2022-12-02 11:09:00,82.53500366210938,82.53500366210938,82.5199966430664,82.5199966430664,455.0
2022-12-02 11:10:00,82.5,82.5,82.4749984741211,82.4749984741211,736.0
2022-12-02 11:11:00,82.44000244140625,82.5199966430664,82.44000244140625,82.51000213623047,1653.0
2022-12-02 11:12:00,82.54000091552734,82.55000305175781,82.54000091552734,82.55000305175781,978.0
2022-12-02 11:13:00,82.54180145263672,82.54180145263672,82.54180145263672,82.54180145263672,611.0
2022-12-02 11:14:00,82.5999984741211,82.62000274658203,82.5999984741211,82.62000274658203,969.0
2022-12-02 11:15:00,82.58000183105469,82.58000183105469,82.56999969482422,82.58000183105469,877.0
2022-12-02 11:16:00,82.5999984741211,82.5999984741211,82.58000183105469,82.58999633789062,1577.0
2022-12-02 11:17:00,82.5999984741211,82.5999984741211,82.5999984741211,82.5999984741211,140.0
2022-12-02 11:18:00,82.56999969482422,82.5895004272461,82.55000305175781,82.55000305175781,2453.0
2022-12-02 11:19:00,82.56999969482422,82.5999984741211,82.56999969482422,82.5999984741211,845.0
2022-12-02 11:20:00,82.62999725341797,82.6449966430664,82.62000274658203,82.6449966430664,1735.0
2022-12-02 11:21:00,82.63999938964844,82.65249633789062,82.63999938964844,82.6449966430664,534.0
2022-12-02 11:22:00,82.6500015258789,82.6500015258789,82.61499786376953,82.62000274658203,2062.0
2022-12-02 11:23:00,82.62999725341797,82.65010070800781,82.62999725341797,82.65010070800781,1656.0
2022-12-02 11:24:00,82.63999938964844,82.63999938964844,82.63999938964844,82.63999938964844,567.0
2022-12-02 11:25:00,82.66999816894531,82.68499755859375,82.66999816894531,82.68499755859375,479.0
2022-12-02 11:26:00,82.69999694824219,82.76000213623047,82.69999694824219,82.76000213623047,895.0
2022-12-02 11:27:00,82.75,82.77999877929688,82.75,82.7699966430664,1082.0
2022-12-02 11:28:00,82.76499938964844,82.76499938964844,82.76499938964844,82.76499938964844,123.0
2022-12-02 11:29:00,82.76000213623047,82.79000091552734,82.75,82.75,2078.0
2022-12-02 11:30:00,82.75,82.75,82.7300033569336,82.7300033569336,2382.0
2022-12-02 11:31:00,,,,,
2022-12-02 11:32:00,82.73999786376953,82.73999786376953,82.73999786376953,82.73999786376953,321.0
2022-12-02 11:33:00,82.69999694824219,82.72000122070312,82.69999694824219,82.71499633789062,961.0
2022-12-02 11:34:00,,,,,
2022-12-02 11:35:00,,,,,
2022-12-02 11:36:00,,,,,
2022-12-02 11:37:00,82.7249984741211,82.73999786376953,82.7249984741211,82.73999786376953,916.0
2022-12-02 11:38:00,82.76679992675781,82.77999877929688,82.76679992675781,82.77999877929688,812.0
2022-12-02 11:39:00,82.75,82.75,82.73999786376953,82.73999786376953,793.0
2022-12-02 11:40:00,82.80000305175781,82.80000305175781,82.80000305175781,82.80000305175781,453.0
2022-12-02 11:41:00,82.81999969482422,82.87000274658203,82.80999755859375,82.87000274658203,3494.0
2022-12-02 11:42:00,82.86000061035156,82.86000061035156,82.83760070800781,82.85990142822266,883.0
2022-12-02 11:43:00,,,,,
2022-12-02 11:44:00,82.86000061035156,82.87000274658203,82.8499984741211,82.8499984741211,1812.0
2022-12-02 11:45:00,82.86000061035156,82.91000366210938,82.83999633789062,82.91000366210938,1967.0
2022-12-02 11:46:00,,,,,
2022-12-02 11:47:00,82.8949966430664,82.8949966430664,82.8949966430664,82.8949966430664,278.0
2022-12-02 11:48:00,82.9021987915039,82.9021987915039,82.80000305175781,82.83000183105469,6265.0
2022-12-02 11:49:00,82.83000183105469,82.83000183105469,82.81999969482422,82.83000183105469,729.0
2022-12-02 11:50:00,82.80000305175781,82.80000305175781,82.79000091552734,82.79000091552734,712.0
2022-12-02 11:51:00,82.80999755859375,82.83000183105469,82.80999755859375,82.83000183105469,2678.0
2022-12-02 11:52:00,82.80000305175781,82.80999755859375,82.79000091552734,82.80999755859375,1579.0
2022-12-02 11:53:00,82.78469848632812,82.78469848632812,82.7300033569336,82.7300033569336,1469.0
2022-12-02 11:54:00,82.72799682617188,82.72799682617188,82.72799682617188,82.72799682617188,776.0
2022-12-02 11:55:00,82.76000213623047,82.79499816894531,82.76000213623047,82.79499816894531,831.0
2022-12-02 11:56:00,82.79499816894531,82.80999755859375,82.79499816894531,82.80000305175781,1990.0
2022-12-02 11:57:00,82.7699966430664,82.79000091552734,82.7699966430664,82.79000091552734,443.0
2022-12-02 11:58:00,82.7750015258789,82.79000091552734,82.7750015258789,82.79000091552734,415.0
2022-12-02 11:59:00,82.7699966430664,82.79000091552734,82.76000213623047,82.78500366210938,1409.0
2022-12-02 12:00:00,82.79000091552734,82.79499816894531,82.79000091552734,82.79499816894531,426.0
2022-12-02 12:01:00,82.80000305175781,82.80000305175781,82.80000305175781,82.80000305175781,351.0
2022-12-02 12:02:00,82.79000091552734,82.79499816894531,82.79000091552734,82.79499816894531,637.0
2022-12-02 12:03:00,82.78489685058594,82.80000305175781,82.78489685058594,82.80000305175781,450.0
2022-12-02 12:04:00,82.81999969482422,82.86000061035156,82.81999969482422,82.83999633789062,2326.0
2022-12-02 12:05:00,82.81999969482422,82.81999969482422,82.80000305175781,82.81449890136719,1510.0
2022-12-02 12:06:00,82.83370208740234,82.83370208740234,82.83370208740234,82.83370208740234,526.0
2022-12-02 12:07:00,,,,,
2022-12-02 12:08:00,82.81999969482422,82.81999969482422,82.80490112304688,82.80490112304688,714.0
2022-12-02 12:09:00,82.87000274658203,82.89129638671875,82.87000274658203,82.87000274658203,1577.0
2022-12-02 12:10:00,82.88500213623047,82.9000015258789,82.88500213623047,82.9000015258789,347.0
2022-12-02 12:11:00,82.91819763183594,82.93000030517578,82.91819763183594,82.93000030517578,681.0
2022-12-02 12:12:00,82.87000274658203,82.87999725341797,82.87000274658203,82.87999725341797,844.0
2022-12-02 12:13:00,82.84500122070312,82.86000061035156,82.84500122070312,82.86000061035156,914.0
2022-12-02 12:14:00,,,,,
2022-12-02 12:15:00,82.87000274658203,82.87000274658203,82.8499984741211,82.8499984741211,572.0
2022-12-02 12:16:00,82.86689758300781,82.9000015258789,82.86689758300781,82.9000015258789,768.0
2022-12-02 12:17:00,82.88999938964844,82.91000366210938,82.87999725341797,82.91000366210938,1643.0
2022-12-02 12:18:00,82.91000366210938,82.94000244140625,82.91000366210938,82.93000030517578,615.0
2022-12-02 12:19:00,82.93000030517578,82.93000030517578,82.9000015258789,82.93000030517578,647.0
2022-12-02 12:20:00,82.91999816894531,82.91999816894531,82.91999816894531,82.91999816894531,564.0
2022-12-02 12:21:00,,,,,
2022-12-02 12:22:00,82.89219665527344,82.89219665527344,82.89219665527344,82.89219665527344,608.0
2022-12-02 12:23:00,82.9000015258789,82.9000015258789,82.9000015258789,82.9000015258789,886.0
2022-12-02 12:24:00,,,,,
2022-12-02 12:25:00,,,,,
2022-12-02 12:26:00,,,,,
2022-12-02 12:27:00,82.9000015258789,82.9000015258789,82.87000274658203,82.87000274658203,595.0
2022-12-02 12:28:00,82.875,82.9000015258789,82.87000274658203,82.9000015258789,1522.0
2022-12-02 12:29:00,82.87999725341797,82.87999725341797,82.87000274658203,82.87000274658203,352.0
2022-12-02 12:30:00,82.87000274658203,82.87999725341797,82.87000274658203,82.87999725341797,1183.0
2022-12-02 12:31:00,82.88899993896484,82.88999938964844,82.88269805908203,82.88999938964844,1279.0
2022-12-02 12:32:00,,,,,
2022-12-02 12:33:00,82.87999725341797,82.87999725341797,82.87999725341797,82.87999725341797,392.0
2022-12-02 12:34:00,82.86000061035156,82.87000274658203,82.86000061035156,82.87000274658203,395.0
2022-12-02 12:35:00,,,,,
2022-12-02 12:36:00,82.86170196533203,82.87000274658203,82.86170196533203,82.87000274658203,297.0
2022-12-02 12:37:00,82.86499786376953,82.86499786376953,82.80999755859375,82.83499908447266,771.0
2022-12-02 12:38:00,82.86000061035156,82.86000061035156,82.86000061035156,82.86000061035156,456.0
2022-12-02 12:39:00,,,,,
2022-12-02 12:40:00,,,,,
2022-12-02 12:41:00,,,,,
2022-12-02 12:42:00,82.83100128173828,82.83499908447266,82.83000183105469,82.83499908447266,523.0
2022-12-02 12:43:00,82.86000061035156,82.91000366210938,82.86000061035156,82.91000366210938,1517.0
2022-12-02 12:44:00,82.93000030517578,82.94999694824219,82.93000030517578,82.94999694824219,1467.0
2022-12-02 12:45:00,,,,,
2022-12-02 12:46:00,82.87000274658203,82.87000274658203,82.83489990234375,82.83489990234375,2867.0
2022-12-02 12:47:00,82.83000183105469,82.83999633789062,82.83000183105469,82.83000183105469,934.0
2022-12-02 12:48:00,82.83000183105469,82.83999633789062,82.80999755859375,82.81500244140625,2715.0
2022-12-02 12:49:00,82.83000183105469,82.8499984741211,82.83000183105469,82.8499984741211,2178.0
2022-12-02 12:50:00,,,,,
2022-12-02 12:51:00,82.87999725341797,82.9000015258789,82.87000274658203,82.88999938964844,2658.0
2022-12-02 12:52:00,82.86000061035156,82.86000061035156,82.86000061035156,82.86000061035156,195.0
2022-12-02 12:53:00,82.87999725341797,82.87999725341797,82.86000061035156,82.87999725341797,1590.0
2022-12-02 12:54:00,82.86499786376953,82.87999725341797,82.86499786376953,82.86499786376953,1333.0
2022-12-02 12:55:00,82.86000061035156,82.87999725341797,82.86000061035156,82.87999725341797,401.0
2022-12-02 12:56:00,82.83999633789062,82.86000061035156,82.83000183105469,82.86000061035156,908.0
2022-12-02 12:57:00,82.87000274658203,82.87000274658203,82.8550033569336,82.8550033569336,952.0
2022-12-02 12:58:00,82.8145980834961,82.8145980834961,82.8145980834961,82.8145980834961,409.0
2022-12-02 12:59:00,82.8031997680664,82.80449676513672,82.79029846191406,82.80449676513672,600.0
2022-12-02 13:00:00,82.7750015258789,82.80000305175781,82.7750015258789,82.80000305175781,1812.0
2022-12-02 13:01:00,,,,,
2022-12-02 13:02:00,,,,,
2022-12-02 13:03:00,82.81500244140625,82.81500244140625,82.77999877929688,82.77999877929688,1352.0
2022-12-02 13:04:00,82.73999786376953,82.73999786376953,82.73999786376953,82.73999786376953,362.0
2022-12-02 13:05:00,82.75,82.7699966430664,82.75,82.7699966430664,303.0
2022-12-02 13:06:00,82.70999908447266,82.70999908447266,82.69999694824219,82.69999694824219,633.0
2022-12-02 13:07:00,82.69999694824219,82.69999694824219,82.66999816894531,82.69000244140625,751.0
2022-12-02 13:08:00,82.66819763183594,82.70999908447266,82.66819763183594,82.70999908447266,1625.0
2022-12-02 13:09:00,,,,,
2022-12-02 13:10:00,,,,,
2022-12-02 13:11:00,82.63999938964844,82.6500015258789,82.62249755859375,82.62249755859375,1272.0
2022-12-02 13:12:00,,,,,
2022-12-02 13:13:00,82.68000030517578,82.69000244140625,82.68000030517578,82.69000244140625,416.0
2022-12-02 13:14:00,82.69999694824219,82.69999694824219,82.66010284423828,82.66010284423828,542.0
2022-12-02 13:15:00,82.63999938964844,82.68499755859375,82.63999938964844,82.68499755859375,2017.0
2022-12-02 13:16:00,82.69999694824219,82.7051010131836,82.69999694824219,82.7051010131836,738.0
2022-12-02 13:17:00,82.69999694824219,82.69999694824219,82.69999694824219,82.69999694824219,484.0
2022-12-02 13:18:00,82.6980972290039,82.70999908447266,82.6980972290039,82.70999908447266,718.0
2022-12-02 13:19:00,82.68000030517578,82.68000030517578,82.68000030517578,82.68000030517578,1795.0
2022-12-02 13:20:00,82.68000030517578,82.68000030517578,82.68000030517578,82.68000030517578,614.0
2022-12-02 13:21:00,82.68000030517578,82.68000030517578,82.68000030517578,82.68000030517578,586.0
2022-12-02 13:22:00,82.66999816894531,82.66999816894531,82.66999816894531,82.66999816894531,516.0
2022-12-02 13:23:00,82.7063980102539,82.7063980102539,82.7063980102539,82.7063980102539,443.0
2022-12-02 13:24:00,82.73999786376953,82.73999786376953,82.73999786376953,82.73999786376953,666.0
2022-12-02 13:25:00,,,,,
2022-12-02 13:26:00,82.70999908447266,82.70999908447266,82.70999908447266,82.70999908447266,542.0
2022-12-02 13:27:00,82.73999786376953,82.73999786376953,82.69000244140625,82.69000244140625,596.0
2022-12-02 13:28:00,,,,,
2022-12-02 13:29:00,82.76499938964844,82.7750015258789,82.75,82.7750015258789,1913.0
2022-12-02 13:30:00,82.79000091552734,82.79000091552734,82.79000091552734,82.79000091552734,509.0
2022-12-02 13:31:00,82.79000091552734,82.79000091552734,82.79000091552734,82.79000091552734,661.0
2022-12-02 13:32:00,82.80000305175781,82.80000305175781,82.80000305175781,82.80000305175781,188.0
2022-12-02 13:33:00,82.80000305175781,82.80000305175781,82.77999877929688,82.77999877929688,312.0
2022-12-02 13:34:00,,,,,
2022-12-02 13:35:00,82.77999877929688,82.77999877929688,82.77999877929688,82.77999877929688,865.0
2022-12-02 13:36:00,,,,,
2022-12-02 13:37:00,82.76000213623047,82.77999877929688,82.76000213623047,82.77999877929688,949.0
2022-12-02 13:38:00,82.7699966430664,82.80999755859375,82.7699966430664,82.80000305175781,1001.0
2022-12-02 13:39:00,82.81390380859375,82.81390380859375,82.80000305175781,82.80000305175781,422.0
2022-12-02 13:40:00,82.81999969482422,82.8499984741211,82.81999969482422,82.8499984741211,1039.0
2022-12-02 13:41:00,82.8499984741211,82.88999938964844,82.8499984741211,82.88999938964844,1095.0
2022-12-02 13:42:00,,,,,
2022-12-02 13:43:00,82.87000274658203,82.87000274658203,82.87000274658203,82.87000274658203,193.0
2022-12-02 13:44:00,82.86000061035156,82.87000274658203,82.83999633789062,82.83999633789062,2995.0
2022-12-02 13:45:00,,,,,
2022-12-02 13:46:00,82.83000183105469,82.83000183105469,82.80999755859375,82.80999755859375,1724.0
2022-12-02 13:47:00,82.80999755859375,82.80999755859375,82.80999755859375,82.80999755859375,232.0
2022-12-02 13:48:00,82.80999755859375,82.80999755859375,82.80000305175781,82.80500030517578,822.0
2022-12-02 13:49:00,82.80000305175781,82.80000305175781,82.79000091552734,82.79119873046875,2854.0
2022-12-02 13:50:00,,,,,
2022-12-02 13:51:00,82.79969787597656,82.79969787597656,82.78009796142578,82.78009796142578,857.0
2022-12-02 13:52:00,82.80000305175781,82.80000305175781,82.80000305175781,82.80000305175781,729.0
2022-12-02 13:53:00,,,,,
2022-12-02 13:54:00,82.77999877929688,82.77999877929688,82.77999877929688,82.77999877929688,429.0
2022-12-02 13:55:00,82.79859924316406,82.79889678955078,82.75,82.7699966430664,9007.0
2022-12-02 13:56:00,82.76899719238281,82.76899719238281,82.75,82.75,1482.0
2022-12-02 13:57:00,82.7699966430664,82.7699966430664,82.7699966430664,82.7699966430664,548.0
2022-12-02 13:58:00,,,,,
2022-12-02 13:59:00,82.78500366210938,82.79000091552734,82.78500366210938,82.79000091552734,775.0
2022-12-02 14:00:00,82.7874984741211,82.7874984741211,82.7874984741211,82.7874984741211,653.0
2022-12-02 14:01:00,,,,,
2022-12-02 14:02:00,,,,,
2022-12-02 14:03:00,82.80000305175781,82.80999755859375,82.80000305175781,82.80000305175781,858.0
2022-12-02 14:04:00,,,,,
2022-12-02 14:05:00,82.79000091552734,82.79000091552734,82.79000091552734,82.79000091552734,285.0
2022-12-02 14:06:00,82.79000091552734,82.79000091552734,82.7699966430664,82.77999877929688,742.0
2022-12-02 14:07:00,82.7750015258789,82.7750015258789,82.7750015258789,82.7750015258789,169.0
2022-12-02 14:08:00,82.73999786376953,82.73999786376953,82.73999786376953,82.73999786376953,627.0
2022-12-02 14:09:00,,,,,
2022-12-02 14:10:00,82.7300033569336,82.7300033569336,82.72000122070312,82.72000122070312,1003.0
2022-12-02 14:11:00,82.70999908447266,82.70999908447266,82.70010375976562,82.70010375976562,1241.0
2022-12-02 14:12:00,,,,,
2022-12-02 14:13:00,,,,,
2022-12-02 14:14:00,82.75,82.75,82.75,82.75,1009.0
2022-12-02 14:15:00,82.76000213623047,82.76000213623047,82.76000213623047,82.76000213623047,313.0
2022-12-02 14:16:00,82.76000213623047,82.77999877929688,82.76000213623047,82.77999877929688,1065.0
2022-12-02 14:17:00,,,,,
2022-12-02 14:18:00,82.7699966430664,82.77999877929688,82.7699966430664,82.77999877929688,664.0
2022-12-02 14:19:00,82.79000091552734,82.79000091552734,82.76000213623047,82.77999877929688,854.0
2022-12-02 14:20:00,82.76000213623047,82.76000213623047,82.76000213623047,82.76000213623047,708.0
2022-12-02 14:21:00,,,,,
2022-12-02 14:22:00,82.73500061035156,82.75990295410156,82.73500061035156,82.75990295410156,3568.0
2022-12-02 14:23:00,82.75,82.75,82.69999694824219,82.69999694824219,727.0
2022-12-02 14:24:00,82.75,82.75,82.75,82.75,386.0
2022-12-02 14:25:00,82.73999786376953,82.73999786376953,82.73999786376953,82.73999786376953,857.0
2022-12-02 14:26:00,,,,,
2022-12-02 14:27:00,,,,,
2022-12-02 14:28:00,82.7300033569336,82.7699966430664,82.7300033569336,82.7699966430664,437.0
2022-12-02 14:29:00,82.7699966430664,82.7699966430664,82.75,82.75,1070.0
2022-12-02 14:30:00,,,,,
2022-12-02 14:31:00,82.75,82.75,82.75,82.75,193.0
2022-12-02 14:32:00,82.75350189208984,82.7770004272461,82.75350189208984,82.7770004272461,737.0
2022-12-02 14:33:00,82.7699966430664,82.77999877929688,82.7699966430664,82.77999877929688,839.0
2022-12-02 14:34:00,82.7699966430664,82.79499816894531,82.7699966430664,82.79499816894531,1496.0
2022-12-02 14:35:00,82.79000091552734,82.79000091552734,82.79000091552734,82.79000091552734,135.0
2022-12-02 14:36:00,82.80000305175781,82.80000305175781,82.7699966430664,82.80000305175781,3452.0
2022-12-02 14:37:00,82.7699966430664,82.7699966430664,82.7699966430664,82.7699966430664,181.0
2022-12-02 14:38:00,82.78500366210938,82.78500366210938,82.77999877929688,82.77999877929688,532.0
2022-12-02 14:39:00,82.80400085449219,82.80400085449219,82.80400085449219,82.80400085449219,229.0
2022-12-02 14:40:00,82.80560302734375,82.81050109863281,82.77999877929688,82.77999877929688,2632.0
2022-12-02 14:41:00,82.76000213623047,82.76000213623047,82.76000213623047,82.76000213623047,163.0
2022-12-02 14:42:00,82.73999786376953,82.73999786376953,82.73999786376953,82.73999786376953,565.0
2022-12-02 14:43:00,,,,,
2022-12-02 14:44:00,82.7699966430664,82.7699966430664,82.75,82.7699966430664,2629.0
2022-12-02 14:45:00,82.76000213623047,82.76000213623047,82.73999786376953,82.75,2690.0
2022-12-02 14:46:00,82.79000091552734,82.79000091552734,82.78500366210938,82.78500366210938,488.0
2022-12-02 14:47:00,82.80000305175781,82.80000305175781,82.7699966430664,82.7699966430664,433.0
2022-12-02 14:48:00,82.78710174560547,82.80000305175781,82.78710174560547,82.80000305175781,577.0
2022-12-02 14:49:00,82.81500244140625,82.82489776611328,82.80999755859375,82.82489776611328,495.0
2022-12-02 14:50:00,82.80000305175781,82.81999969482422,82.80000305175781,82.81999969482422,641.0
2022-12-02 14:51:00,82.80999755859375,82.81999969482422,82.79000091552734,82.79499816894531,1176.0
2022-12-02 14:52:00,82.80000305175781,82.80000305175781,82.79000091552734,82.79000091552734,633.0
2022-12-02 14:53:00,82.83999633789062,82.875,82.83000183105469,82.875,1384.0
2022-12-02 14:54:00,82.8499984741211,82.8499984741211,82.83390045166016,82.83390045166016,625.0
2022-12-02 14:55:00,82.86000061035156,82.87000274658203,82.8499984741211,82.87000274658203,1747.0
2022-12-02 14:56:00,82.88999938964844,82.91000366210938,82.88999938964844,82.89199829101562,1098.0
2022-12-02 14:57:00,82.91999816894531,82.91999816894531,82.91999816894531,82.91999816894531,1108.0
2022-12-02 14:58:00,82.92359924316406,82.92359924316406,82.91000366210938,82.91000366210938,1000.0
2022-12-02 14:59:00,82.86000061035156,82.87000274658203,82.8499984741211,82.8499984741211,3262.0
2022-12-02 15:00:00,82.88999938964844,82.91000366210938,82.88999938964844,82.91000366210938,798.0
2022-12-02 15:01:00,82.88999938964844,82.88999938964844,82.86000061035156,82.86000061035156,1251.0
2022-12-02 15:02:00,82.87999725341797,82.93000030517578,82.87999725341797,82.93000030517578,464.0
2022-12-02 15:03:00,82.94000244140625,82.94000244140625,82.91999816894531,82.93000030517578,1091.0
2022-12-02 15:04:00,82.95999908447266,82.95999908447266,82.95999908447266,82.95999908447266,437.0
2022-12-02 15:05:00,82.95999908447266,82.95999908447266,82.91999816894531,82.91999816894531,1327.0
2022-12-02 15:06:00,82.94999694824219,82.95500183105469,82.91999816894531,82.91999816894531,2739.0
2022-12-02 15:07:00,82.93000030517578,82.97000122070312,82.91999816894531,82.94999694824219,1926.0
2022-12-02 15:08:00,82.94999694824219,82.9677963256836,82.94999694824219,82.94999694824219,3197.0
2022-12-02 15:09:00,82.93499755859375,82.9800033569336,82.9000015258789,82.95999908447266,2420.0
2022-12-02 15:10:00,82.97000122070312,82.97000122070312,82.91000366210938,82.93000030517578,2321.0
2022-12-02 15:11:00,82.91999816894531,82.95500183105469,82.91999816894531,82.94999694824219,2605.0
2022-12-02 15:12:00,82.95500183105469,82.97000122070312,82.91999816894531,82.93499755859375,3523.0
2022-12-02 15:13:00,82.94999694824219,82.94999694824219,82.93000030517578,82.94000244140625,915.0
2022-12-02 15:14:00,82.97000122070312,83.0,82.97000122070312,83.0,2709.0
2022-12-02 15:15:00,83.0199966430664,83.0199966430664,82.95999908447266,82.95999908447266,2051.0
2022-12-02 15:16:00,82.96499633789062,83.01000213623047,82.94000244140625,83.01000213623047,2089.0
2022-12-02 15:17:00,83.01000213623047,83.01000213623047,82.94999694824219,82.97000122070312,4276.0
2022-12-02 15:18:00,83.0,83.01000213623047,83.0,83.01000213623047,757.0
2022-12-02 15:19:00,83.0,83.0,82.9800033569336,82.98999786376953,1610.0
2022-12-02 15:20:00,,,,,
2022-12-02 15:21:00,,,,,
2022-12-02 15:22:00,82.97000122070312,82.97000122070312,82.87999725341797,82.94999694824219,9968.0
2022-12-02 15:23:00,82.94499969482422,82.97000122070312,82.9000015258789,82.91300201416016,8912.0
2022-12-02 15:24:00,82.8949966430664,82.8949966430664,82.8949966430664,82.8949966430664,272.0
2022-12-02 15:25:00,82.89219665527344,82.91999816894531,82.89219665527344,82.91999816894531,1158.0
2022-12-02 15:26:00,82.87999725341797,82.87999725341797,82.87999725341797,82.87999725341797,736.0
2022-12-02 15:27:00,82.87999725341797,82.88999938964844,82.87999725341797,82.87999725341797,1309.0
2022-12-02 15:28:00,82.87000274658203,82.8740005493164,82.83999633789062,82.83999633789062,1298.0
2022-12-02 15:29:00,82.8499984741211,82.9000015258789,82.8499984741211,82.9000015258789,971.0
2022-12-02 15:30:00,82.93890380859375,82.95999908447266,82.93890380859375,82.95999908447266,847.0
2022-12-02 15:31:00,82.95999908447266,83.05000305175781,82.9574966430664,83.05000305175781,2980.0
2022-12-02 15:32:00,83.08999633789062,83.08999633789062,83.0,83.0250015258789,3842.0
2022-12-02 15:33:00,83.00499725341797,83.00499725341797,82.95999908447266,82.98999786376953,3748.0
2022-12-02 15:34:00,82.97000122070312,82.97000122070312,82.88999938964844,82.88999938964844,3931.0
2022-12-02 15:35:00,82.90249633789062,82.9052963256836,82.86000061035156,82.87999725341797,1809.0
2022-12-02 15:36:00,82.87220001220703,82.91999816894531,82.8499984741211,82.88999938964844,3992.0
2022-12-02 15:37:00,82.86000061035156,82.86000061035156,82.83000183105469,82.83000183105469,937.0
2022-12-02 15:38:00,82.86000061035156,82.9000015258789,82.8499984741211,82.9000015258789,1502.0
2022-12-02 15:39:00,82.90499877929688,82.90499877929688,82.90499877929688,82.90499877929688,760.0
2022-12-02 15:40:00,82.91000366210938,82.91000366210938,82.9000015258789,82.9000015258789,826.0
2022-12-02 15:41:00,82.88999938964844,82.88999938964844,82.87000274658203,82.87999725341797,1641.0
2022-12-02 15:42:00,82.88999938964844,82.88999938964844,82.87999725341797,82.88999938964844,4056.0
2022-12-02 15:43:00,82.88500213623047,82.88999938964844,82.87000274658203,82.88999938964844,1980.0
2022-12-02 15:44:00,82.87000274658203,82.87999725341797,82.86000061035156,82.87129974365234,3450.0
2022-12-02 15:45:00,82.87000274658203,82.88999938964844,82.8499984741211,82.8499984741211,2976.0
2022-12-02 15:46:00,,,,,
2022-12-02 15:47:00,82.8499984741211,82.86499786376953,82.83000183105469,82.83000183105469,5878.0
2022-12-02 15:48:00,82.83999633789062,82.86000061035156,82.80999755859375,82.80999755859375,2967.0
2022-12-02 15:49:00,82.80000305175781,82.80000305175781,82.77999877929688,82.79000091552734,2943.0
2022-12-02 15:50:00,82.80000305175781,82.82499694824219,82.7699966430664,82.77999877929688,4669.0
2022-12-02 15:51:00,82.79000091552734,82.81999969482422,82.7699966430664,82.80999755859375,3698.0
2022-12-02 15:52:00,82.81999969482422,82.83000183105469,82.81999969482422,82.83000183105469,1655.0
2022-12-02 15:53:00,82.83000183105469,82.9000015258789,82.83000183105469,82.88999938964844,4992.0
2022-12-02 15:54:00,82.91000366210938,82.91999816894531,82.87000274658203,82.87000274658203,3229.0
2022-12-02 15:55:00,82.87000274658203,82.88999938964844,82.86000061035156,82.86000061035156,4599.0
2022-12-02 15:56:00,82.87000274658203,82.87999725341797,82.86000061035156,82.86499786376953,4578.0
2022-12-02 15:57:00,82.86000061035156,82.86000061035156,82.83000183105469,82.86000061035156,5418.0
2022-12-02 15:58:00,82.87999725341797,82.87999725341797,82.86000061035156,82.87000274658203,5954.0
2022-12-02 15:59:00,82.86000061035156,82.86000061035156,82.7699966430664,82.80000305175781,19605.0
2022-12-05 09:30:00,81.81999969482422,82.0199966430664,81.81999969482422,82.0199966430664,26464.0
2022-12-05 09:31:00,82.05999755859375,82.05999755859375,81.98999786376953,81.98999786376953,1134.0
2022-12-05 09:32:00,82.0199966430664,82.06999969482422,81.97000122070312,82.01000213623047,3433.0
2022-12-05 09:33:00,82.0,82.0199966430664,82.0,82.0199966430664,1078.0
2022-12-05 09:34:00,82.13999938964844,82.2249984741211,82.13999938964844,82.22000122070312,2965.0
2022-12-05 09:35:00,82.2300033569336,82.30000305175781,82.22000122070312,82.30000305175781,2254.0
2022-12-05 09:36:00,82.30000305175781,82.45999908447266,82.30000305175781,82.44000244140625,14016.0
2022-12-05 09:37:00,82.5,82.52999877929688,82.43000030517578,82.47989654541016,3039.0
2022-12-05 09:38:00,82.41999816894531,82.41999816894531,82.37000274658203,82.37000274658203,1622.0
2022-12-05 09:39:00,82.38999938964844,82.38999938964844,82.29499816894531,82.3499984741211,13315.0
2022-12-05 09:40:00,82.40570068359375,82.40570068359375,82.40570068359375,82.40570068359375,129.0
2022-12-05 09:41:00,82.41999816894531,82.41999816894531,82.4000015258789,82.41999816894531,1674.0
2022-12-05 09:42:00,82.4010009765625,82.44999694824219,82.37000274658203,82.41000366210938,4848.0
2022-12-05 09:43:00,82.38999938964844,82.4000015258789,82.37000274658203,82.4000015258789,1926.0
2022-12-05 09:44:00,82.42400360107422,82.42400360107422,82.38999938964844,82.38999938964844,1620.0
2022-12-05 09:45:00,82.38999938964844,82.38999938964844,82.37000274658203,82.37000274658203,6362.0
2022-12-05 09:46:00,82.33999633789062,82.33999633789062,82.33999633789062,82.33999633789062,683.0
2022-12-05 09:47:00,82.30000305175781,82.4000015258789,82.24479675292969,82.37999725341797,3360.0
2022-12-05 09:48:00,82.44000244140625,82.48999786376953,82.41999816894531,82.44999694824219,2860.0
2022-12-05 09:49:00,82.44999694824219,82.46499633789062,82.44999694824219,82.45999908447266,635.0
2022-12-05 09:50:00,82.47000122070312,82.51000213623047,82.44999694824219,82.44999694824219,4759.0
2022-12-05 09:51:00,82.43000030517578,82.43000030517578,82.37000274658203,82.41999816894531,1876.0
2022-12-05 09:52:00,82.44000244140625,82.44000244140625,82.37999725341797,82.37999725341797,1961.0
2022-12-05 09:53:00,82.4000015258789,82.4000015258789,82.3499984741211,82.3499984741211,285.0
2022-12-05 09:54:00,82.35900115966797,82.37999725341797,82.3499984741211,82.3499984741211,976.0
2022-12-05 09:55:00,82.36000061035156,82.36000061035156,82.33000183105469,82.33000183105469,1168.0
2022-12-05 09:56:00,82.30000305175781,82.33319854736328,82.29000091552734,82.30000305175781,3336.0
2022-12-05 09:57:00,82.31999969482422,82.32499694824219,82.30000305175781,82.30000305175781,829.0
2022-12-05 09:58:00,82.30999755859375,82.30999755859375,82.30000305175781,82.30000305175781,982.0
2022-12-05 09:59:00,82.30500030517578,82.31999969482422,82.27999877929688,82.30999755859375,6300.0
2022-12-05 10:00:00,82.2699966430664,82.30000305175781,82.05999755859375,82.08000183105469,6521.0
2022-12-05 10:01:00,82.07499694824219,82.20999908447266,82.05000305175781,82.18000030517578,13102.0
2022-12-05 10:02:00,82.1500015258789,82.18000030517578,82.1449966430664,82.18000030517578,4052.0
2022-12-05 10:03:00,82.16999816894531,82.30000305175781,82.16999816894531,82.29000091552734,13082.0
2022-12-05 10:04:00,82.30000305175781,82.33000183105469,82.26499938964844,82.30999755859375,8573.0
2022-12-05 10:05:00,82.29000091552734,82.29000091552734,82.20999908447266,82.20999908447266,1928.0
2022-12-05 10:06:00,82.2300033569336,82.28500366210938,82.2300033569336,82.28500366210938,1431.0
2022-12-05 10:07:00,82.28500366210938,82.28500366210938,82.2699966430664,82.2699966430664,1353.0
2022-12-05 10:08:00,82.26000213623047,82.2750015258789,82.23999786376953,82.23999786376953,2139.0
2022-12-05 10:09:00,82.25,82.25,82.23159790039062,82.23159790039062,658.0
2022-12-05 10:10:00,82.28500366210938,82.28500366210938,82.2699966430664,82.2699966430664,885.0
2022-12-05 10:11:00,82.3499984741211,82.41999816894531,82.3499984741211,82.37999725341797,2344.0
2022-12-05 10:12:00,82.3949966430664,82.41000366210938,82.37000274658203,82.37000274658203,2414.0
2022-12-05 10:13:00,82.37999725341797,82.37999725341797,82.35160064697266,82.36000061035156,2047.0
2022-12-05 10:14:00,82.33999633789062,82.33999633789062,82.33999633789062,82.33999633789062,314.0
2022-12-05 10:15:00,82.30999755859375,82.31999969482422,82.30000305175781,82.30000305175781,1331.0
2022-12-05 10:16:00,82.30999755859375,82.30999755859375,82.29000091552734,82.29000091552734,1171.0
2022-12-05 10:17:00,82.29000091552734,82.31500244140625,82.2699966430664,82.30000305175781,1717.0
2022-12-05 10:18:00,82.31999969482422,82.31999969482422,82.31999969482422,82.31999969482422,439.0
2022-12-05 10:19:00,82.30000305175781,82.30000305175781,82.27999877929688,82.27999877929688,1620.0
2022-12-05 10:20:00,82.27999877929688,82.29000091552734,82.26000213623047,82.26000213623047,1904.0
2022-12-05 10:21:00,82.28500366210938,82.28500366210938,82.2699966430664,82.2699966430664,957.0
2022-12-05 10:22:00,,,,,
2022-12-05 10:23:00,82.23999786376953,82.2699966430664,82.23999786376953,82.2699966430664,1297.0
2022-12-05 10:24:00,82.31199645996094,82.31199645996094,82.26000213623047,82.26000213623047,1478.0
2022-12-05 10:25:00,82.23999786376953,82.23999786376953,82.22000122070312,82.22000122070312,534.0
2022-12-05 10:26:00,82.26000213623047,82.30999755859375,82.26000213623047,82.30999755859375,473.0
2022-12-05 10:27:00,82.33000183105469,82.36000061035156,82.33000183105469,82.3499984741211,1279.0
2022-12-05 10:28:00,82.33999633789062,82.33999633789062,82.23999786376953,82.23999786376953,762.0
2022-12-05 10:29:00,82.19999694824219,82.20999908447266,82.19999694824219,82.20999908447266,918.0
2022-12-05 10:30:00,82.19000244140625,82.20999908447266,82.19000244140625,82.19000244140625,1635.0
2022-12-05 10:31:00,82.12999725341797,82.1449966430664,82.12999725341797,82.1449966430664,1726.0
2022-12-05 10:32:00,82.18000030517578,82.20249938964844,82.18000030517578,82.20249938964844,1766.0
2022-12-05 10:33:00,82.19999694824219,82.25,82.19999694824219,82.23999786376953,2404.0
2022-12-05 10:34:00,82.26000213623047,82.28510284423828,82.26000213623047,82.28510284423828,1295.0
2022-12-05 10:35:00,82.30999755859375,82.38580322265625,82.30999755859375,82.36000061035156,6234.0
2022-12-05 10:36:00,82.36000061035156,82.38999938964844,82.36000061035156,82.37000274658203,3129.0
2022-12-05 10:37:00,82.37999725341797,82.38999938964844,82.3499984741211,82.3499984741211,3628.0
2022-12-05 10:38:00,82.33999633789062,82.33999633789062,82.30999755859375,82.30999755859375,1945.0
2022-12-05 10:39:00,82.3499984741211,82.37999725341797,82.3499984741211,82.37999725341797,754.0
2022-12-05 10:40:00,82.4000015258789,82.40499877929688,82.375,82.375,2387.0
2022-12-05 10:41:00,82.4000015258789,82.41999816894531,82.4000015258789,82.41999816894531,969.0
2022-12-05 10:42:00,82.45999908447266,82.46499633789062,82.45999908447266,82.46499633789062,587.0
2022-12-05 10:43:00,82.4800033569336,82.5,82.4800033569336,82.48500061035156,842.0
2022-12-05 10:44:00,82.47000122070312,82.47000122070312,82.45999908447266,82.45999908447266,989.0
2022-12-05 10:45:00,82.45999908447266,82.46499633789062,82.44999694824219,82.44999694824219,6952.0
2022-12-05 10:46:00,82.41000366210938,82.41000366210938,82.41000366210938,82.41000366210938,450.0
2022-12-05 10:47:00,82.41000366210938,82.41000366210938,82.4000015258789,82.4000015258789,1303.0
2022-12-05 10:48:00,82.41000366210938,82.44000244140625,82.4000015258789,82.43000030517578,13115.0
2022-12-05 10:49:00,82.45999908447266,82.45999908447266,82.44499969482422,82.44999694824219,1465.0
2022-12-05 10:50:00,82.43000030517578,82.47000122070312,82.43000030517578,82.44999694824219,1517.0
2022-12-05 10:51:00,82.43000030517578,82.44000244140625,82.38999938964844,82.4000015258789,11238.0
2022-12-05 10:52:00,82.38999938964844,82.4000015258789,82.36499786376953,82.37000274658203,3431.0
2022-12-05 10:53:00,,,,,
2022-12-05 10:54:00,82.38999938964844,82.38999938964844,82.38999938964844,82.38999938964844,491.0
2022-12-05 10:55:00,82.4000015258789,82.47000122070312,82.4000015258789,82.45999908447266,3419.0
2022-12-05 10:56:00,82.47750091552734,82.50499725341797,82.47750091552734,82.50499725341797,3785.0
2022-12-05 10:57:00,82.48999786376953,82.48999786376953,82.44010162353516,82.44010162353516,1056.0
2022-12-05 10:58:00,82.44090270996094,82.44090270996094,82.37039947509766,82.4000015258789,2876.0
2022-12-05 10:59:00,82.42500305175781,82.47000122070312,82.41999816894531,82.47000122070312,3322.0
2022-12-05 11:00:00,82.4800033569336,82.52999877929688,82.47000122070312,82.4749984741211,5094.0
2022-12-05 11:01:00,82.4800033569336,82.5,82.44000244140625,82.44000244140625,2143.0
2022-12-05 11:02:00,82.41500091552734,82.41999816894531,82.37000274658203,82.37000274658203,2895.0
2022-12-05 11:03:00,82.4000015258789,82.41999816894531,82.3949966430664,82.41000366210938,1170.0
2022-12-05 11:04:00,82.41999816894531,82.43000030517578,82.41999816894531,82.43000030517578,760.0
2022-12-05 11:05:00,82.44000244140625,82.48999786376953,82.44000244140625,82.44999694824219,5753.0
2022-12-05 11:06:00,82.45999908447266,82.47000122070312,82.44000244140625,82.44000244140625,2922.0
2022-12-05 11:07:00,82.47000122070312,82.47000122070312,82.43000030517578,82.43000030517578,3216.0
2022-12-05 11:08:00,82.44499969482422,82.4800033569336,82.44499969482422,82.47000122070312,2257.0
2022-12-05 11:09:00,82.47000122070312,82.4800033569336,82.44999694824219,82.46499633789062,6367.0
2022-12-05 11:10:00,82.47000122070312,82.47000122070312,82.47000122070312,82.47000122070312,430.0
2022-12-05 11:11:00,82.5199966430664,82.5436019897461,82.5199966430664,82.54000091552734,1995.0
2022-12-05 11:12:00,82.55999755859375,82.5999984741211,82.55999755859375,82.55999755859375,5636.0
2022-12-05 11:13:00,82.55000305175781,82.55000305175781,82.55000305175781,82.55000305175781,205.0
2022-12-05 11:14:00,82.55000305175781,82.55000305175781,82.51000213623047,82.51000213623047,1899.0
2022-12-05 11:15:00,82.50550079345703,82.5199966430664,82.4800033569336,82.4800033569336,5837.0
2022-12-05 11:16:00,82.48500061035156,82.48500061035156,82.44000244140625,82.44000244140625,1562.0
2022-12-05 11:17:00,82.37999725341797,82.37999725341797,82.37999725341797,82.37999725341797,503.0
2022-12-05 11:18:00,82.30999755859375,82.3499984741211,82.30999755859375,82.31999969482422,1855.0
2022-12-05 11:19:00,82.32499694824219,82.32499694824219,82.32499694824219,82.32499694824219,344.0
2022-12-05 11:20:00,82.30999755859375,82.30999755859375,82.30000305175781,82.30000305175781,457.0
2022-12-05 11:21:00,82.30000305175781,82.30999755859375,82.27999877929688,82.27999877929688,2748.0
2022-12-05 11:22:00,82.33499908447266,82.33499908447266,82.31999969482422,82.31999969482422,912.0
2022-12-05 11:23:00,82.31210327148438,82.33000183105469,82.30999755859375,82.33000183105469,1797.0
2022-12-05 11:24:00,82.33999633789062,82.375,82.33999633789062,82.375,1905.0
2022-12-05 11:25:00,82.3499984741211,82.3499984741211,82.2750015258789,82.2750015258789,2090.0
2022-12-05 11:26:00,82.2699966430664,82.2699966430664,82.26499938964844,82.26499938964844,801.0
2022-12-05 11:27:00,82.2699966430664,82.29000091552734,82.26000213623047,82.26000213623047,1311.0
2022-12-05 11:28:00,82.25499725341797,82.26000213623047,82.23999786376953,82.23999786376953,1063.0
2022-12-05 11:29:00,82.25,82.25,82.18499755859375,82.18499755859375,2516.0
2022-12-05 11:30:00,82.19999694824219,82.22000122070312,82.19999694824219,82.22000122070312,1027.0
2022-12-05 11:31:00,82.20500183105469,82.20500183105469,82.16500091552734,82.19999694824219,1410.0
2022-12-05 11:32:00,82.16000366210938,82.18000030517578,82.16000366210938,82.16000366210938,1983.0
2022-12-05 11:33:00,82.16000366210938,82.16000366210938,82.12000274658203,82.12000274658203,1006.0
2022-12-05 11:34:00,82.12000274658203,82.12999725341797,82.0999984741211,82.12999725341797,1367.0
2022-12-05 11:35:00,82.125,82.125,82.12000274658203,82.12000274658203,701.0
2022-12-05 11:36:00,82.12999725341797,82.1500015258789,82.12999725341797,82.13999938964844,992.0
2022-12-05 11:37:00,82.1449966430664,82.18499755859375,82.1449966430664,82.18000030517578,2545.0
2022-12-05 11:38:00,82.19000244140625,82.23999786376953,82.18000030517578,82.23999786376953,2121.0
2022-12-05 11:39:00,82.25,82.25199890136719,82.22000122070312,82.22000122070312,2340.0
2022-12-05 11:40:00,82.22000122070312,82.2300033569336,82.19499969482422,82.22000122070312,1933.0
2022-12-05 11:41:00,82.2249984741211,82.2249984741211,82.22000122070312,82.22000122070312,909.0
2022-12-05 11:42:00,82.2300033569336,82.2300033569336,82.19000244140625,82.19000244140625,1159.0
2022-12-05 11:43:00,82.19000244140625,82.19999694824219,82.19000244140625,82.19499969482422,1334.0
2022-12-05 11:44:00,82.19000244140625,82.19000244140625,82.16999816894531,82.16999816894531,1250.0
2022-12-05 11:45:00,82.15499877929688,82.20999908447266,82.15499877929688,82.20999908447266,2448.0
2022-12-05 11:46:00,82.18000030517578,82.18000030517578,82.18000030517578,82.18000030517578,613.0
2022-12-05 11:47:00,82.19000244140625,82.19000244140625,82.16999816894531,82.16999816894531,830.0
2022-12-05 11:48:00,82.16500091552734,82.16500091552734,82.1332015991211,82.1332015991211,1915.0
2022-12-05 11:49:00,82.13999938964844,82.13999938964844,82.12999725341797,82.13999938964844,1737.0
2022-12-05 11:50:00,82.16500091552734,82.20500183105469,82.16500091552734,82.20500183105469,806.0
2022-12-05 11:51:00,82.21499633789062,82.21499633789062,82.19000244140625,82.19000244140625,1015.0
2022-12-05 11:52:00,82.22000122070312,82.24500274658203,82.22000122070312,82.2300033569336,1348.0
2022-12-05 11:53:00,82.2300033569336,82.2300033569336,82.20500183105469,82.20500183105469,2062.0
2022-12-05 11:54:00,82.19499969482422,82.22000122070312,82.16999816894531,82.16999816894531,1737.0
2022-12-05 11:55:00,82.16000366210938,82.16000366210938,82.1050033569336,82.1050033569336,1458.0
2022-12-05 11:56:00,82.11000061035156,82.11000061035156,82.08999633789062,82.08999633789062,3052.0
2022-12-05 11:57:00,82.06999969482422,82.06999969482422,82.04000091552734,82.05999755859375,2067.0
2022-12-05 11:58:00,82.05000305175781,82.05500030517578,82.04499816894531,82.04499816894531,646.0
2022-12-05 11:59:00,82.02999877929688,82.02999877929688,81.9800033569336,81.98500061035156,2302.0
2022-12-05 12:00:00,81.98999786376953,82.0,81.98999786376953,82.0,439.0
2022-12-05 12:01:00,81.98999786376953,81.98999786376953,81.97000122070312,81.97000122070312,3656.0
2022-12-05 12:02:00,81.9800033569336,82.0199966430664,81.9800033569336,82.01000213623047,1786.0
2022-12-05 12:03:00,81.98999786376953,81.98999786376953,81.98500061035156,81.98999786376953,1127.0
2022-12-05 12:04:00,81.9800033569336,81.98999786376953,81.97250366210938,81.98999786376953,1981.0
2022-12-05 12:05:00,82.0,82.05999755859375,82.0,82.04000091552734,1389.0
2022-12-05 12:06:00,82.05999755859375,82.05999755859375,81.99500274658203,81.99500274658203,1898.0
2022-12-05 12:07:00,82.0,82.0,81.95500183105469,81.95500183105469,1591.0
2022-12-05 12:08:00,81.94499969482422,81.94499969482422,81.94159698486328,81.94159698486328,950.0
2022-12-05 12:09:00,81.94999694824219,81.96499633789062,81.94999694824219,81.96499633789062,687.0
2022-12-05 12:10:00,81.96499633789062,81.96499633789062,81.90010070800781,81.90010070800781,1313.0
2022-12-05 12:11:00,81.9000015258789,81.91999816894531,81.9000015258789,81.91999816894531,667.0
2022-12-05 12:12:00,81.91000366210938,81.91000366210938,81.91000366210938,81.91000366210938,266.0
2022-12-05 12:13:00,81.91999816894531,81.91999816894531,81.91999816894531,81.91999816894531,837.0
2022-12-05 12:14:00,81.91999816894531,81.91999816894531,81.91999816894531,81.91999816894531,723.0
2022-12-05 12:15:00,81.93000030517578,81.94999694824219,81.93000030517578,81.94999694824219,676.0
2022-12-05 12:16:00,81.94499969482422,81.94999694824219,81.94499969482422,81.94999694824219,933.0
2022-12-05 12:17:00,82.0031967163086,82.0031967163086,81.95999908447266,81.95999908447266,2220.0
2022-12-05 12:18:00,81.95999908447266,81.9800033569336,81.95999908447266,81.9800033569336,797.0
2022-12-05 12:19:00,82.0,82.0,82.0,82.0,391.0
2022-12-05 12:20:00,81.98999786376953,81.98999786376953,81.98999786376953,81.98999786376953,833.0
2022-12-05 12:21:00,,,,,
2022-12-05 12:22:00,82.0,82.01000213623047,82.0,82.01000213623047,2067.0
2022-12-05 12:23:00,,,,,
2022-12-05 12:24:00,82.05500030517578,82.05500030517578,82.01499938964844,82.01959991455078,2956.0
2022-12-05 12:25:00,82.01000213623047,82.02999877929688,82.01000213623047,82.0199966430664,2119.0
2022-12-05 12:26:00,,,,,
2022-12-05 12:27:00,82.0199966430664,82.05999755859375,82.0199966430664,82.05999755859375,3177.0
2022-12-05 12:28:00,82.04000091552734,82.04000091552734,82.00800323486328,82.0199966430664,1998.0
2022-12-05 12:29:00,82.0,82.02999877929688,82.0,82.02999877929688,1890.0
2022-12-05 12:30:00,82.02999877929688,82.02999877929688,82.02999877929688,82.02999877929688,425.0
2022-12-05 12:31:00,82.0199966430664,82.0199966430664,81.97319793701172,81.97319793701172,2745.0
2022-12-05 12:32:00,81.97000122070312,81.97000122070312,81.94000244140625,81.94000244140625,580.0
2022-12-05 12:33:00,81.92500305175781,81.93000030517578,81.91500091552734,81.91999816894531,1672.0
2022-12-05 12:34:00,81.87000274658203,81.87000274658203,81.83999633789062,81.83999633789062,694.0
2022-12-05 12:35:00,81.86000061035156,81.87999725341797,81.86000061035156,81.87999725341797,1138.0
2022-12-05 12:36:00,81.8949966430664,81.89739990234375,81.87999725341797,81.87999725341797,2517.0
2022-12-05 12:37:00,81.87000274658203,81.87000274658203,81.87000274658203,81.87000274658203,426.0
2022-12-05 12:38:00,81.86499786376953,81.86499786376953,81.86280059814453,81.86280059814453,462.0
2022-12-05 12:39:00,81.87000274658203,81.88999938964844,81.87000274658203,81.88999938964844,1237.0
2022-12-05 12:40:00,81.88999938964844,81.88999938964844,81.87999725341797,81.87999725341797,610.0
2022-12-05 12:41:00,81.86000061035156,81.86000061035156,81.83000183105469,81.83000183105469,1602.0
2022-12-05 12:42:00,81.81999969482422,81.81999969482422,81.81999969482422,81.81999969482422,719.0
2022-12-05 12:43:00,81.81539916992188,81.8301010131836,81.81539916992188,81.83000183105469,2931.0
2022-12-05 12:44:00,81.83499908447266,81.83499908447266,81.83499908447266,81.83499908447266,1506.0
2022-12-05 12:45:00,81.83999633789062,81.8499984741211,81.83999633789062,81.8499984741211,786.0
2022-12-05 12:46:00,81.9000015258789,81.91000366210938,81.87999725341797,81.87999725341797,2343.0
2022-12-05 12:47:00,81.9000015258789,81.91000366210938,81.87999725341797,81.87999725341797,730.0
2022-12-05 12:48:00,81.9000015258789,81.97000122070312,81.9000015258789,81.97000122070312,2827.0
2022-12-05 12:49:00,81.98999786376953,82.03500366210938,81.9800033569336,82.03500366210938,1752.0
2022-12-05 12:50:00,82.01000213623047,82.05000305175781,82.01000213623047,82.04000091552734,2411.0
2022-12-05 12:51:00,82.05999755859375,82.06999969482422,82.02999877929688,82.02999877929688,2438.0
2022-12-05 12:52:00,82.0199966430664,82.0199966430664,81.91000366210938,81.91999816894531,2324.0
2022-12-05 12:53:00,81.92500305175781,81.92500305175781,81.9000015258789,81.9000015258789,1876.0
2022-12-05 12:54:00,81.88999938964844,81.88999938964844,81.8499984741211,81.8499984741211,1237.0
2022-12-05 12:55:00,81.8499984741211,81.88999938964844,81.83000183105469,81.85399627685547,2991.0
2022-12-05 12:56:00,,,,,
2022-12-05 12:57:00,81.94000244140625,81.94499969482422,81.93450164794922,81.94499969482422,557.0
2022-12-05 12:58:00,81.93000030517578,81.93000030517578,81.88500213623047,81.88500213623047,1932.0
2022-12-05 12:59:00,81.88999938964844,81.88999938964844,81.87000274658203,81.87000274658203,1524.0
2022-12-05 13:00:00,81.87000274658203,81.87999725341797,81.86499786376953,81.87999725341797,2085.0
2022-12-05 13:01:00,81.87000274658203,81.87000274658203,81.83000183105469,81.83000183105469,1535.0
2022-12-05 13:02:00,81.81199645996094,81.81199645996094,81.81199645996094,81.81199645996094,154.0
2022-12-05 13:03:00,81.80000305175781,81.81999969482422,81.79000091552734,81.8145980834961,2385.0
2022-12-05 13:04:00,81.80999755859375,81.80999755859375,81.80999755859375,81.80999755859375,405.0
2022-12-05 13:05:00,81.79959869384766,81.79959869384766,81.79060363769531,81.79060363769531,1164.0
2022-12-05 13:06:00,81.81999969482422,81.83999633789062,81.81999969482422,81.83999633789062,831.0
2022-12-05 13:07:00,81.83999633789062,81.83999633789062,81.83000183105469,81.83000183105469,1137.0
2022-12-05 13:08:00,81.83999633789062,81.83999633789062,81.80999755859375,81.80999755859375,1073.0
2022-12-05 13:09:00,81.80000305175781,81.80000305175781,81.77999877929688,81.77999877929688,707.0
2022-12-05 13:10:00,81.78099822998047,81.78099822998047,81.76499938964844,81.76499938964844,1019.0
2022-12-05 13:11:00,81.77999877929688,81.79000091552734,81.77999877929688,81.78500366210938,1208.0
2022-12-05 13:12:00,,,,,
2022-12-05 13:13:00,81.76000213623047,81.81500244140625,81.76000213623047,81.81500244140625,2025.0
2022-12-05 13:14:00,81.8499984741211,81.8499984741211,81.8499984741211,81.8499984741211,478.0
2022-12-05 13:15:00,81.83999633789062,81.8499984741211,81.79000091552734,81.79000091552734,1805.0
2022-12-05 13:16:00,81.79000091552734,81.79000091552734,81.79000091552734,81.79000091552734,290.0
2022-12-05 13:17:00,81.80390167236328,81.80999755859375,81.80000305175781,81.80999755859375,1960.0
2022-12-05 13:18:00,81.81999969482422,81.81999969482422,81.7300033569336,81.80500030517578,23999.0
2022-12-05 13:19:00,81.82499694824219,81.82499694824219,81.76499938964844,81.76499938964844,2397.0
2022-12-05 13:20:00,81.76000213623047,81.76000213623047,81.73999786376953,81.73999786376953,2131.0
2022-12-05 13:21:00,,,,,
2022-12-05 13:22:00,81.72000122070312,81.72000122070312,81.6604995727539,81.68000030517578,12343.0
2022-12-05 13:23:00,81.66999816894531,81.69100189208984,81.66000366210938,81.66999816894531,8060.0
2022-12-05 13:24:00,81.66999816894531,81.7699966430664,81.66999816894531,81.76000213623047,2994.0
2022-12-05 13:25:00,81.79000091552734,81.80999755859375,81.77999877929688,81.78199768066406,1491.0
2022-12-05 13:26:00,81.77189636230469,81.79000091552734,81.73999786376953,81.76000213623047,74129.0
2022-12-05 13:27:00,81.75,81.75,81.72000122070312,81.72000122070312,829.0
2022-12-05 13:28:00,81.69000244140625,81.69000244140625,81.66000366210938,81.69000244140625,1209.0
2022-12-05 13:29:00,81.70999908447266,81.71990203857422,81.69999694824219,81.71990203857422,2266.0
2022-12-05 13:30:00,81.72000122070312,81.7417984008789,81.70999908447266,81.73999786376953,3662.0
2022-12-05 13:31:00,81.77999877929688,81.77999877929688,81.76499938964844,81.7699966430664,2123.0
2022-12-05 13:32:00,81.73999786376953,81.7699966430664,81.69999694824219,81.75,6721.0
2022-12-05 13:33:00,81.73999786376953,81.73999786376953,81.73999786376953,81.73999786376953,334.0
2022-12-05 13:34:00,81.73999786376953,81.73999786376953,81.73999786376953,81.73999786376953,394.0
2022-12-05 13:35:00,81.75,81.80000305175781,81.75,81.7699966430664,1631.0
2022-12-05 13:36:00,81.75740051269531,81.7699966430664,81.75740051269531,81.7699966430664,361.0
2022-12-05 13:37:00,81.7699966430664,81.77999877929688,81.76499938964844,81.77999877929688,6350.0
2022-12-05 13:38:00,81.79000091552734,81.86000061035156,81.78500366210938,81.86000061035156,2458.0
2022-12-05 13:39:00,81.88999938964844,81.91999816894531,81.88999938964844,81.91999816894531,1190.0
2022-12-05 13:40:00,81.91000366210938,81.91500091552734,81.87999725341797,81.91500091552734,2075.0
2022-12-05 13:41:00,81.88999938964844,81.88999938964844,81.87999725341797,81.87999725341797,857.0
2022-12-05 13:42:00,81.89199829101562,81.89199829101562,81.87000274658203,81.87999725341797,1002.0
2022-12-05 13:43:00,81.86000061035156,81.86000061035156,81.79000091552734,81.79000091552734,1609.0
2022-12-05 13:44:00,81.78500366210938,81.80999755859375,81.78500366210938,81.80999755859375,1652.0
2022-12-05 13:45:00,,,,,
2022-12-05 13:46:00,81.80000305175781,81.80000305175781,81.80000305175781,81.80000305175781,102.0
2022-12-05 13:47:00,81.81999969482422,81.81999969482422,81.80999755859375,81.81999969482422,1166.0
2022-12-05 13:48:00,81.8499984741211,81.875,81.8499984741211,81.86000061035156,767.0
2022-12-05 13:49:00,81.86000061035156,81.86000061035156,81.85179901123047,81.85179901123047,786.0
2022-12-05 13:50:00,81.8499984741211,81.8499984741211,81.80000305175781,81.80999755859375,2297.0
2022-12-05 13:51:00,81.80999755859375,81.82990264892578,81.80999755859375,81.82499694824219,1118.0
2022-12-05 13:52:00,81.80000305175781,81.80000305175781,81.79000091552734,81.79000091552734,524.0
2022-12-05 13:53:00,81.80000305175781,81.80000305175781,81.7699966430664,81.78500366210938,4096.0
2022-12-05 13:54:00,81.77999877929688,81.78500366210938,81.76000213623047,81.76000213623047,1984.0
2022-12-05 13:55:00,81.76000213623047,81.76000213623047,81.73999786376953,81.75,2803.0
2022-12-05 13:56:00,81.74079895019531,81.74500274658203,81.7300033569336,81.73500061035156,4972.0
2022-12-05 13:57:00,81.7300033569336,81.7300033569336,81.69000244140625,81.7052993774414,2311.0
2022-12-05 13:58:00,81.69499969482422,81.69499969482422,81.6500015258789,81.6500015258789,3551.0
2022-12-05 13:59:00,81.66000366210938,81.66000366210938,81.62560272216797,81.62560272216797,2633.0
2022-12-05 14:00:00,81.63500213623047,81.63500213623047,81.61190032958984,81.62999725341797,1141.0
2022-12-05 14:01:00,81.62000274658203,81.62000274658203,81.5999984741211,81.5999984741211,1644.0
2022-12-05 14:02:00,81.6050033569336,81.62000274658203,81.6050033569336,81.62000274658203,1314.0
2022-12-05 14:03:00,81.61000061035156,81.62000274658203,81.61000061035156,81.62000274658203,502.0
2022-12-05 14:04:00,81.62000274658203,81.62000274658203,81.59600067138672,81.59600067138672,1254.0
2022-12-05 14:05:00,81.6050033569336,81.61000061035156,81.6050033569336,81.61000061035156,225.0
2022-12-05 14:06:00,81.62000274658203,81.62830352783203,81.6050033569336,81.6050033569336,1001.0
2022-12-05 14:07:00,81.5999984741211,81.6050033569336,81.59500122070312,81.5999984741211,1555.0
2022-12-05 14:08:00,81.58999633789062,81.5999984741211,81.58999633789062,81.5999984741211,607.0
2022-12-05 14:09:00,81.5999984741211,81.61000061035156,81.5999984741211,81.61000061035156,845.0
2022-12-05 14:10:00,81.60900115966797,81.6500015258789,81.60900115966797,81.6500015258789,959.0
2022-12-05 14:11:00,81.68000030517578,81.72000122070312,81.67500305175781,81.72000122070312,1707.0
2022-12-05 14:12:00,81.72000122070312,81.7499008178711,81.70999908447266,81.7499008178711,1450.0
2022-12-05 14:13:00,81.72000122070312,81.74500274658203,81.72000122070312,81.74500274658203,662.0
2022-12-05 14:14:00,81.7699966430664,81.77999877929688,81.76000213623047,81.7699966430664,685.0
2022-12-05 14:15:00,81.77010345458984,81.77010345458984,81.75,81.75,2255.0
2022-12-05 14:16:00,81.75,81.75,81.75,81.75,367.0
2022-12-05 14:17:00,81.75,81.75,81.72000122070312,81.72000122070312,2647.0
2022-12-05 14:18:00,81.72000122070312,81.72000122070312,81.69499969482422,81.69499969482422,686.0
2022-12-05 14:19:00,81.69999694824219,81.69999694824219,81.66999816894531,81.68499755859375,2437.0
2022-12-05 14:20:00,81.66999816894531,81.68000030517578,81.63999938964844,81.63999938964844,1317.0
2022-12-05 14:21:00,81.61000061035156,81.63349914550781,81.5999984741211,81.62000274658203,940.0
2022-12-05 14:22:00,81.61000061035156,81.62999725341797,81.5999984741211,81.5999984741211,1322.0
2022-12-05 14:23:00,81.58999633789062,81.58999633789062,81.58999633789062,81.58999633789062,371.0
2022-12-05 14:24:00,81.59500122070312,81.5999984741211,81.58000183105469,81.58000183105469,1227.0
2022-12-05 14:25:00,81.58999633789062,81.62000274658203,81.58999633789062,81.6050033569336,1138.0
2022-12-05 14:26:00,81.6083984375,81.66999816894531,81.6083984375,81.66999816894531,1560.0
2022-12-05 14:27:00,81.6500015258789,81.6500015258789,81.62000274658203,81.62000274658203,1521.0
2022-12-05 14:28:00,81.58000183105469,81.58499908447266,81.57499694824219,81.57499694824219,1389.0
2022-12-05 14:29:00,81.56009674072266,81.61000061035156,81.56009674072266,81.58999633789062,1838.0
2022-12-05 14:30:00,81.54000091552734,81.55500030517578,81.52999877929688,81.52999877929688,1018.0
2022-12-05 14:31:00,81.52999877929688,81.52999877929688,81.51000213623047,81.51000213623047,865.0
2022-12-05 14:32:00,81.4800033569336,81.51000213623047,81.4800033569336,81.51000213623047,635.0
2022-12-05 14:33:00,81.51000213623047,81.5199966430664,81.5,81.5199966430664,2077.0
2022-12-05 14:34:00,81.5199966430664,81.5250015258789,81.51000213623047,81.51000213623047,1318.0
2022-12-05 14:35:00,81.5250015258789,81.5250015258789,81.5250015258789,81.5250015258789,201.0
2022-12-05 14:36:00,81.52999877929688,81.52999877929688,81.5199966430664,81.5199966430664,1368.0
2022-12-05 14:37:00,81.5250015258789,81.55999755859375,81.5250015258789,81.55999755859375,1092.0
2022-12-05 14:38:00,81.56999969482422,81.5999984741211,81.56999969482422,81.59500122070312,2918.0
2022-12-05 14:39:00,81.58999633789062,81.58999633789062,81.57499694824219,81.57499694824219,3331.0
2022-12-05 14:40:00,81.58999633789062,81.58999633789062,81.58899688720703,81.58999633789062,2102.0
2022-12-05 14:41:00,81.58999633789062,81.66999816894531,81.58999633789062,81.60399627685547,15246.0
2022-12-05 14:42:00,81.6010971069336,81.6500015258789,81.5999984741211,81.6449966430664,2014.0
2022-12-05 14:43:00,81.66000366210938,81.69000244140625,81.62999725341797,81.62999725341797,3664.0
2022-12-05 14:44:00,81.63999938964844,81.63999938964844,81.62999725341797,81.62999725341797,749.0
2022-12-05 14:45:00,81.62999725341797,81.62999725341797,81.5999984741211,81.5999984741211,7759.0
2022-12-05 14:46:00,81.44999694824219,81.45999908447266,81.44999694824219,81.45999908447266,1214.0
2022-12-05 14:47:00,,,,,
2022-12-05 14:48:00,81.44999694824219,81.44999694824219,81.36000061035156,81.36000061035156,6841.0
2022-12-05 14:49:00,81.37999725341797,81.40499877929688,81.37999725341797,81.4000015258789,1953.0
2022-12-05 14:50:00,81.43000030517578,81.45500183105469,81.41999816894531,81.44999694824219,1437.0
2022-12-05 14:51:00,81.44000244140625,81.46009826660156,81.44000244140625,81.44999694824219,2641.0
2022-12-05 14:52:00,81.43000030517578,81.44000244140625,81.43000030517578,81.43499755859375,555.0
2022-12-05 14:53:00,81.4000015258789,81.44000244140625,81.4000015258789,81.44000244140625,505.0
2022-12-05 14:54:00,81.44180297851562,81.45999908447266,81.44180297851562,81.44999694824219,1599.0
2022-12-05 14:55:00,81.45999908447266,81.45999908447266,81.41999816894531,81.41999816894531,2257.0
2022-12-05 14:56:00,81.44499969482422,81.49700164794922,81.44000244140625,81.48500061035156,2641.0
2022-12-05 14:57:00,81.5,81.5,81.5,81.5,352.0
2022-12-05 14:58:00,81.48500061035156,81.48500061035156,81.48500061035156,81.48500061035156,645.0
2022-12-05 14:59:00,81.47000122070312,81.48500061035156,81.47000122070312,81.48500061035156,466.0
2022-12-05 15:00:00,81.47000122070312,81.53500366210938,81.47000122070312,81.5199966430664,2424.0
2022-12-05 15:01:00,81.58000183105469,81.58000183105469,81.55999755859375,81.56999969482422,729.0
2022-12-05 15:02:00,81.58000183105469,81.58000183105469,81.55899810791016,81.55899810791016,2309.0
2022-12-05 15:03:00,81.58000183105469,81.6050033569336,81.55999755859375,81.60320281982422,11008.0
2022-12-05 15:04:00,81.58999633789062,81.62000274658203,81.58999633789062,81.58999633789062,1934.0
2022-12-05 15:05:00,81.58999633789062,81.5999984741211,81.55000305175781,81.56500244140625,2296.0
2022-12-05 15:06:00,81.55000305175781,81.55000305175781,81.5,81.5199966430664,2420.0
2022-12-05 15:07:00,81.54000091552734,81.58000183105469,81.52999877929688,81.58000183105469,1993.0
2022-12-05 15:08:00,81.57499694824219,81.66000366210938,81.57499694824219,81.66000366210938,1985.0
2022-12-05 15:09:00,81.62999725341797,81.63999938964844,81.62999725341797,81.63999938964844,1006.0
2022-12-05 15:10:00,81.62999725341797,81.62999725341797,81.54109954833984,81.54109954833984,3900.0
2022-12-05 15:11:00,81.54010009765625,81.5999984741211,81.54010009765625,81.58499908447266,2748.0
2022-12-05 15:12:00,81.59500122070312,81.61990356445312,81.56999969482422,81.56999969482422,4356.0
2022-12-05 15:13:00,81.5519027709961,81.58499908447266,81.55000305175781,81.56999969482422,2938.0
2022-12-05 15:14:00,81.55999755859375,81.58999633789062,81.55500030517578,81.58000183105469,1670.0
2022-12-05 15:15:00,81.56999969482422,81.61000061035156,81.56999969482422,81.56999969482422,2873.0
2022-12-05 15:16:00,81.55999755859375,81.56999969482422,81.55000305175781,81.56999969482422,1870.0
2022-12-05 15:17:00,81.56999969482422,81.56999969482422,81.55000305175781,81.55000305175781,2155.0
2022-12-05 15:18:00,81.56999969482422,81.56999969482422,81.54000091552734,81.54000091552734,2403.0
2022-12-05 15:19:00,81.54000091552734,81.54000091552734,81.51000213623047,81.5250015258789,1216.0
2022-12-05 15:20:00,81.51000213623047,81.55000305175781,81.5,81.55000305175781,3141.0
2022-12-05 15:21:00,81.55999755859375,81.55999755859375,81.54000091552734,81.54000091552734,604.0
2022-12-05 15:22:00,81.56999969482422,81.5999984741211,81.56999969482422,81.59500122070312,1988.0
2022-12-05 15:23:00,81.59919738769531,81.62000274658203,81.59919738769531,81.61000061035156,2931.0
2022-12-05 15:24:00,81.61000061035156,81.61000061035156,81.59010314941406,81.59010314941406,1024.0
2022-12-05 15:25:00,81.58999633789062,81.58999633789062,81.4800033569336,81.5,3206.0
2022-12-05 15:26:00,81.47000122070312,81.48500061035156,81.45999908447266,81.48500061035156,1573.0
2022-12-05 15:27:00,81.4800033569336,81.51000213623047,81.4800033569336,81.51000213623047,1328.0
2022-12-05 15:28:00,81.51499938964844,81.54000091552734,81.5,81.51000213623047,2954.0
2022-12-05 15:29:00,81.5,81.50460052490234,81.4800033569336,81.4800033569336,2729.0
2022-12-05 15:30:00,81.48999786376953,81.50499725341797,81.48500061035156,81.50499725341797,7434.0
2022-12-05 15:31:00,81.51000213623047,81.58000183105469,81.51000213623047,81.56999969482422,3094.0
2022-12-05 15:32:00,81.56999969482422,81.62000274658203,81.56999969482422,81.61000061035156,1444.0
2022-12-05 15:33:00,81.5999984741211,81.62000274658203,81.5999984741211,81.61499786376953,1285.0
2022-12-05 15:34:00,81.62000274658203,81.63999938964844,81.62000274658203,81.63500213623047,1865.0
2022-12-05 15:35:00,81.6500015258789,81.66000366210938,81.6500015258789,81.6500015258789,1711.0
2022-12-05 15:36:00,81.66000366210938,81.69999694824219,81.66000366210938,81.697998046875,4513.0
2022-12-05 15:37:00,81.69200134277344,81.69200134277344,81.68000030517578,81.69000244140625,2963.0
2022-12-05 15:38:00,81.69000244140625,81.69000244140625,81.66000366210938,81.66000366210938,2775.0
2022-12-05 15:39:00,81.6500015258789,81.6500015258789,81.58999633789062,81.59500122070312,3153.0
2022-12-05 15:40:00,81.58000183105469,81.58000183105469,81.54000091552734,81.54000091552734,3681.0
2022-12-05 15:41:00,81.55000305175781,81.55000305175781,81.52999877929688,81.52999877929688,2141.0
2022-12-05 15:42:00,81.5250015258789,81.5999984741211,81.5250015258789,81.5999984741211,5103.0
2022-12-05 15:43:00,81.5999984741211,81.61000061035156,81.57499694824219,81.57499694824219,5480.0
2022-12-05 15:44:00,81.57499694824219,81.62000274658203,81.57499694824219,81.62000274658203,3361.0
2022-12-05 15:45:00,81.6050033569336,81.61689758300781,81.5199966430664,81.52999877929688,3924.0
2022-12-05 15:46:00,81.55500030517578,81.5999984741211,81.55500030517578,81.58000183105469,5352.0
2022-12-05 15:47:00,81.58999633789062,81.625,81.58999633789062,81.62000274658203,2612.0
2022-12-05 15:48:00,81.62000274658203,81.62000274658203,81.58499908447266,81.58999633789062,4249.0
2022-12-05 15:49:00,81.58000183105469,81.58999633789062,81.53500366210938,81.54000091552734,2927.0
2022-12-05 15:50:00,81.55500030517578,81.56500244140625,81.50499725341797,81.5199966430664,4056.0
2022-12-05 15:51:00,81.52999877929688,81.5999984741211,81.52999877929688,81.59500122070312,9568.0
2022-12-05 15:52:00,81.6050033569336,81.62999725341797,81.5999984741211,81.60900115966797,5075.0
2022-12-05 15:53:00,81.6050033569336,81.62000274658203,81.58999633789062,81.58999633789062,6795.0
2022-12-05 15:54:00,81.59500122070312,81.62000274658203,81.59500122070312,81.5999984741211,6652.0
2022-12-05 15:55:00,81.5999984741211,81.5999984741211,81.58000183105469,81.59500122070312,5763.0
2022-12-05 15:56:00,81.59500122070312,81.62999725341797,81.59500122070312,81.62999725341797,9945.0
2022-12-05 15:57:00,81.63999938964844,81.69000244140625,81.63999938964844,81.69000244140625,3184.0
2022-12-05 15:58:00,81.69000244140625,81.69999694824219,81.68000030517578,81.68000030517578,8444.0
2022-12-05 15:59:00,81.68990325927734,81.69000244140625,81.58999633789062,81.58999633789062,16641.0
2022-12-06 09:30:00,80.88999938964844,80.88999938964844,80.61000061035156,80.61000061035156,37597.0
2022-12-06 09:31:00,80.66000366210938,80.66000366210938,80.4800033569336,80.4800033569336,5695.0
2022-12-06 09:32:00,80.54000091552734,80.58999633789062,80.38999938964844,80.41000366210938,3760.0
2022-12-06 09:33:00,80.41320037841797,80.43000030517578,80.36000061035156,80.36000061035156,1565.0
2022-12-06 09:34:00,80.36000061035156,80.38999938964844,80.23999786376953,80.37000274658203,2722.0
2022-12-06 09:35:00,80.31999969482422,80.41000366210938,80.31999969482422,80.4000015258789,3272.0
2022-12-06 09:36:00,80.36499786376953,80.43000030517578,80.28500366210938,80.43000030517578,2894.0
2022-12-06 09:37:00,80.4000015258789,80.41000366210938,80.4000015258789,80.41000366210938,679.0
2022-12-06 09:38:00,80.38999938964844,80.38999938964844,80.30999755859375,80.37000274658203,3737.0
2022-12-06 09:39:00,80.4000015258789,80.4000015258789,80.33000183105469,80.33000183105469,933.0
2022-12-06 09:40:00,80.33999633789062,80.33999633789062,80.22000122070312,80.2699966430664,4310.0
2022-12-06 09:41:00,80.31999969482422,80.37000274658203,80.30999755859375,80.31999969482422,2651.0
2022-12-06 09:42:00,80.26000213623047,80.26000213623047,80.18000030517578,80.20500183105469,1363.0
2022-12-06 09:43:00,80.16000366210938,80.26000213623047,80.13999938964844,80.19999694824219,11844.0
2022-12-06 09:44:00,80.19499969482422,80.19499969482422,80.18250274658203,80.18250274658203,709.0
2022-12-06 09:45:00,80.12999725341797,80.12999725341797,80.05000305175781,80.08000183105469,3555.0
2022-12-06 09:46:00,80.04000091552734,80.04000091552734,80.04000091552734,80.04000091552734,491.0
2022-12-06 09:47:00,80.06999969482422,80.08999633789062,80.05999755859375,80.08999633789062,2145.0
2022-12-06 09:48:00,80.04000091552734,80.1500015258789,80.04000091552734,80.1500015258789,2207.0
2022-12-06 09:49:00,80.19999694824219,80.19999694824219,80.18000030517578,80.18000030517578,1278.0
2022-12-06 09:50:00,80.12000274658203,80.16000366210938,80.0999984741211,80.12999725341797,1900.0
2022-12-06 09:51:00,80.14420318603516,80.16000366210938,80.12000274658203,80.12000274658203,3165.0
2022-12-06 09:52:00,80.11000061035156,80.11000061035156,80.05999755859375,80.0999984741211,2187.0
2022-12-06 09:53:00,80.08999633789062,80.08999633789062,79.95999908447266,79.97000122070312,4031.0
2022-12-06 09:54:00,79.87999725341797,79.89600372314453,79.83999633789062,79.83999633789062,1659.0
2022-12-06 09:55:00,79.86000061035156,79.9000015258789,79.83999633789062,79.83999633789062,1759.0
2022-12-06 09:56:00,79.83999633789062,79.9000015258789,79.83999633789062,79.9000015258789,2188.0
2022-12-06 09:57:00,79.81999969482422,79.8499984741211,79.81999969482422,79.81999969482422,1661.0
2022-12-06 09:58:00,79.81999969482422,79.83000183105469,79.76000213623047,79.76000213623047,1665.0
2022-12-06 09:59:00,79.73999786376953,79.73999786376953,79.68000030517578,79.69000244140625,1474.0
2022-12-06 10:00:00,79.68499755859375,79.69000244140625,79.68499755859375,79.69000244140625,994.0
2022-12-06 10:01:00,79.7300033569336,79.76000213623047,79.69499969482422,79.69499969482422,1113.0
2022-12-06 10:02:00,79.68000030517578,79.68000030517578,79.59500122070312,79.59500122070312,1067.0
2022-12-06 10:03:00,79.58999633789062,79.58999633789062,79.56999969482422,79.56999969482422,637.0
2022-12-06 10:04:00,79.58000183105469,79.58999633789062,79.54010009765625,79.54010009765625,1120.0
2022-12-06 10:05:00,79.56999969482422,79.56999969482422,79.56999969482422,79.56999969482422,618.0
2022-12-06 10:06:00,79.5199966430664,79.5199966430664,79.51000213623047,79.51000213623047,620.0
2022-12-06 10:07:00,79.44999694824219,79.44999694824219,79.4000015258789,79.41000366210938,1311.0
2022-12-06 10:08:00,79.47200012207031,79.47200012207031,79.47200012207031,79.47200012207031,796.0
2022-12-06 10:09:00,79.45999908447266,79.48999786376953,79.45999908447266,79.48999786376953,876.0
2022-12-06 10:10:00,79.4800033569336,79.48999786376953,79.4800033569336,79.4800033569336,1844.0
2022-12-06 10:11:00,,,,,
2022-12-06 10:12:00,79.4749984741211,79.54000091552734,79.4749984741211,79.5,1460.0
2022-12-06 10:13:00,79.51000213623047,79.52999877929688,79.4800033569336,79.49500274658203,1749.0
2022-12-06 10:14:00,79.4800033569336,79.51000213623047,79.4800033569336,79.51000213623047,618.0
2022-12-06 10:15:00,79.50830078125,79.50830078125,79.50830078125,79.50830078125,608.0
2022-12-06 10:16:00,79.49500274658203,79.5199966430664,79.49500274658203,79.5199966430664,439.0
2022-12-06 10:17:00,79.5,79.5,79.48999786376953,79.48999786376953,692.0
2022-12-06 10:18:00,79.51000213623047,79.52999877929688,79.48999786376953,79.51000213623047,1168.0
2022-12-06 10:19:00,79.53500366210938,79.62000274658203,79.51000213623047,79.61000061035156,5492.0
2022-12-06 10:20:00,79.6050033569336,79.6050033569336,79.6050033569336,79.6050033569336,676.0
2022-12-06 10:21:00,79.66999816894531,79.66999816894531,79.66000366210938,79.66000366210938,687.0
2022-12-06 10:22:00,79.62999725341797,79.62999725341797,79.61000061035156,79.61000061035156,701.0
2022-12-06 10:23:00,79.62000274658203,79.6500015258789,79.62000274658203,79.63999938964844,835.0
2022-12-06 10:24:00,,,,,
2022-12-06 10:25:00,79.71499633789062,79.71499633789062,79.69999694824219,79.70999908447266,447.0
2022-12-06 10:26:00,79.69999694824219,79.74500274658203,79.69000244140625,79.74500274658203,829.0
2022-12-06 10:27:00,79.73999786376953,79.73999786376953,79.73999786376953,79.73999786376953,1057.0
2022-12-06 10:28:00,,,,,
2022-12-06 10:29:00,79.62999725341797,79.6500015258789,79.61000061035156,79.61000061035156,999.0
2022-12-06 10:30:00,79.57759857177734,79.59100341796875,79.57759857177734,79.59100341796875,947.0
2022-12-06 10:31:00,79.63999938964844,79.63999938964844,79.63999938964844,79.63999938964844,210.0
2022-12-06 10:32:00,79.62000274658203,79.62000274658203,79.61000061035156,79.61000061035156,737.0
2022-12-06 10:33:00,79.58380126953125,79.62000274658203,79.58380126953125,79.62000274658203,997.0
2022-12-06 10:34:00,79.58999633789062,79.59500122070312,79.54000091552734,79.54000091552734,864.0
2022-12-06 10:35:00,79.55000305175781,79.55000305175781,79.51000213623047,79.51000213623047,1336.0
2022-12-06 10:36:00,79.51000213623047,79.56999969482422,79.51000213623047,79.56999969482422,1413.0
2022-12-06 10:37:00,79.55000305175781,79.56999969482422,79.5260009765625,79.5260009765625,1376.0
2022-12-06 10:38:00,79.45449829101562,79.45999908447266,79.41000366210938,79.41000366210938,1845.0
2022-12-06 10:39:00,79.38500213623047,79.44000244140625,79.38500213623047,79.43499755859375,3476.0
2022-12-06 10:40:00,79.41000366210938,79.41000366210938,79.36100006103516,79.36100006103516,1382.0
2022-12-06 10:41:00,79.33999633789062,79.33999633789062,79.30000305175781,79.31999969482422,611.0
2022-12-06 10:42:00,79.33000183105469,79.36000061035156,79.33000183105469,79.33000183105469,1153.0
2022-12-06 10:43:00,79.33999633789062,79.37999725341797,79.33000183105469,79.37000274658203,2097.0
2022-12-06 10:44:00,79.4000015258789,79.44999694824219,79.4000015258789,79.44999694824219,1026.0
2022-12-06 10:45:00,79.47000122070312,79.5,79.47000122070312,79.5,5834.0
2022-12-06 10:46:00,,,,,
2022-12-06 10:47:00,79.54509735107422,79.54509735107422,79.49500274658203,79.49500274658203,588.0
2022-12-06 10:48:00,79.48999786376953,79.51200103759766,79.48999786376953,79.48999786376953,2743.0
2022-12-06 10:49:00,79.5199966430664,79.5199966430664,79.5199966430664,79.5199966430664,170.0
2022-12-06 10:50:00,79.52999877929688,79.55000305175781,79.5,79.55000305175781,1382.0
2022-12-06 10:51:00,79.55999755859375,79.55999755859375,79.54000091552734,79.54000091552734,538.0
2022-12-06 10:52:00,79.52999877929688,79.54000091552734,79.52999877929688,79.54000091552734,511.0
2022-12-06 10:53:00,79.5199966430664,79.5199966430664,79.51000213623047,79.51000213623047,276.0
2022-12-06 10:54:00,79.51000213623047,79.51000213623047,79.47000122070312,79.48500061035156,1407.0
2022-12-06 10:55:00,79.5,79.52999877929688,79.5,79.52999877929688,671.0
2022-12-06 10:56:00,79.51100158691406,79.51100158691406,79.4800033569336,79.4800033569336,1998.0
2022-12-06 10:57:00,79.47000122070312,79.4800033569336,79.46749877929688,79.46749877929688,651.0
2022-12-06 10:58:00,79.44999694824219,79.44999694824219,79.41999816894531,79.41999816894531,1112.0
2022-12-06 10:59:00,79.44000244140625,79.44999694824219,79.41999816894531,79.41999816894531,1096.0
2022-12-06 11:00:00,79.43000030517578,79.45999908447266,79.38999938964844,79.38999938964844,2184.0
2022-12-06 11:01:00,79.41000366210938,79.41000366210938,79.41000366210938,79.41000366210938,269.0
2022-12-06 11:02:00,79.44999694824219,79.45999908447266,79.41999816894531,79.45999908447266,1458.0
2022-12-06 11:03:00,79.44999694824219,79.44999694824219,79.43499755859375,79.43499755859375,375.0
2022-12-06 11:04:00,79.44000244140625,79.45999908447266,79.44000244140625,79.44000244140625,1886.0
2022-12-06 11:05:00,79.44999694824219,79.51499938964844,79.44999694824219,79.51499938964844,1715.0
2022-12-06 11:06:00,79.4800033569336,79.55000305175781,79.4800033569336,79.55000305175781,2161.0
2022-12-06 11:07:00,79.52999877929688,79.58000183105469,79.5199966430664,79.5354995727539,1489.0
2022-12-06 11:08:00,79.56999969482422,79.58999633789062,79.56400299072266,79.56400299072266,1648.0
2022-12-06 11:09:00,79.58000183105469,79.62000274658203,79.56999969482422,79.58499908447266,2385.0
2022-12-06 11:10:00,79.5999984741211,79.66500091552734,79.5999984741211,79.66500091552734,1547.0
2022-12-06 11:11:00,79.7300033569336,79.7698974609375,79.7300033569336,79.7698974609375,1608.0
2022-12-06 11:12:00,79.75,79.75,79.7249984741211,79.7249984741211,750.0
2022-12-06 11:13:00,79.69999694824219,79.69999694824219,79.69999694824219,79.69999694824219,678.0
2022-12-06 11:14:00,79.68000030517578,79.69999694824219,79.66999816894531,79.66999816894531,1863.0
2022-12-06 11:15:00,79.6729965209961,79.6729965209961,79.58999633789062,79.58999633789062,3074.0
2022-12-06 11:16:00,79.59500122070312,79.61000061035156,79.57009887695312,79.59500122070312,1477.0
2022-12-06 11:17:00,79.58000183105469,79.63999938964844,79.58000183105469,79.63999938964844,3460.0
2022-12-06 11:18:00,79.62999725341797,79.63999938964844,79.58499908447266,79.58499908447266,1754.0
2022-12-06 11:19:00,79.61000061035156,79.62000274658203,79.5999984741211,79.62000274658203,691.0
2022-12-06 11:20:00,79.61499786376953,79.62999725341797,79.5999984741211,79.61530303955078,12275.0
2022-12-06 11:21:00,79.61000061035156,79.61000061035156,79.61000061035156,79.61000061035156,271.0
2022-12-06 11:22:00,79.62000274658203,79.63999938964844,79.62000274658203,79.63999938964844,1240.0
2022-12-06 11:23:00,79.61000061035156,79.61000061035156,79.61000061035156,79.61000061035156,571.0
2022-12-06 11:24:00,,,,,
2022-12-06 11:25:00,79.5999984741211,79.5999984741211,79.56999969482422,79.5999984741211,1572.0
2022-12-06 11:26:00,79.58999633789062,79.58999633789062,79.54499816894531,79.54499816894531,706.0
2022-12-06 11:27:00,79.54000091552734,79.55000305175781,79.52999877929688,79.55000305175781,709.0
2022-12-06 11:28:00,79.56999969482422,79.58000183105469,79.56999969482422,79.57499694824219,1756.0
2022-12-06 11:29:00,79.60489654541016,79.60489654541016,79.56500244140625,79.56500244140625,808.0
2022-12-06 11:30:00,79.56500244140625,79.58999633789062,79.55280303955078,79.58000183105469,1777.0
2022-12-06 11:31:00,79.58999633789062,79.61000061035156,79.58000183105469,79.58999633789062,3737.0
2022-12-06 11:32:00,79.56999969482422,79.625,79.55000305175781,79.58999633789062,596.0
2022-12-06 11:33:00,79.58999633789062,79.58999633789062,79.58999633789062,79.58999633789062,656.0
2022-12-06 11:34:00,79.55500030517578,79.55500030517578,79.55500030517578,79.55500030517578,243.0
2022-12-06 11:35:00,,,,,
2022-12-06 11:36:00,79.59500122070312,79.5999984741211,79.59500122070312,79.5999984741211,408.0
2022-12-06 11:37:00,79.55000305175781,79.55000305175781,79.55000305175781,79.55000305175781,363.0
2022-12-06 11:38:00,79.5199966430664,79.5199966430664,79.48899841308594,79.48899841308594,1420.0
2022-12-06 11:39:00,79.4800033569336,79.48999786376953,79.47000122070312,79.48999786376953,1690.0
2022-12-06 11:40:00,79.50499725341797,79.50499725341797,79.50499725341797,79.50499725341797,309.0
2022-12-06 11:41:00,79.5,79.5,79.4800033569336,79.49169921875,1982.0
2022-12-06 11:42:00,79.48999786376953,79.48999786376953,79.47000122070312,79.47000122070312,403.0
2022-12-06 11:43:00,79.4800033569336,79.5,79.4800033569336,79.5,1120.0
2022-12-06 11:44:00,79.4749984741211,79.48999786376953,79.47000122070312,79.48999786376953,1530.0
2022-12-06 11:45:00,,,,,
2022-12-06 11:46:00,79.48999786376953,79.5,79.48999786376953,79.5,1250.0
2022-12-06 11:47:00,79.49500274658203,79.49500274658203,79.48999786376953,79.48999786376953,473.0
2022-12-06 11:48:00,79.4800033569336,79.4800033569336,79.4800033569336,79.4800033569336,345.0
2022-12-06 11:49:00,79.4800033569336,79.4800033569336,79.4800033569336,79.4800033569336,1996.0
2022-12-06 11:50:00,79.47000122070312,79.4800033569336,79.47000122070312,79.4800033569336,885.0
2022-12-06 11:51:00,79.48999786376953,79.48999786376953,79.44000244140625,79.44000244140625,1629.0
2022-12-06 11:52:00,,,,,
2022-12-06 11:53:00,79.4000015258789,79.4000015258789,79.3499984741211,79.36000061035156,1987.0
2022-12-06 11:54:00,79.35700225830078,79.37999725341797,79.35700225830078,79.36000061035156,1734.0
2022-12-06 11:55:00,79.3656997680664,79.3656997680664,79.3656997680664,79.3656997680664,399.0
2022-12-06 11:56:00,79.3499984741211,79.3499984741211,79.30000305175781,79.3499984741211,1524.0
2022-12-06 11:57:00,79.37999725341797,79.41999816894531,79.37999725341797,79.41999816894531,1000.0
2022-12-06 11:58:00,,,,,
2022-12-06 11:59:00,79.3499984741211,79.3499984741211,79.31099700927734,79.31999969482422,1118.0
2022-12-06 12:00:00,79.30999755859375,79.31999969482422,79.29000091552734,79.31999969482422,1071.0
2022-12-06 12:01:00,79.3499984741211,79.36000061035156,79.3499984741211,79.36000061035156,1731.0
2022-12-06 12:02:00,,,,,
2022-12-06 12:03:00,79.33000183105469,79.33000183105469,79.33000183105469,79.33000183105469,630.0
2022-12-06 12:04:00,79.36000061035156,79.37000274658203,79.33999633789062,79.33999633789062,1640.0
2022-12-06 12:05:00,79.33999633789062,79.33999633789062,79.33000183105469,79.33000183105469,787.0
2022-12-06 12:06:00,79.36499786376953,79.36499786376953,79.36499786376953,79.36499786376953,338.0
2022-12-06 12:07:00,79.29299926757812,79.29299926757812,79.29000091552734,79.29000091552734,708.0
2022-12-06 12:08:00,79.31999969482422,79.31999969482422,79.30000305175781,79.30000305175781,820.0
2022-12-06 12:09:00,79.285400390625,79.29000091552734,79.27999877929688,79.29000091552734,2275.0
2022-12-06 12:10:00,79.2699966430664,79.2699966430664,79.22000122070312,79.23999786376953,3361.0
2022-12-06 12:11:00,79.25499725341797,79.29000091552734,79.25499725341797,79.2699966430664,1404.0
2022-12-06 12:12:00,79.29000091552734,79.29000091552734,79.29000091552734,79.29000091552734,264.0
2022-12-06 12:13:00,79.2750015258789,79.30999755859375,79.2750015258789,79.30999755859375,631.0
2022-12-06 12:14:00,79.30999755859375,79.30999755859375,79.26000213623047,79.26000213623047,1495.0
2022-12-06 12:15:00,79.27999877929688,79.27999877929688,79.26499938964844,79.26499938964844,578.0
2022-12-06 12:16:00,79.25,79.25,79.19999694824219,79.19999694824219,1371.0
2022-12-06 12:17:00,79.1500015258789,79.18000030517578,79.14779663085938,79.17500305175781,1118.0
2022-12-06 12:18:00,79.17500305175781,79.17500305175781,79.17500305175781,79.17500305175781,197.0
2022-12-06 12:19:00,79.1781997680664,79.18000030517578,79.1353988647461,79.18000030517578,3752.0
2022-12-06 12:20:00,79.18000030517578,79.25,79.18000030517578,79.2300033569336,2856.0
2022-12-06 12:21:00,79.20999908447266,79.21160125732422,79.18399810791016,79.18399810791016,1224.0
2022-12-06 12:22:00,79.20999908447266,79.20999908447266,79.19999694824219,79.20500183105469,1545.0
2022-12-06 12:23:00,79.22000122070312,79.22000122070312,79.22000122070312,79.22000122070312,746.0
2022-12-06 12:24:00,79.22000122070312,79.24500274658203,79.22000122070312,79.24500274658203,1388.0
2022-12-06 12:25:00,79.23999786376953,79.23999786376953,79.23999786376953,79.23999786376953,580.0
2022-12-06 12:26:00,79.23999786376953,79.23999786376953,79.23999786376953,79.23999786376953,240.0
2022-12-06 12:27:00,79.25,79.27999877929688,79.25,79.27960205078125,1102.0
2022-12-06 12:28:00,79.30000305175781,79.30000305175781,79.30000305175781,79.30000305175781,417.0
2022-12-06 12:29:00,79.33999633789062,79.33999633789062,79.30000305175781,79.30999755859375,1391.0
2022-12-06 12:30:00,79.31999969482422,79.31999969482422,79.31999969482422,79.31999969482422,205.0
2022-12-06 12:31:00,79.32499694824219,79.32499694824219,79.30999755859375,79.30999755859375,545.0
2022-12-06 12:32:00,79.30999755859375,79.31999969482422,79.29499816894531,79.30000305175781,1424.0
2022-12-06 12:33:00,79.33000183105469,79.3499984741211,79.33000183105469,79.3499984741211,1260.0
2022-12-06 12:34:00,79.3499984741211,79.36000061035156,79.3499984741211,79.36000061035156,1064.0
2022-12-06 12:35:00,79.37999725341797,79.37999725341797,79.33999633789062,79.33999633789062,949.0
2022-12-06 12:36:00,79.31999969482422,79.33999633789062,79.30249786376953,79.30249786376953,1017.0
2022-12-06 12:37:00,,,,,
2022-12-06 12:38:00,79.30999755859375,79.3499984741211,79.29850006103516,79.3499984741211,998.0
2022-12-06 12:39:00,79.36000061035156,79.37000274658203,79.3499984741211,79.37000274658203,3607.0
2022-12-06 12:40:00,79.37999725341797,79.38999938964844,79.33000183105469,79.375,2270.0
2022-12-06 12:41:00,,,,,
2022-12-06 12:42:00,79.3499984741211,79.36479949951172,79.3499984741211,79.36000061035156,1497.0
2022-12-06 12:43:00,79.36000061035156,79.36000061035156,79.3499984741211,79.3499984741211,1601.0
2022-12-06 12:44:00,79.38500213623047,79.4000015258789,79.38500213623047,79.4000015258789,1170.0
2022-12-06 12:45:00,79.4000015258789,79.4000015258789,79.4000015258789,79.4000015258789,494.0
2022-12-06 12:46:00,79.38999938964844,79.38999938964844,79.38999938964844,79.38999938964844,398.0
2022-12-06 12:47:00,79.36000061035156,79.37000274658203,79.36000061035156,79.37000274658203,541.0
2022-12-06 12:48:00,79.3499984741211,79.3499984741211,79.33000183105469,79.33999633789062,765.0
2022-12-06 12:49:00,79.33999633789062,79.3550033569336,79.33999633789062,79.3550033569336,948.0
2022-12-06 12:50:00,79.36000061035156,79.36000061035156,79.36000061035156,79.36000061035156,458.0
2022-12-06 12:51:00,79.37000274658203,79.37000274658203,79.37000274658203,79.37000274658203,435.0
2022-12-06 12:52:00,79.33999633789062,79.33999633789062,79.33999633789062,79.33999633789062,200.0
2022-12-06 12:53:00,79.33499908447266,79.3499984741211,79.31999969482422,79.33999633789062,2517.0
2022-12-06 12:54:00,79.3499984741211,79.3499984741211,79.33000183105469,79.33000183105469,1076.0
2022-12-06 12:55:00,79.30999755859375,79.30999755859375,79.30500030517578,79.30500030517578,1083.0
2022-12-06 12:56:00,79.2708969116211,79.29000091552734,79.2699966430664,79.2699966430664,1309.0
2022-12-06 12:57:00,79.29000091552734,79.31999969482422,79.29000091552734,79.30000305175781,1127.0
2022-12-06 12:58:00,79.29000091552734,79.29000091552734,79.29000091552734,79.29000091552734,499.0
2022-12-06 12:59:00,79.27899932861328,79.29000091552734,79.26000213623047,79.27999877929688,945.0
2022-12-06 13:00:00,79.2750015258789,79.31500244140625,79.2750015258789,79.31500244140625,1463.0
2022-12-06 13:01:00,79.31079864501953,79.31079864501953,79.31079864501953,79.31079864501953,683.0
2022-12-06 13:02:00,79.30000305175781,79.30000305175781,79.29000091552734,79.29000091552734,832.0
2022-12-06 13:03:00,79.26000213623047,79.26000213623047,79.2300033569336,79.23999786376953,1426.0
2022-12-06 13:04:00,79.23999786376953,79.25990295410156,79.23999786376953,79.25990295410156,2184.0
2022-12-06 13:05:00,79.23999786376953,79.25,79.23999786376953,79.25,996.0
2022-12-06 13:06:00,79.26000213623047,79.26000213623047,79.26000213623047,79.26000213623047,1126.0
2022-12-06 13:07:00,79.2300033569336,79.2300033569336,79.22000122070312,79.22000122070312,879.0
2022-12-06 13:08:00,79.21720123291016,79.21720123291016,79.21720123291016,79.21720123291016,220.0
2022-12-06 13:09:00,79.21499633789062,79.21499633789062,79.18000030517578,79.18000030517578,1338.0
2022-12-06 13:10:00,79.18000030517578,79.20500183105469,79.18000030517578,79.20500183105469,1905.0
2022-12-06 13:11:00,,,,,
2022-12-06 13:12:00,79.19999694824219,79.2083969116211,79.16999816894531,79.16999816894531,1533.0
2022-12-06 13:13:00,79.18720245361328,79.23999786376953,79.18720245361328,79.19999694824219,2187.0
2022-12-06 13:14:00,79.20999908447266,79.23500061035156,79.20999908447266,79.23500061035156,1296.0
2022-12-06 13:15:00,79.22200012207031,79.22200012207031,79.22200012207031,79.22200012207031,321.0
2022-12-06 13:16:00,79.2300033569336,79.23999786376953,79.2300033569336,79.23999786376953,876.0
2022-12-06 13:17:00,,,,,
2022-12-06 13:18:00,79.2208023071289,79.2249984741211,79.2208023071289,79.22100067138672,1336.0
2022-12-06 13:19:00,79.20999908447266,79.20999908447266,79.1500015258789,79.19999694824219,4603.0
2022-12-06 13:20:00,79.19999694824219,79.19999694824219,79.18000030517578,79.18000030517578,1102.0
2022-12-06 13:21:00,79.1500015258789,79.1500015258789,79.1500015258789,79.1500015258789,373.0
2022-12-06 13:22:00,,,,,
2022-12-06 13:23:00,79.13999938964844,79.13999938964844,79.12999725341797,79.13999938964844,1103.0
2022-12-06 13:24:00,79.13639831542969,79.1500015258789,79.125,79.13500213623047,8289.0
2022-12-06 13:25:00,79.125,79.125,79.05999755859375,79.0999984741211,3784.0
2022-12-06 13:26:00,79.07499694824219,79.0999984741211,79.06999969482422,79.06999969482422,1432.0
2022-12-06 13:27:00,79.052001953125,79.06999969482422,79.05000305175781,79.06999969482422,892.0
2022-12-06 13:28:00,79.05000305175781,79.05000305175781,79.02999877929688,79.04000091552734,811.0
2022-12-06 13:29:00,79.02999877929688,79.05000305175781,79.02999877929688,79.05000305175781,959.0
2022-12-06 13:30:00,79.0199966430664,79.04499816894531,79.0199966430664,79.04499816894531,1448.0
2022-12-06 13:31:00,79.05999755859375,79.05999755859375,79.01000213623047,79.04000091552734,1309.0
2022-12-06 13:32:00,,,,,
2022-12-06 13:33:00,79.02999877929688,79.02999877929688,78.98999786376953,79.01000213623047,2062.0
2022-12-06 13:34:00,79.05999755859375,79.05999755859375,79.05999755859375,79.05999755859375,119.0
2022-12-06 13:35:00,79.05999755859375,79.07499694824219,79.05999755859375,79.06999969482422,595.0
2022-12-06 13:36:00,79.05999755859375,79.09500122070312,79.05999755859375,79.09500122070312,1276.0
2022-12-06 13:37:00,79.0999984741211,79.0999984741211,79.08999633789062,79.08999633789062,661.0
2022-12-06 13:38:00,79.08000183105469,79.11000061035156,79.05000305175781,79.11000061035156,1558.0
2022-12-06 13:39:00,79.0999984741211,79.0999984741211,79.09500122070312,79.09500122070312,291.0
2022-12-06 13:40:00,79.12650299072266,79.13999938964844,79.1050033569336,79.13999938964844,1083.0
2022-12-06 13:41:00,79.13999938964844,79.16899871826172,79.13500213623047,79.16000366210938,1311.0
2022-12-06 13:42:00,,,,,
2022-12-06 13:43:00,79.18000030517578,79.19499969482422,79.18000030517578,79.19000244140625,813.0
2022-12-06 13:44:00,79.20999908447266,79.20999908447266,79.19499969482422,79.20999908447266,772.0
2022-12-06 13:45:00,79.2300033569336,79.2300033569336,79.2300033569336,79.2300033569336,1134.0
2022-12-06 13:46:00,,,,,
2022-12-06 13:47:00,79.27999877929688,79.27999877929688,79.2699966430664,79.2699966430664,730.0
2022-12-06 13:48:00,79.27999877929688,79.27999877929688,79.27999877929688,79.27999877929688,513.0
2022-12-06 13:49:00,79.29000091552734,79.29499816894531,79.29000091552734,79.29499816894531,774.0
2022-12-06 13:50:00,79.2699966430664,79.27999877929688,79.25,79.25,1127.0
2022-12-06 13:51:00,79.2699966430664,79.2699966430664,79.26000213623047,79.26000213623047,529.0
2022-12-06 13:52:00,79.2699966430664,79.27999877929688,79.26499938964844,79.27999877929688,1422.0
2022-12-06 13:53:00,79.28500366210938,79.29000091552734,79.27999877929688,79.29000091552734,884.0
2022-12-06 13:54:00,79.2699966430664,79.2699966430664,79.25499725341797,79.25499725341797,2702.0
2022-12-06 13:55:00,79.23999786376953,79.2699966430664,79.2396011352539,79.26499938964844,7705.0
2022-12-06 13:56:00,79.26000213623047,79.26499938964844,79.24440002441406,79.25399780273438,1846.0
2022-12-06 13:57:00,79.2300033569336,79.2300033569336,79.2300033569336,79.2300033569336,1241.0
2022-12-06 13:58:00,79.26000213623047,79.27999877929688,79.26000213623047,79.27999877929688,1058.0
2022-12-06 13:59:00,79.29000091552734,79.30000305175781,79.26499938964844,79.26499938964844,2577.0
2022-12-06 14:00:00,79.30000305175781,79.30000305175781,79.26000213623047,79.29000091552734,1075.0
2022-12-06 14:01:00,79.23519897460938,79.25830078125,79.2300033569336,79.2300033569336,1488.0
2022-12-06 14:02:00,79.2300033569336,79.2300033569336,79.2300033569336,79.2300033569336,486.0
2022-12-06 14:03:00,79.20500183105469,79.2300033569336,79.20500183105469,79.2300033569336,468.0
2022-12-06 14:04:00,79.22149658203125,79.2300033569336,79.22149658203125,79.2300033569336,569.0
2022-12-06 14:05:00,79.22000122070312,79.22000122070312,79.20999908447266,79.22000122070312,1147.0
2022-12-06 14:06:00,79.19000244140625,79.19000244140625,79.19000244140625,79.19000244140625,562.0
2022-12-06 14:07:00,79.16000366210938,79.16000366210938,79.13999938964844,79.13999938964844,1692.0
2022-12-06 14:08:00,79.13500213623047,79.16000366210938,79.13500213623047,79.16000366210938,1255.0
2022-12-06 14:09:00,79.16999816894531,79.18000030517578,79.16999816894531,79.18000030517578,734.0
2022-12-06 14:10:00,79.18000030517578,79.18000030517578,79.1500015258789,79.1500015258789,1561.0
2022-12-06 14:11:00,,,,,
2022-12-06 14:12:00,79.12999725341797,79.13999938964844,79.12000274658203,79.13999938964844,1498.0
2022-12-06 14:13:00,79.18000030517578,79.18000030517578,79.16999816894531,79.16999816894531,734.0
2022-12-06 14:14:00,79.19000244140625,79.19000244140625,79.17500305175781,79.19000244140625,1070.0
2022-12-06 14:15:00,79.16000366210938,79.16000366210938,79.16000366210938,79.16000366210938,402.0
2022-12-06 14:16:00,79.16999816894531,79.16999816894531,79.16000366210938,79.16999816894531,1436.0
2022-12-06 14:17:00,79.16999816894531,79.16999816894531,79.15499877929688,79.15499877929688,450.0
2022-12-06 14:18:00,79.20999908447266,79.20999908447266,79.20999908447266,79.20999908447266,260.0
2022-12-06 14:19:00,79.16999816894531,79.16999816894531,79.16999816894531,79.16999816894531,246.0
2022-12-06 14:20:00,79.13999938964844,79.1500015258789,79.13999938964844,79.1500015258789,284.0
2022-12-06 14:21:00,79.1500015258789,79.1500015258789,79.1500015258789,79.1500015258789,569.0
2022-12-06 14:22:00,,,,,
2022-12-06 14:23:00,79.12999725341797,79.13999938964844,79.12999725341797,79.13500213623047,1117.0
2022-12-06 14:24:00,79.1449966430664,79.15499877929688,79.1449966430664,79.1500015258789,1411.0
2022-12-06 14:25:00,,,,,
2022-12-06 14:26:00,,,,,
2022-12-06 14:27:00,79.08999633789062,79.08999633789062,79.06999969482422,79.06999969482422,1162.0
2022-12-06 14:28:00,79.06500244140625,79.06500244140625,79.06500244140625,79.06500244140625,778.0
2022-12-06 14:29:00,,,,,
2022-12-06 14:30:00,79.06109619140625,79.08000183105469,79.0199966430664,79.0199966430664,3469.0
2022-12-06 14:31:00,79.03880310058594,79.05999755859375,79.03880310058594,79.05999755859375,621.0
2022-12-06 14:32:00,79.06500244140625,79.06500244140625,79.06500244140625,79.06500244140625,406.0
2022-12-06 14:33:00,79.02999877929688,79.03459930419922,79.01090240478516,79.01090240478516,1137.0
2022-12-06 14:34:00,79.0199966430664,79.0199966430664,78.94999694824219,78.95999908447266,4398.0
2022-12-06 14:35:00,,,,,
2022-12-06 14:36:00,78.94000244140625,78.94110107421875,78.93000030517578,78.93000030517578,1217.0
2022-12-06 14:37:00,,,,,
2022-12-06 14:38:00,78.96499633789062,78.9800033569336,78.96499633789062,78.97000122070312,599.0
2022-12-06 14:39:00,78.9749984741211,78.9749984741211,78.9749984741211,78.9749984741211,248.0
2022-12-06 14:40:00,78.9800033569336,79.02999877929688,78.9800033569336,79.02999877929688,1027.0
2022-12-06 14:41:00,79.03500366210938,79.03500366210938,79.03500366210938,79.03500366210938,531.0
2022-12-06 14:42:00,79.02999877929688,79.02999877929688,79.02999877929688,79.02999877929688,1254.0
2022-12-06 14:43:00,79.02999877929688,79.04000091552734,79.02999877929688,79.04000091552734,1095.0
2022-12-06 14:44:00,79.04000091552734,79.05999755859375,79.02429962158203,79.05999755859375,2143.0
2022-12-06 14:45:00,79.05999755859375,79.05999755859375,79.02999877929688,79.02999877929688,1787.0
2022-12-06 14:46:00,79.02999877929688,79.02999877929688,79.02999877929688,79.02999877929688,392.0
2022-12-06 14:47:00,79.01000213623047,79.01499938964844,78.98899841308594,79.01499938964844,1568.0
2022-12-06 14:48:00,79.0250015258789,79.0250015258789,79.0199966430664,79.0199966430664,909.0
2022-12-06 14:49:00,79.05000305175781,79.05989837646484,79.04000091552734,79.04000091552734,1314.0
2022-12-06 14:50:00,79.04000091552734,79.05000305175781,79.01599884033203,79.01599884033203,1357.0
2022-12-06 14:51:00,79.02999877929688,79.06500244140625,79.02999877929688,79.05999755859375,1292.0
2022-12-06 14:52:00,79.05999755859375,79.11000061035156,79.05999755859375,79.06999969482422,1692.0
2022-12-06 14:53:00,79.07499694824219,79.125,79.07499694824219,79.125,1176.0
2022-12-06 14:54:00,79.13999938964844,79.16500091552734,79.13999938964844,79.13999938964844,1810.0
2022-12-06 14:55:00,79.13999938964844,79.13999938964844,79.12999725341797,79.13999938964844,1070.0
2022-12-06 14:56:00,,,,,
2022-12-06 14:57:00,,,,,
2022-12-06 14:58:00,,,,,
2022-12-06 14:59:00,79.16999816894531,79.18000030517578,79.1500015258789,79.1500015258789,1259.0
2022-12-06 15:00:00,79.18000030517578,79.19999694824219,79.16999816894531,79.19999694824219,2124.0
2022-12-06 15:01:00,79.23500061035156,79.2699966430664,79.23500061035156,79.2699966430664,444.0
2022-12-06 15:02:00,79.26499938964844,79.26499938964844,79.26499938964844,79.26499938964844,314.0
2022-12-06 15:03:00,79.25,79.2699966430664,79.19999694824219,79.2699966430664,6860.0
2022-12-06 15:04:00,79.26000213623047,79.27999877929688,79.26000213623047,79.26000213623047,514.0
2022-12-06 15:05:00,79.28500366210938,79.29000091552734,79.28500366210938,79.29000091552734,506.0
2022-12-06 15:06:00,79.27999877929688,79.29000091552734,79.27999877929688,79.29000091552734,1093.0
2022-12-06 15:07:00,,,,,
2022-12-06 15:08:00,79.25,79.25,79.22000122070312,79.22000122070312,1403.0
2022-12-06 15:09:00,79.2300033569336,79.2300033569336,79.2249984741211,79.2249984741211,261.0
2022-12-06 15:10:00,79.23359680175781,79.23359680175781,79.17900085449219,79.17900085449219,925.0
2022-12-06 15:11:00,79.19000244140625,79.23999786376953,79.16999816894531,79.23999786376953,5039.0
2022-12-06 15:12:00,79.2249984741211,79.2249984741211,79.20999908447266,79.22000122070312,1304.0
2022-12-06 15:13:00,79.22000122070312,79.26000213623047,79.22000122070312,79.25,8481.0
2022-12-06 15:14:00,79.25,79.26000213623047,79.25,79.25499725341797,753.0
2022-12-06 15:15:00,79.2750015258789,79.27999877929688,79.25,79.25,1040.0
2022-12-06 15:16:00,79.25,79.26000213623047,79.25,79.25,7975.0
2022-12-06 15:17:00,79.25,79.26000213623047,79.25,79.25,11357.0
2022-12-06 15:18:00,79.26000213623047,79.26000213623047,79.23999786376953,79.25,8133.0
2022-12-06 15:19:00,79.25,79.26000213623047,79.06500244140625,79.06500244140625,19402.0
2022-12-06 15:20:00,79.0999984741211,79.0999984741211,79.0999984741211,79.0999984741211,838.0
2022-12-06 15:21:00,79.12100219726562,79.12100219726562,79.07099914550781,79.07099914550781,3311.0
2022-12-06 15:22:00,79.08000183105469,79.08999633789062,79.08000183105469,79.08000183105469,1844.0
2022-12-06 15:23:00,,,,,
2022-12-06 15:24:00,79.13739776611328,79.16999816894531,79.13739776611328,79.16999816894531,1099.0
2022-12-06 15:25:00,79.16999816894531,79.16999816894531,79.16999816894531,79.16999816894531,398.0
2022-12-06 15:26:00,79.16000366210938,79.16000366210938,79.13040161132812,79.13999938964844,1663.0
2022-12-06 15:27:00,79.12999725341797,79.12999725341797,79.08999633789062,79.0999984741211,1240.0
2022-12-06 15:28:00,79.09500122070312,79.09500122070312,79.0884017944336,79.0884017944336,800.0
2022-12-06 15:29:00,79.08000183105469,79.08000183105469,79.05999755859375,79.05999755859375,1374.0
2022-12-06 15:30:00,79.05999755859375,79.08000183105469,79.05999755859375,79.08000183105469,1616.0
2022-12-06 15:31:00,79.09500122070312,79.12000274658203,79.09500122070312,79.12000274658203,1469.0
2022-12-06 15:32:00,79.12999725341797,79.18000030517578,79.12999725341797,79.18000030517578,2052.0
2022-12-06 15:33:00,79.18000030517578,79.18000030517578,79.18000030517578,79.18000030517578,331.0
2022-12-06 15:34:00,79.16999816894531,79.16999816894531,79.1449966430664,79.1500015258789,1864.0
2022-12-06 15:35:00,79.15499877929688,79.18000030517578,79.15499877929688,79.17500305175781,4743.0
2022-12-06 15:36:00,79.16999816894531,79.16999816894531,79.1449966430664,79.1500015258789,1998.0
2022-12-06 15:37:00,79.16000366210938,79.16500091552734,79.1500015258789,79.16000366210938,1046.0
2022-12-06 15:38:00,79.1500015258789,79.16000366210938,79.1500015258789,79.1500015258789,1627.0
2022-12-06 15:39:00,79.15499877929688,79.18499755859375,79.1500015258789,79.18499755859375,2884.0
2022-12-06 15:40:00,79.18000030517578,79.19999694824219,79.16000366210938,79.16000366210938,4105.0
2022-12-06 15:41:00,79.13999938964844,79.17500305175781,79.13999938964844,79.17500305175781,2024.0
2022-12-06 15:42:00,79.19000244140625,79.19000244140625,79.18000030517578,79.18499755859375,1195.0
2022-12-06 15:43:00,79.19999694824219,79.2249984741211,79.19000244140625,79.22000122070312,1775.0
2022-12-06 15:44:00,79.2750015258789,79.27999877929688,79.25,79.25,1680.0
2022-12-06 15:45:00,79.2468032836914,79.2468032836914,79.23999786376953,79.23999786376953,791.0
2022-12-06 15:46:00,79.26000213623047,79.29000091552734,79.26000213623047,79.29000091552734,8834.0
2022-12-06 15:47:00,79.30000305175781,79.30500030517578,79.27999877929688,79.27999877929688,8998.0
2022-12-06 15:48:00,79.29000091552734,79.30000305175781,79.27999877929688,79.29000091552734,1493.0
2022-12-06 15:49:00,79.30000305175781,79.3499984741211,79.30000305175781,79.31999969482422,2785.0
2022-12-06 15:50:00,79.33000183105469,79.41999816894531,79.28500366210938,79.41500091552734,9914.0
2022-12-06 15:51:00,79.43000030517578,79.45999908447266,79.41999816894531,79.43000030517578,6818.0
2022-12-06 15:52:00,79.45999908447266,79.45999908447266,79.44249725341797,79.45999908447266,2715.0
2022-12-06 15:53:00,79.46499633789062,79.46499633789062,79.43000030517578,79.44000244140625,2936.0
2022-12-06 15:54:00,79.44000244140625,79.47000122070312,79.41500091552734,79.41500091552734,5738.0
2022-12-06 15:55:00,79.41000366210938,79.47000122070312,79.41000366210938,79.45999908447266,5715.0
2022-12-06 15:56:00,79.44999694824219,79.44999694824219,79.4000015258789,79.44000244140625,7359.0
2022-12-06 15:57:00,79.44000244140625,79.4800033569336,79.44000244140625,79.4749984741211,10585.0
2022-12-06 15:58:00,79.4749984741211,79.47899627685547,79.45500183105469,79.45500183105469,4938.0
2022-12-06 15:59:00,79.47000122070312,79.4800033569336,79.45999908447266,79.45999908447266,23101.0
2022-12-07 09:30:00,79.13999938964844,79.17109680175781,78.86000061035156,79.06939697265625,11752.0
2022-12-07 09:31:00,79.05999755859375,79.12000274658203,79.05999755859375,79.12000274658203,446.0
2022-12-07 09:32:00,79.13500213623047,79.1500015258789,79.11499786376953,79.1500015258789,1246.0
2022-12-07 09:33:00,79.16999816894531,79.25,79.16999816894531,79.25,421.0
2022-12-07 09:34:00,,,,,
2022-12-07 09:35:00,79.23999786376953,79.27999877929688,79.22000122070312,79.27999877929688,1466.0
2022-12-07 09:36:00,79.31999969482422,79.3499984741211,79.31999969482422,79.33000183105469,2357.0
2022-12-07 09:37:00,79.32499694824219,79.38569641113281,79.32499694824219,79.3499984741211,857.0
2022-12-07 09:38:00,79.27999877929688,79.30000305175781,79.27999877929688,79.30000305175781,675.0
2022-12-07 09:39:00,79.31999969482422,79.31999969482422,79.31999969482422,79.31999969482422,957.0
2022-12-07 09:40:00,79.3550033569336,79.3949966430664,79.3550033569336,79.38500213623047,1542.0
2022-12-07 09:41:00,79.3499984741211,79.37000274658203,79.30000305175781,79.30000305175781,2853.0
2022-12-07 09:42:00,79.30000305175781,79.30000305175781,79.2699966430664,79.2699966430664,1498.0
2022-12-07 09:43:00,79.2699966430664,79.27999877929688,79.16999816894531,79.16999816894531,1504.0
2022-12-07 09:44:00,79.17500305175781,79.17500305175781,79.17500305175781,79.17500305175781,711.0
2022-12-07 09:45:00,79.20999908447266,79.20999908447266,79.19999694824219,79.19999694824219,274.0
2022-12-07 09:46:00,79.12999725341797,79.12999725341797,79.12999725341797,79.12999725341797,6445.0
2022-12-07 09:47:00,79.10890197753906,79.12999725341797,79.1050033569336,79.1050033569336,1432.0
2022-12-07 09:48:00,79.08000183105469,79.08000183105469,79.05999755859375,79.05999755859375,701.0
2022-12-07 09:49:00,79.02999877929688,79.02999877929688,78.94000244140625,78.95999908447266,3770.0
2022-12-07 09:50:00,78.94999694824219,78.98999786376953,78.91999816894531,78.97000122070312,4752.0
2022-12-07 09:51:00,78.95500183105469,78.9749984741211,78.95500183105469,78.97000122070312,770.0
2022-12-07 09:52:00,78.96499633789062,78.96499633789062,78.96499633789062,78.96499633789062,119.0
2022-12-07 09:53:00,78.87000274658203,78.90440368652344,78.87000274658203,78.9000015258789,1150.0
2022-12-07 09:54:00,78.88999938964844,78.88999938964844,78.8499984741211,78.87000274658203,696.0
2022-12-07 09:55:00,78.81999969482422,78.88500213623047,78.81999969482422,78.88500213623047,5780.0
2022-12-07 09:56:00,78.87999725341797,78.88999938964844,78.83999633789062,78.85099792480469,1114.0
2022-12-07 09:57:00,78.8550033569336,78.875,78.83000183105469,78.875,847.0
2022-12-07 09:58:00,78.83000183105469,78.8499984741211,78.82499694824219,78.82499694824219,1462.0
2022-12-07 09:59:00,78.80999755859375,78.86000061035156,78.80000305175781,78.81500244140625,1897.0
2022-12-07 10:00:00,78.77999877929688,78.77999877929688,78.66999816894531,78.75,3031.0
2022-12-07 10:01:00,78.73999786376953,78.80500030517578,78.72000122070312,78.76000213623047,4436.0
2022-12-07 10:02:00,78.77999877929688,78.83300018310547,78.7699966430664,78.83300018310547,2152.0
2022-12-07 10:03:00,78.83999633789062,78.83999633789062,78.83000183105469,78.83000183105469,344.0
2022-12-07 10:04:00,78.83999633789062,78.87999725341797,78.83999633789062,78.87999725341797,1468.0
2022-12-07 10:05:00,78.88999938964844,78.89009857177734,78.88999938964844,78.89009857177734,385.0
2022-12-07 10:06:00,,,,,
2022-12-07 10:07:00,78.94999694824219,78.95999908447266,78.94999694824219,78.95999908447266,586.0
2022-12-07 10:08:00,78.95999908447266,78.95999908447266,78.94999694824219,78.94999694824219,676.0
2022-12-07 10:09:00,78.94999694824219,79.0,78.94999694824219,78.98500061035156,1339.0
2022-12-07 10:10:00,78.91000366210938,78.94999694824219,78.75,78.79900360107422,2800.0
2022-12-07 10:11:00,78.79959869384766,78.9000015258789,78.76000213623047,78.83000183105469,3874.0
2022-12-07 10:12:00,78.76499938964844,78.84500122070312,78.76499938964844,78.81999969482422,1157.0
2022-12-07 10:13:00,78.93000030517578,79.0,78.91999816894531,79.0,558.0
2022-12-07 10:14:00,78.96589660644531,78.96589660644531,78.87000274658203,78.93000030517578,786.0
2022-12-07 10:15:00,78.91999816894531,78.93000030517578,78.88169860839844,78.88169860839844,726.0
2022-12-07 10:16:00,79.01000213623047,79.01000213623047,78.97000122070312,78.97000122070312,1004.0
2022-12-07 10:17:00,78.94999694824219,78.9800033569336,78.93499755859375,78.9800033569336,2086.0
2022-12-07 10:18:00,78.97000122070312,78.97000122070312,78.97000122070312,78.97000122070312,152.0
2022-12-07 10:19:00,79.0,79.0,78.9800033569336,78.9800033569336,338.0
2022-12-07 10:20:00,78.91000366210938,78.91000366210938,78.91000366210938,78.91000366210938,784.0
2022-12-07 10:21:00,,,,,
2022-12-07 10:22:00,78.9000015258789,78.9000015258789,78.9000015258789,78.9000015258789,145.0
2022-12-07 10:23:00,78.91999816894531,78.91999816894531,78.9175033569336,78.91999816894531,1253.0
2022-12-07 10:24:00,78.83999633789062,78.93000030517578,78.80130004882812,78.93000030517578,2935.0
2022-12-07 10:25:00,78.94999694824219,78.94999694824219,78.94999694824219,78.94999694824219,527.0
2022-12-07 10:26:00,,,,,
2022-12-07 10:27:00,78.88999938964844,78.88999938964844,78.88999938964844,78.88999938964844,347.0
2022-12-07 10:28:00,78.9000015258789,78.92780303955078,78.9000015258789,78.92780303955078,1450.0
2022-12-07 10:29:00,79.0,79.05000305175781,79.0,79.05000305175781,1504.0
2022-12-07 10:30:00,79.05500030517578,79.05999755859375,79.05500030517578,79.05999755859375,919.0
2022-12-07 10:31:00,79.11000061035156,79.11000061035156,79.11000061035156,79.11000061035156,348.0
2022-12-07 10:32:00,79.03199768066406,79.06999969482422,79.03199768066406,79.06999969482422,590.0
2022-12-07 10:33:00,,,,,
2022-12-07 10:34:00,,,,,
2022-12-07 10:35:00,78.91999816894531,78.98999786376953,78.91999816894531,78.94999694824219,1403.0
2022-12-07 10:36:00,,,,,
2022-12-07 10:37:00,78.94000244140625,78.9749984741211,78.93000030517578,78.93000030517578,1129.0
2022-12-07 10:38:00,78.95999908447266,78.95999908447266,78.93000030517578,78.93000030517578,579.0
2022-12-07 10:39:00,78.92919921875,78.93000030517578,78.92919921875,78.93000030517578,567.0
2022-12-07 10:40:00,78.87999725341797,78.94000244140625,78.87999725341797,78.94000244140625,707.0
2022-12-07 10:41:00,78.94999694824219,78.9800033569336,78.94000244140625,78.9800033569336,1007.0
2022-12-07 10:42:00,,,,,
2022-12-07 10:43:00,79.01499938964844,79.01499938964844,79.0010986328125,79.0010986328125,798.0
2022-12-07 10:44:00,79.0199966430664,79.02999877929688,79.0199966430664,79.02999877929688,359.0
2022-12-07 10:45:00,79.08499908447266,79.08999633789062,79.08499908447266,79.08999633789062,1241.0
2022-12-07 10:46:00,79.06999969482422,79.06999969482422,79.04000091552734,79.04000091552734,697.0
2022-12-07 10:47:00,79.06060028076172,79.06060028076172,79.06060028076172,79.06060028076172,751.0
2022-12-07 10:48:00,,,,,
2022-12-07 10:49:00,79.0999984741211,79.12999725341797,79.0999984741211,79.12000274658203,1048.0
2022-12-07 10:50:00,79.131103515625,79.131103515625,79.131103515625,79.131103515625,631.0
2022-12-07 10:51:00,79.20999908447266,79.25,79.20999908447266,79.25,1097.0
2022-12-07 10:52:00,79.20999908447266,79.2300033569336,79.20999908447266,79.2300033569336,552.0
2022-12-07 10:53:00,79.26000213623047,79.26000213623047,79.26000213623047,79.26000213623047,386.0
2022-12-07 10:54:00,79.28720092773438,79.28720092773438,79.20999908447266,79.2300033569336,1786.0
2022-12-07 10:55:00,79.25,79.25,79.25,79.25,248.0
2022-12-07 10:56:00,79.22000122070312,79.22000122070312,79.18000030517578,79.18000030517578,779.0
2022-12-07 10:57:00,79.26000213623047,79.26000213623047,79.26000213623047,79.26000213623047,100.0
2022-12-07 10:58:00,79.25,79.25,79.20999908447266,79.20999908447266,635.0
2022-12-07 10:59:00,79.23500061035156,79.23500061035156,79.2249984741211,79.2249984741211,308.0
2022-12-07 11:00:00,79.23500061035156,79.27999877929688,79.23500061035156,79.2699966430664,986.0
2022-12-07 11:01:00,79.25050354003906,79.2699966430664,79.23999786376953,79.2699966430664,502.0
2022-12-07 11:02:00,79.29000091552734,79.29000091552734,79.2699966430664,79.27999877929688,570.0
2022-12-07 11:03:00,79.2699966430664,79.2699966430664,79.2300033569336,79.23999786376953,1006.0
2022-12-07 11:04:00,,,,,
2022-12-07 11:05:00,79.2699966430664,79.30999755859375,79.2699966430664,79.30000305175781,1606.0
2022-12-07 11:06:00,79.30000305175781,79.30000305175781,79.23999786376953,79.2509994506836,1665.0
2022-12-07 11:07:00,79.2249984741211,79.2249984741211,79.19999694824219,79.20999908447266,1157.0
2022-12-07 11:08:00,79.18000030517578,79.18499755859375,79.16999816894531,79.18499755859375,1113.0
2022-12-07 11:09:00,,,,,
2022-12-07 11:10:00,79.20999908447266,79.20999908447266,79.1676025390625,79.1676025390625,979.0
2022-12-07 11:11:00,79.15499877929688,79.15499877929688,79.12999725341797,79.12999725341797,1005.0
2022-12-07 11:12:00,79.15440368652344,79.15440368652344,79.15440368652344,79.15440368652344,205.0
2022-12-07 11:13:00,79.13529968261719,79.13999938964844,79.12000274658203,79.12000274658203,951.0
2022-12-07 11:14:00,79.12000274658203,79.12999725341797,79.12000274658203,79.12999725341797,660.0
2022-12-07 11:15:00,79.1500015258789,79.1500015258789,79.1449966430664,79.1449966430664,666.0
2022-12-07 11:16:00,79.12000274658203,79.1500015258789,79.12000274658203,79.1500015258789,628.0
2022-12-07 11:17:00,79.11000061035156,79.11000061035156,79.08999633789062,79.0999984741211,626.0
2022-12-07 11:18:00,79.11000061035156,79.12000274658203,79.11000061035156,79.12000274658203,441.0
2022-12-07 11:19:00,79.11000061035156,79.11000061035156,79.08000183105469,79.08000183105469,981.0
2022-12-07 11:20:00,79.02999877929688,79.02999877929688,79.01499938964844,79.01499938964844,889.0
2022-12-07 11:21:00,,,,,
2022-12-07 11:22:00,78.95500183105469,78.95999908447266,78.93000030517578,78.94000244140625,853.0
2022-12-07 11:23:00,78.90499877929688,78.90499877929688,78.87000274658203,78.87000274658203,559.0
2022-12-07 11:24:00,78.87999725341797,78.87999725341797,78.86000061035156,78.86000061035156,693.0
2022-12-07 11:25:00,78.83000183105469,78.87000274658203,78.83000183105469,78.87000274658203,927.0
2022-12-07 11:26:00,78.83999633789062,78.84500122070312,78.83999633789062,78.84500122070312,438.0
2022-12-07 11:27:00,78.83999633789062,78.86000061035156,78.83999633789062,78.8550033569336,838.0
2022-12-07 11:28:00,78.8550033569336,78.87999725341797,78.8499984741211,78.87999725341797,3889.0
2022-12-07 11:29:00,78.86000061035156,78.86000061035156,78.86000061035156,78.86000061035156,177.0
2022-12-07 11:30:00,78.8499984741211,78.9000015258789,78.83999633789062,78.9000015258789,2561.0
2022-12-07 11:31:00,78.85459899902344,78.87999725341797,78.85459899902344,78.87999725341797,839.0
2022-12-07 11:32:00,78.88999938964844,78.93000030517578,78.88999938964844,78.93000030517578,1334.0
2022-12-07 11:33:00,78.93000030517578,78.94999694824219,78.91000366210938,78.91000366210938,718.0
2022-12-07 11:34:00,78.9000015258789,78.9000015258789,78.87999725341797,78.88999938964844,1366.0
2022-12-07 11:35:00,78.91999816894531,78.91999816894531,78.90769958496094,78.91999816894531,791.0
2022-12-07 11:36:00,78.94000244140625,78.94999694824219,78.94000244140625,78.94999694824219,907.0
2022-12-07 11:37:00,,,,,
2022-12-07 11:38:00,78.9800033569336,78.9800033569336,78.94999694824219,78.94999694824219,551.0
2022-12-07 11:39:00,78.94000244140625,78.94000244140625,78.93499755859375,78.93499755859375,481.0
2022-12-07 11:40:00,78.91999816894531,78.95999908447266,78.91999816894531,78.95999908447266,397.0
2022-12-07 11:41:00,78.94999694824219,78.94999694824219,78.91999816894531,78.93499755859375,836.0
2022-12-07 11:42:00,78.93229675292969,78.93229675292969,78.87830352783203,78.87830352783203,821.0
2022-12-07 11:43:00,78.88999938964844,78.88999938964844,78.88999938964844,78.88999938964844,255.0
2022-12-07 11:44:00,78.87000274658203,78.91000366210938,78.87000274658203,78.88999938964844,1339.0
2022-12-07 11:45:00,78.87999725341797,78.87999725341797,78.87999725341797,78.87999725341797,1361.0
2022-12-07 11:46:00,78.91000366210938,78.91000366210938,78.91000366210938,78.91000366210938,486.0
2022-12-07 11:47:00,78.91999816894531,78.91999816894531,78.91999816894531,78.91999816894531,108.0
2022-12-07 11:48:00,78.94999694824219,78.94999694824219,78.9384994506836,78.94000244140625,572.0
2022-12-07 11:49:00,78.93000030517578,78.94499969482422,78.93000030517578,78.94499969482422,484.0
2022-12-07 11:50:00,78.94000244140625,78.94000244140625,78.94000244140625,78.94000244140625,102.0
2022-12-07 11:51:00,78.95500183105469,78.95500183105469,78.91999816894531,78.94000244140625,784.0
2022-12-07 11:52:00,78.94999694824219,78.9800033569336,78.94999694824219,78.9800033569336,775.0
2022-12-07 11:53:00,78.97000122070312,78.97000122070312,78.97000122070312,78.97000122070312,163.0
2022-12-07 11:54:00,78.93000030517578,78.94000244140625,78.91999816894531,78.92500305175781,551.0
2022-12-07 11:55:00,78.94000244140625,78.94999694824219,78.94000244140625,78.94999694824219,787.0
2022-12-07 11:56:00,78.97000122070312,79.0199966430664,78.97000122070312,79.0199966430664,511.0
2022-12-07 11:57:00,78.99500274658203,78.99500274658203,78.98500061035156,78.98500061035156,768.0
2022-12-07 11:58:00,79.05000305175781,79.05999755859375,79.05000305175781,79.05999755859375,517.0
2022-12-07 11:59:00,79.04000091552734,79.04000091552734,79.04000091552734,79.04000091552734,262.0
2022-12-07 12:00:00,,,,,
2022-12-07 12:01:00,79.04000091552734,79.05999755859375,79.04000091552734,79.05999755859375,395.0
2022-12-07 12:02:00,79.08000183105469,79.08000183105469,79.08000183105469,79.08000183105469,322.0
2022-12-07 12:03:00,79.06999969482422,79.06999969482422,79.0,79.0,6348.0
2022-12-07 12:04:00,,,,,
2022-12-07 12:05:00,78.97000122070312,78.97000122070312,78.94999694824219,78.94999694824219,1236.0
2022-12-07 12:06:00,,,,,
2022-12-07 12:07:00,,,,,
2022-12-07 12:08:00,78.91000366210938,78.91000366210938,78.91000366210938,78.91000366210938,166.0
2022-12-07 12:09:00,78.91000366210938,78.96499633789062,78.91000366210938,78.96499633789062,1762.0
2022-12-07 12:10:00,78.9800033569336,78.98999786376953,78.9800033569336,78.9800033569336,421.0
2022-12-07 12:11:00,79.0199966430664,79.0199966430664,79.0,79.0,727.0
2022-12-07 12:12:00,,,,,
2022-12-07 12:13:00,78.95999908447266,78.95999908447266,78.95999908447266,78.95999908447266,211.0
2022-12-07 12:14:00,78.91000366210938,78.93800354003906,78.91000366210938,78.93800354003906,514.0
2022-12-07 12:15:00,78.9800033569336,78.98999786376953,78.97000122070312,78.97000122070312,565.0
2022-12-07 12:16:00,79.01000213623047,79.02999877929688,78.99479675292969,79.01679992675781,1753.0
2022-12-07 12:17:00,,,,,
2022-12-07 12:18:00,79.0333023071289,79.0333023071289,79.0,79.0,925.0
2022-12-07 12:19:00,78.98999786376953,78.98999786376953,78.98999786376953,78.98999786376953,338.0
2022-12-07 12:20:00,79.0,79.0,79.0,79.0,430.0
2022-12-07 12:21:00,79.01000213623047,79.01000213623047,78.9800033569336,78.9800033569336,982.0
2022-12-07 12:22:00,78.98999786376953,79.00499725341797,78.98999786376953,79.00499725341797,664.0
2022-12-07 12:23:00,78.9800033569336,78.99500274658203,78.9800033569336,78.98500061035156,335.0
2022-12-07 12:24:00,78.97000122070312,78.98999786376953,78.97000122070312,78.98500061035156,1969.0
2022-12-07 12:25:00,78.9749984741211,78.9749984741211,78.95999908447266,78.95999908447266,434.0
2022-12-07 12:26:00,78.98500061035156,79.0199966430664,78.98500061035156,79.0199966430664,1195.0
2022-12-07 12:27:00,79.04499816894531,79.04499816894531,79.0,79.0,885.0
2022-12-07 12:28:00,79.01000213623047,79.02999877929688,79.0,79.0,1170.0
2022-12-07 12:29:00,79.00540161132812,79.00540161132812,79.00540161132812,79.00540161132812,378.0
2022-12-07 12:30:00,79.0199966430664,79.0199966430664,78.98999786376953,78.98999786376953,985.0
2022-12-07 12:31:00,78.98999786376953,78.98999786376953,78.98999786376953,78.98999786376953,616.0
2022-12-07 12:32:00,78.97000122070312,78.97000122070312,78.97000122070312,78.97000122070312,147.0
2022-12-07 12:33:00,78.95999908447266,78.97000122070312,78.95999908447266,78.97000122070312,282.0
2022-12-07 12:34:00,78.95999908447266,78.97000122070312,78.95999908447266,78.97000122070312,523.0
2022-12-07 12:35:00,78.98999786376953,78.98999786376953,78.98999786376953,78.98999786376953,958.0
2022-12-07 12:36:00,,,,,
2022-12-07 12:37:00,,,,,
2022-12-07 12:38:00,79.02999877929688,79.02999877929688,78.9800033569336,78.99099731445312,4253.0
2022-12-07 12:39:00,79.0199966430664,79.04000091552734,79.0199966430664,79.04000091552734,1597.0
2022-12-07 12:40:00,79.052001953125,79.052001953125,79.052001953125,79.052001953125,487.0
2022-12-07 12:41:00,,,,,
2022-12-07 12:42:00,79.08999633789062,79.11000061035156,79.08999633789062,79.0999984741211,1192.0
2022-12-07 12:43:00,,,,,
2022-12-07 12:44:00,,,,,
2022-12-07 12:45:00,79.13999938964844,79.13999938964844,79.13999938964844,79.13999938964844,462.0
2022-12-07 12:46:00,,,,,
2022-12-07 12:47:00,79.1500015258789,79.18000030517578,79.1500015258789,79.16999816894531,1814.0
2022-12-07 12:48:00,,,,,
2022-12-07 12:49:00,79.16999816894531,79.16999816894531,79.1500015258789,79.1500015258789,1145.0
2022-12-07 12:50:00,79.1500015258789,79.1500015258789,79.13999938964844,79.13999938964844,1047.0
2022-12-07 12:51:00,79.18000030517578,79.18000030517578,79.18000030517578,79.18000030517578,416.0
2022-12-07 12:52:00,79.16000366210938,79.16000366210938,79.1500015258789,79.1500015258789,1184.0
2022-12-07 12:53:00,,,,,
2022-12-07 12:54:00,79.18000030517578,79.19499969482422,79.18000030517578,79.19499969482422,714.0
2022-12-07 12:55:00,,,,,
2022-12-07 12:56:00,79.16000366210938,79.16000366210938,79.16000366210938,79.16000366210938,145.0
2022-12-07 12:57:00,79.1500015258789,79.16000366210938,79.13999938964844,79.13999938964844,1081.0
2022-12-07 12:58:00,79.16999816894531,79.16999816894531,79.16000366210938,79.16000366210938,965.0
2022-12-07 12:59:00,79.12999725341797,79.15499877929688,79.12999725341797,79.15499877929688,664.0
2022-12-07 13:00:00,79.16000366210938,79.16000366210938,79.1500015258789,79.1500015258789,1010.0
2022-12-07 13:01:00,,,,,
2022-12-07 13:02:00,79.12999725341797,79.16999816894531,79.12999725341797,79.16999816894531,820.0
2022-12-07 13:03:00,79.13999938964844,79.13999938964844,79.11000061035156,79.11000061035156,502.0
2022-12-07 13:04:00,79.12000274658203,79.12000274658203,79.12000274658203,79.12000274658203,358.0
2022-12-07 13:05:00,79.07499694824219,79.07499694824219,79.07499694824219,79.07499694824219,375.0
2022-12-07 13:06:00,,,,,
2022-12-07 13:07:00,79.12000274658203,79.12000274658203,79.12000274658203,79.12000274658203,202.0
2022-12-07 13:08:00,79.12999725341797,79.1500015258789,79.12000274658203,79.1500015258789,887.0
2022-12-07 13:09:00,79.18000030517578,79.18000030517578,79.18000030517578,79.18000030517578,492.0
2022-12-07 13:10:00,79.1500015258789,79.15499877929688,79.1500015258789,79.15499877929688,330.0
2022-12-07 13:11:00,79.16000366210938,79.18000030517578,79.14649963378906,79.14649963378906,1041.0
2022-12-07 13:12:00,79.1510009765625,79.1510009765625,79.1510009765625,79.1510009765625,265.0
2022-12-07 13:13:00,79.2300033569336,79.2300033569336,79.2300033569336,79.2300033569336,322.0
2022-12-07 13:14:00,79.27999877929688,79.27999877929688,79.2699966430664,79.2699966430664,789.0
2022-12-07 13:15:00,79.2699966430664,79.2699966430664,79.26000213623047,79.26000213623047,1118.0
2022-12-07 13:16:00,79.2822036743164,79.2822036743164,79.2822036743164,79.2822036743164,538.0
2022-12-07 13:17:00,79.31999969482422,79.31999969482422,79.30999755859375,79.30999755859375,777.0
2022-12-07 13:18:00,79.29000091552734,79.29000091552734,79.26000213623047,79.26000213623047,4640.0
2022-12-07 13:19:00,79.29000091552734,79.29000091552734,79.29000091552734,79.29000091552734,525.0
2022-12-07 13:20:00,79.25,79.2750015258789,79.25,79.2699966430664,934.0
2022-12-07 13:21:00,,,,,
2022-12-07 13:22:00,79.2405014038086,79.25499725341797,79.2300033569336,79.25499725341797,827.0
2022-12-07 13:23:00,,,,,
2022-12-07 13:24:00,79.26000213623047,79.26000213623047,79.26000213623047,79.26000213623047,476.0
2022-12-07 13:25:00,79.2322998046875,79.2322998046875,79.2322998046875,79.2322998046875,308.0
2022-12-07 13:26:00,79.19499969482422,79.21499633789062,79.19499969482422,79.20999908447266,1081.0
2022-12-07 13:27:00,79.22000122070312,79.22000122070312,79.22000122070312,79.22000122070312,186.0
2022-12-07 13:28:00,,,,,
2022-12-07 13:29:00,79.25,79.25,79.25,79.25,795.0
2022-12-07 13:30:00,79.23999786376953,79.23999786376953,79.22000122070312,79.22000122070312,690.0
2022-12-07 13:31:00,79.18000030517578,79.18000030517578,79.18000030517578,79.18000030517578,101.0
2022-12-07 13:32:00,79.19000244140625,79.19000244140625,79.16000366210938,79.16999816894531,1068.0
2022-12-07 13:33:00,,,,,
2022-12-07 13:34:00,79.15499877929688,79.18000030517578,79.1500015258789,79.18000030517578,870.0
2022-12-07 13:35:00,79.16999816894531,79.20999908447266,79.16000366210938,79.20999908447266,2517.0
2022-12-07 13:36:00,,,,,
2022-12-07 13:37:00,79.18000030517578,79.18000030517578,79.1500015258789,79.1500015258789,514.0
2022-12-07 13:38:00,79.16999816894531,79.16999816894531,79.16999816894531,79.16999816894531,782.0
2022-12-07 13:39:00,,,,,
2022-12-07 13:40:00,,,,,
2022-12-07 13:41:00,,,,,
2022-12-07 13:42:00,79.16999816894531,79.16999816894531,79.16999816894531,79.16999816894531,393.0
2022-12-07 13:43:00,79.16999816894531,79.16999816894531,79.16999816894531,79.16999816894531,291.0
2022-12-07 13:44:00,79.19129943847656,79.19129943847656,79.19129943847656,79.19129943847656,419.0
2022-12-07 13:45:00,,,,,
2022-12-07 13:46:00,79.22000122070312,79.22000122070312,79.22000122070312,79.22000122070312,1476.0
2022-12-07 13:47:00,,,,,
2022-12-07 13:48:00,79.19999694824219,79.19999694824219,79.19000244140625,79.19000244140625,476.0
2022-12-07 13:49:00,79.19000244140625,79.19000244140625,79.19000244140625,79.19000244140625,187.0
2022-12-07 13:50:00,79.18000030517578,79.18000030517578,79.18000030517578,79.18000030517578,799.0
2022-12-07 13:51:00,79.16000366210938,79.16000366210938,79.12999725341797,79.12999725341797,1339.0
2022-12-07 13:52:00,79.12000274658203,79.1500015258789,79.12000274658203,79.1500015258789,555.0
2022-12-07 13:53:00,79.12000274658203,79.1500015258789,79.12000274658203,79.1500015258789,876.0
2022-12-07 13:54:00,79.12999725341797,79.1438980102539,79.12999725341797,79.13999938964844,1739.0
2022-12-07 13:55:00,79.13999938964844,79.13999938964844,79.0999984741211,79.0999984741211,1374.0
2022-12-07 13:56:00,79.08499908447266,79.08499908447266,79.08499908447266,79.08499908447266,436.0
2022-12-07 13:57:00,79.05999755859375,79.08999633789062,79.04000091552734,79.08999633789062,1152.0
2022-12-07 13:58:00,,,,,
2022-12-07 13:59:00,79.1073989868164,79.12000274658203,79.1073989868164,79.11000061035156,1036.0
2022-12-07 14:00:00,79.1050033569336,79.1050033569336,79.0999984741211,79.0999984741211,542.0
2022-12-07 14:01:00,79.0999984741211,79.0999984741211,79.08000183105469,79.08000183105469,2048.0
2022-12-07 14:02:00,79.05000305175781,79.05000305175781,79.0199966430664,79.02999877929688,1058.0
2022-12-07 14:03:00,79.0,79.02999877929688,79.0,79.02999877929688,446.0
2022-12-07 14:04:00,79.04000091552734,79.04000091552734,79.04000091552734,79.04000091552734,457.0
2022-12-07 14:05:00,79.05999755859375,79.07499694824219,79.05500030517578,79.06999969482422,1941.0
2022-12-07 14:06:00,79.06999969482422,79.08070373535156,79.05079650878906,79.05079650878906,3627.0
2022-12-07 14:07:00,79.05000305175781,79.06999969482422,79.05000305175781,79.06999969482422,1875.0
2022-12-07 14:08:00,79.09500122070312,79.106201171875,79.08000183105469,79.08000183105469,1076.0
2022-12-07 14:09:00,79.06999969482422,79.08000183105469,79.0647964477539,79.0647964477539,1071.0
2022-12-07 14:10:00,79.06999969482422,79.06999969482422,79.05999755859375,79.05999755859375,401.0
2022-12-07 14:11:00,79.11499786376953,79.11499786376953,79.11499786376953,79.11499786376953,585.0
2022-12-07 14:12:00,79.0999984741211,79.0999984741211,79.0999984741211,79.0999984741211,540.0
2022-12-07 14:13:00,79.12000274658203,79.12000274658203,79.12000274658203,79.12000274658203,353.0
2022-12-07 14:14:00,79.1500015258789,79.16000366210938,79.12999725341797,79.1500015258789,1538.0
2022-12-07 14:15:00,79.1500015258789,79.16000366210938,79.12000274658203,79.16000366210938,1881.0
2022-12-07 14:16:00,79.18000030517578,79.18000030517578,79.18000030517578,79.18000030517578,337.0
2022-12-07 14:17:00,79.17500305175781,79.17500305175781,79.17500305175781,79.17500305175781,278.0
2022-12-07 14:18:00,79.16000366210938,79.16000366210938,79.11000061035156,79.13999938964844,1142.0
2022-12-07 14:19:00,79.12999725341797,79.12999725341797,79.12999725341797,79.12999725341797,326.0
2022-12-07 14:20:00,79.16000366210938,79.16000366210938,79.12999725341797,79.12999725341797,739.0
2022-12-07 14:21:00,79.12999725341797,79.12999725341797,79.11000061035156,79.11000061035156,770.0
2022-12-07 14:22:00,,,,,
2022-12-07 14:23:00,79.08999633789062,79.08999633789062,79.08000183105469,79.08000183105469,267.0
2022-12-07 14:24:00,79.07499694824219,79.08999633789062,79.07499694824219,79.08999633789062,335.0
2022-12-07 14:25:00,79.11000061035156,79.1500015258789,79.11000061035156,79.1500015258789,2153.0
2022-12-07 14:26:00,79.16000366210938,79.16000366210938,79.16000366210938,79.16000366210938,228.0
2022-12-07 14:27:00,79.13999938964844,79.13999938964844,79.12999725341797,79.12999725341797,741.0
2022-12-07 14:28:00,79.12999725341797,79.13999938964844,79.12999725341797,79.13999938964844,353.0
2022-12-07 14:29:00,79.13999938964844,79.13999938964844,79.11000061035156,79.11000061035156,1072.0
2022-12-07 14:30:00,79.11000061035156,79.11000061035156,79.11000061035156,79.11000061035156,542.0
2022-12-07 14:31:00,,,,,
2022-12-07 14:32:00,79.11329650878906,79.12999725341797,79.11329650878906,79.11389923095703,928.0
2022-12-07 14:33:00,79.12699890136719,79.12699890136719,79.06999969482422,79.08100128173828,4959.0
2022-12-07 14:34:00,79.12000274658203,79.12999725341797,79.11499786376953,79.12999725341797,1189.0
2022-12-07 14:35:00,79.12999725341797,79.12999725341797,79.12000274658203,79.12000274658203,809.0
2022-12-07 14:36:00,79.13999938964844,79.13999938964844,79.08000183105469,79.12999725341797,6526.0
2022-12-07 14:37:00,79.11000061035156,79.11000061035156,79.11000061035156,79.11000061035156,476.0
2022-12-07 14:38:00,79.125,79.125,79.0999984741211,79.11229705810547,1798.0
2022-12-07 14:39:00,79.11100006103516,79.11100006103516,79.11100006103516,79.11100006103516,283.0
2022-12-07 14:40:00,79.11499786376953,79.11499786376953,79.11499786376953,79.11499786376953,182.0
2022-12-07 14:41:00,79.11000061035156,79.11000061035156,79.08000183105469,79.08000183105469,1236.0
2022-12-07 14:42:00,79.08000183105469,79.08000183105469,79.08000183105469,79.08000183105469,213.0
2022-12-07 14:43:00,79.05999755859375,79.08170318603516,79.04000091552734,79.08170318603516,2089.0
2022-12-07 14:44:00,79.08999633789062,79.09500122070312,79.08999633789062,79.09500122070312,507.0
2022-12-07 14:45:00,,,,,
2022-12-07 14:46:00,79.05500030517578,79.05500030517578,79.0479965209961,79.05000305175781,1197.0
2022-12-07 14:47:00,79.06999969482422,79.06999969482422,79.05999755859375,79.05999755859375,1012.0
2022-12-07 14:48:00,79.08999633789062,79.0999984741211,79.05999755859375,79.06999969482422,2217.0
2022-12-07 14:49:00,79.06999969482422,79.06999969482422,79.06999969482422,79.06999969482422,654.0
2022-12-07 14:50:00,79.0647964477539,79.06999969482422,79.0647964477539,79.06999969482422,597.0
2022-12-07 14:51:00,,,,,
2022-12-07 14:52:00,79.05999755859375,79.05999755859375,79.0199966430664,79.04000091552734,2662.0
2022-12-07 14:53:00,79.03739929199219,79.05000305175781,79.02999877929688,79.04000091552734,2540.0
2022-12-07 14:54:00,79.07499694824219,79.07499694824219,79.05999755859375,79.06500244140625,812.0
2022-12-07 14:55:00,79.08000183105469,79.08000183105469,79.05000305175781,79.05999755859375,2025.0
2022-12-07 14:56:00,79.04000091552734,79.04000091552734,79.0199966430664,79.0199966430664,1425.0
2022-12-07 14:57:00,79.0199966430664,79.0199966430664,79.0199966430664,79.0199966430664,659.0
2022-12-07 14:58:00,79.04000091552734,79.05000305175781,79.01000213623047,79.01000213623047,2108.0
2022-12-07 14:59:00,,,,,
2022-12-07 15:00:00,79.04000091552734,79.06999969482422,79.04000091552734,79.06500244140625,1323.0
2022-12-07 15:01:00,79.06999969482422,79.0999984741211,79.06999969482422,79.0999984741211,738.0
2022-12-07 15:02:00,79.12999725341797,79.13999938964844,79.12999725341797,79.13999938964844,806.0
2022-12-07 15:03:00,79.12999725341797,79.12999725341797,79.12999725341797,79.12999725341797,378.0
2022-12-07 15:04:00,,,,,
2022-12-07 15:05:00,,,,,
2022-12-07 15:06:00,79.1500015258789,79.1500015258789,79.11000061035156,79.12000274658203,1531.0
2022-12-07 15:07:00,79.1050033569336,79.1050033569336,79.08999633789062,79.08999633789062,733.0
2022-12-07 15:08:00,79.08000183105469,79.08000183105469,79.08000183105469,79.08000183105469,657.0
2022-12-07 15:09:00,79.05000305175781,79.05000305175781,79.05000305175781,79.05000305175781,390.0
2022-12-07 15:10:00,79.04000091552734,79.04100036621094,79.04000091552734,79.04000091552734,1051.0
2022-12-07 15:11:00,79.02999877929688,79.02999877929688,79.01000213623047,79.02999877929688,1984.0
2022-12-07 15:12:00,79.04000091552734,79.05999755859375,79.04000091552734,79.05999755859375,1638.0
2022-12-07 15:13:00,79.05000305175781,79.08999633789062,79.05000305175781,79.08999633789062,2410.0
2022-12-07 15:14:00,79.08999633789062,79.0999984741211,79.05999755859375,79.05999755859375,1890.0
2022-12-07 15:15:00,79.05999755859375,79.07869720458984,79.05999755859375,79.07869720458984,579.0
2022-12-07 15:16:00,79.09500122070312,79.12000274658203,79.09500122070312,79.12000274658203,697.0
2022-12-07 15:17:00,79.12000274658203,79.12000274658203,79.08000183105469,79.08999633789062,1426.0
2022-12-07 15:18:00,79.07080078125,79.08000183105469,79.05999755859375,79.05999755859375,2463.0
2022-12-07 15:19:00,79.05999755859375,79.06999969482422,79.05500030517578,79.05999755859375,1236.0
2022-12-07 15:20:00,79.06500244140625,79.06500244140625,79.0,79.0,1221.0
2022-12-07 15:21:00,79.0199966430664,79.0250015258789,79.0199966430664,79.0250015258789,767.0
2022-12-07 15:22:00,79.04000091552734,79.0447006225586,79.01000213623047,79.0447006225586,1295.0
2022-12-07 15:23:00,79.02999877929688,79.08000183105469,79.02999877929688,79.08000183105469,966.0
2022-12-07 15:24:00,79.06999969482422,79.08460235595703,79.06999969482422,79.08460235595703,1186.0
2022-12-07 15:25:00,79.06999969482422,79.06999969482422,79.06999969482422,79.06999969482422,806.0
2022-12-07 15:26:00,79.08360290527344,79.1050033569336,79.08360290527344,79.1050033569336,1458.0
2022-12-07 15:27:00,79.09500122070312,79.0999984741211,79.08999633789062,79.08999633789062,2029.0
2022-12-07 15:28:00,79.13300323486328,79.13300323486328,79.13300323486328,79.13300323486328,493.0
2022-12-07 15:29:00,79.12999725341797,79.12999725341797,79.0999984741211,79.12000274658203,2034.0
2022-12-07 15:30:00,79.12999725341797,79.1500015258789,79.12999725341797,79.1500015258789,1075.0
2022-12-07 15:31:00,79.1500015258789,79.19000244140625,79.13500213623047,79.16999816894531,2833.0
2022-12-07 15:32:00,79.16999816894531,79.16999816894531,79.16000366210938,79.16000366210938,2263.0
2022-12-07 15:33:00,79.16999816894531,79.16999816894531,79.16000366210938,79.16000366210938,1032.0
2022-12-07 15:34:00,79.12999725341797,79.16000366210938,79.12999725341797,79.16000366210938,2782.0
2022-12-07 15:35:00,79.16000366210938,79.16999816894531,79.1500015258789,79.1500015258789,2622.0
2022-12-07 15:36:00,79.1500015258789,79.1500015258789,79.13999938964844,79.1500015258789,1196.0
2022-12-07 15:37:00,79.1500015258789,79.1500015258789,79.13999938964844,79.13999938964844,2259.0
2022-12-07 15:38:00,,,,,
2022-12-07 15:39:00,79.16999816894531,79.16999816894531,79.16999816894531,79.16999816894531,1410.0
2022-12-07 15:40:00,79.18000030517578,79.19740295410156,79.16500091552734,79.16500091552734,1784.0
2022-12-07 15:41:00,79.18499755859375,79.18499755859375,79.1500015258789,79.16000366210938,2321.0
2022-12-07 15:42:00,79.16999816894531,79.18000030517578,79.16000366210938,79.16999816894531,2466.0
2022-12-07 15:43:00,79.17459869384766,79.17459869384766,79.13999938964844,79.13999938964844,3002.0
2022-12-07 15:44:00,79.12999725341797,79.1500015258789,79.12000274658203,79.1500015258789,1731.0
2022-12-07 15:45:00,79.1415023803711,79.1449966430664,79.1415023803711,79.1449966430664,814.0
2022-12-07 15:46:00,79.12000274658203,79.12000274658203,79.0999984741211,79.11000061035156,4914.0
2022-12-07 15:47:00,79.11000061035156,79.12000274658203,79.11000061035156,79.12000274658203,1278.0
2022-12-07 15:48:00,79.12999725341797,79.13999938964844,79.0999984741211,79.12000274658203,4759.0
2022-12-07 15:49:00,79.12000274658203,79.13999938964844,79.12000274658203,79.12000274658203,2034.0
2022-12-07 15:50:00,79.11000061035156,79.12999725341797,79.07499694824219,79.11000061035156,6527.0
2022-12-07 15:51:00,79.0999984741211,79.0999984741211,79.04000091552734,79.05999755859375,4362.0
2022-12-07 15:52:00,79.06999969482422,79.08000183105469,79.05999755859375,79.08000183105469,2054.0
2022-12-07 15:53:00,79.08499908447266,79.11000061035156,79.08499908447266,79.0999984741211,4562.0
2022-12-07 15:54:00,79.08999633789062,79.12000274658203,79.08000183105469,79.11000061035156,4669.0
2022-12-07 15:55:00,79.11000061035156,79.1500015258789,79.0999984741211,79.1500015258789,6020.0
2022-12-07 15:56:00,79.13999938964844,79.1500015258789,79.11499786376953,79.12000274658203,3685.0
2022-12-07 15:57:00,79.11000061035156,79.11000061035156,79.07499694824219,79.08000183105469,4924.0
2022-12-07 15:58:00,79.06999969482422,79.08000183105469,79.05999755859375,79.08000183105469,2412.0
2022-12-07 15:59:00,79.06999969482422,79.13999938964844,79.02999877929688,79.08999633789062,13442.0
